bridge_id,predicted_probability,current_deck_condition,current_superstructure_condition,current_substructure_condition,current_overall_condition,average_daily_traffic,scour_criticality,priority_score,priority_class
23_2629,0.9997888,4,4,5,4.0,13721.0,8,5.998732924461365,High
23_2806,0.9996972,3,5,5,3.0,16728.0,5,5.998183250427246,High
23_2499,0.9996929,4,4,5,4.0,16449.0,5,5.998157501220703,High
23_5808,0.9996666,4,6,5,4.0,16934.0,,5.997999429702759,High
23_3173,0.9994838,3,3,2,2.0,830.0,2,5.996902942657471,High
23_0833,0.99920136,4,6,2,2.0,71.0,2,5.995208144187927,High
23_3077,0.998898,4,6,6,4.0,13526.0,7,5.9933881759643555,High
23_3172,0.99883646,4,4,5,4.0,12879.0,,5.993018746376038,High
23_1472,0.9987955,4,5,5,4.0,16728.0,8,5.992773056030273,High
23_2016,0.99868256,3,4,5,3.0,16790.0,8,5.992095351219177,High
23_5804,0.99860114,4,4,4,4.0,10320.0,,5.991606831550598,High
23_1800,0.998473,3,4,2,2.0,158.0,2,5.990837931632996,High
23_2707,0.9983328,4,4,6,4.0,10165.0,8,5.989996790885925,High
23_5833,0.99826103,4,5,4,4.0,24130.0,,5.989566206932068,High
23_5800,0.9976655,4,6,5,4.0,25120.0,,5.985993146896362,High
23_5957,0.99746525,4,5,5,4.0,10232.0,,5.98479151725769,High
23_1427,0.99670523,4,6,5,4.0,25150.0,,5.980231404304504,High
23_5830,0.9964799,4,5,5,4.0,12430.0,,5.9788795709609985,High
23_5789,0.9961117,4,5,4,4.0,25340.0,,5.976670145988464,High
23_3039,0.99384683,4,5,4,4.0,18940.0,8,5.963081002235413,High
23_3827,0.9927239,4,5,5,4.0,14260.0,7,5.956343293190002,High
23_1799,0.9914853,4,4,2,2.0,177.0,2,5.948911786079407,High
23_0057,0.9890999,4,4,5,4.0,19242.0,,5.93459951877594,High
23_3610,0.9813064,4,4,4,4.0,11655.0,8,5.887838244438171,High
23_5721,0.98055136,4,5,5,4.0,16596.0,,5.883308172225952,High
23_2497,0.9633942,4,4,5,4.0,11473.0,8,5.780365347862244,High
23_1461,0.88175315,4,5,4,4.0,15250.0,,5.290518879890442,High
23_3341,0.9995906,4,3,4,3.0,1550.0,5,4.49815759062767,High
23_3179,0.99945706,4,5,5,4.0,3860.0,8,4.497556775808334,High
23_5281,0.9993393,4,4,5,4.0,1181.0,8,4.497026771306992,High
23_2415,0.9992576,4,4,4,4.0,2161.0,8,4.496659308671951,High
23_3708,0.9992385,4,4,5,4.0,8158.0,8,4.496573209762573,High
23_0563,0.9990416,4,4,4,4.0,8861.0,5,4.495687276124954,High
23_0487,0.9990319,3,4,4,3.0,1182.0,3,4.4956435561180115,High
23_3637,0.9989594,3,3,5,3.0,1900.0,7,4.4953173995018005,High
23_6050,0.99893814,4,6,6,4.0,4890.0,8,4.495221644639969,High
23_2024,0.99873894,4,6,6,4.0,3620.0,3,4.494325250387192,High
23_2192,0.9987244,4,6,5,4.0,2493.0,3,4.494259804487228,High
23_5654,0.9986638,4,6,5,4.0,5596.0,5,4.493987023830414,High
23_3417,0.99860483,4,5,5,4.0,1850.0,5,4.493721753358841,High
23_1524,0.9984511,4,5,5,4.0,6229.0,8,4.4930300116539,High
23_6079,0.9984511,4,5,5,4.0,5958.0,8,4.4930300116539,High
23_2918,0.998434,4,4,4,4.0,2080.0,8,4.492953032255173,High
23_6499,0.9983596,4,6,6,4.0,4890.0,4,4.492618292570114,High
23_5572,0.9983182,4,5,6,4.0,2790.0,7,4.492431879043579,High
23_5229,0.9983125,4,4,5,4.0,2214.0,,4.492406129837036,High
23_2991,0.99818426,4,4,6,4.0,2300.0,7,4.491829186677933,High
23_2276,0.9981199,4,4,6,4.0,1180.0,8,4.491539508104324,High
23_6078,0.99811375,4,6,6,4.0,3160.0,5,4.491511881351471,High
23_6141,0.99808156,4,6,6,4.0,3861.0,,4.491367042064667,High
23_6060,0.99806625,4,6,6,4.0,6360.0,5,4.491298109292984,High
23_1410,0.99798393,4,6,6,4.0,3270.0,4,4.490927696228027,High
23_6068,0.9979704,4,5,4,4.0,2967.0,,4.490866810083389,High
23_5118,0.9979431,3,4,4,3.0,2296.0,8,4.490743964910507,High
23_5188,0.9979284,4,4,5,4.0,1641.0,8,4.490677714347839,High
23_5798,0.9977488,4,5,5,4.0,3020.0,,4.489869564771652,High
23_1371,0.99772817,4,6,6,4.0,7825.0,,4.489776760339737,High
23_2530,0.9976826,4,4,4,4.0,1038.0,8,4.489571571350098,High
23_2332,0.9976646,4,5,5,4.0,1867.0,8,4.489490568637848,High
23_2724,0.997658,4,6,5,4.0,4760.0,8,4.489461064338684,High
23_5792,0.99761605,4,5,4,4.0,1728.0,,4.489272236824036,High
23_5934,0.99757606,4,6,4,4.0,1920.0,,4.489092260599136,High
23_5924,0.99750644,4,6,6,4.0,7915.0,8,4.488778978586197,High
23_3587,0.99741876,4,4,6,4.0,2255.0,8,4.488384425640106,High
23_3283,0.9974139,4,4,6,4.0,1920.0,8,4.488362431526184,High
23_0902,0.997269,4,6,5,4.0,1548.0,3,4.487710386514664,High
23_2571,0.9972364,4,4,5,4.0,1640.0,8,4.487563669681549,High
23_3699,0.9971558,4,4,5,4.0,1127.0,8,4.487201035022736,High
23_6152,0.9970503,4,6,5,4.0,3038.0,4,4.4867262840271,High
23_1376,0.9970499,4,5,4,4.0,4280.0,,4.486724674701691,High
23_5986,0.99697256,4,7,6,4.0,8970.0,,4.486376523971558,High
23_3696,0.99694806,4,4,4,4.0,1047.0,8,4.4862662851810455,High
23_5852,0.996606,4,4,5,4.0,2515.0,8,4.484726965427399,High
23_5815,0.9965855,4,6,4,4.0,2726.0,,4.484634697437286,High
23_3018,0.9962388,4,6,5,4.0,6683.0,4,4.483074724674225,High
23_5064,0.99592423,4,4,4,4.0,1008.0,8,4.4816590547561646,High
23_3886,0.99578166,4,6,6,4.0,2801.0,4,4.481017470359802,High
23_2272,0.9957717,4,4,5,4.0,4910.0,8,4.4809726774692535,High
23_5754,0.9956553,4,6,5,4.0,6398.0,,4.480448842048645,High
23_3017,0.99563956,4,5,4,4.0,5800.0,8,4.480378031730652,High
23_5123,0.9954596,4,4,5,4.0,1089.0,8,4.479568272829056,High
23_1447,0.9954521,4,5,5,4.0,8190.0,,4.479534476995468,High
23_5956,0.99532557,4,6,4,4.0,3819.0,8,4.4789650440216064,High
23_6082,0.99531883,4,6,5,4.0,2757.0,,4.478934735059738,High
23_2821,0.9953074,4,4,6,4.0,1195.0,3,4.478883236646652,High
23_2122,0.99521244,3,3,5,3.0,7854.0,8,4.47845596075058,High
23_2508,0.9951265,4,4,4,4.0,1331.0,3,4.478069186210632,High
23_5783,0.9949604,4,7,5,4.0,1709.0,,4.477321922779083,High
23_5823,0.99493235,4,5,4,4.0,8606.0,,4.477195590734482,High
23_1411,0.9948258,4,6,6,4.0,3270.0,,4.476716011762619,High
23_6077,0.99481946,4,6,6,4.0,3160.0,,4.476687580347061,High
23_2694,0.9945868,4,4,5,4.0,4700.0,8,4.475640714168549,High
23_3643,0.99442506,4,5,5,4.0,2930.0,8,4.474912762641907,High
23_3181,0.99440837,4,4,5,4.0,6000.0,5,4.47483766078949,High
23_3901,0.9942953,4,5,5,4.0,1140.0,7,4.474328845739365,High
23_2514,0.9941849,4,5,4,4.0,4239.0,8,4.4738321006298065,High
23_5263,0.99413764,4,4,6,4.0,4806.0,8,4.4736194014549255,High
23_2691,0.9939062,4,4,4,4.0,2210.0,5,4.472577899694443,High
23_2417,0.99390525,4,6,5,4.0,4464.0,8,4.472573608160019,High
23_5985,0.9937676,4,6,6,4.0,7220.0,,4.47195428609848,High
23_5393,0.9936894,4,5,6,4.0,9521.0,5,4.471602380275726,High
23_3165,0.99264187,4,5,5,4.0,1020.0,8,4.466888397932053,High
23_5884,0.9925057,4,6,7,4.0,9185.0,,4.466275781393051,High
23_2510,0.9918629,4,6,6,4.0,1796.0,8,4.4633830189704895,High
23_5720,0.99179524,4,5,4,4.0,9251.0,,4.463078588247299,High
23_2496,0.9915249,4,4,5,4.0,9693.0,8,4.461861938238144,High
23_2207,0.9912566,4,4,4,4.0,2861.0,8,4.460654675960541,High
23_5984,0.9912117,4,6,6,4.0,8530.0,,4.460452705621719,High
23_5893,0.99118805,4,6,5,4.0,6940.0,8,4.460346221923828,High
23_2504,0.9910971,4,4,4,4.0,4081.0,8,4.4599369168281555,High
23_2572,0.99048984,4,4,5,4.0,6037.0,5,4.457204282283783,High
23_3797,0.9903776,4,5,5,4.0,2291.0,8,4.456699222326279,High
23_3605,0.99022746,4,6,6,4.0,1532.0,8,4.456023573875427,High
23_5144,0.99009013,4,5,4,4.0,1263.0,8,4.455405592918396,High
23_2650,0.9900255,4,4,5,4.0,2241.0,8,4.455114841461182,High
23_2573,0.9898493,4,4,5,4.0,6037.0,5,4.454321980476379,High
23_5342,0.9895812,4,5,6,4.0,2440.0,4,4.453115522861481,High
23_1449,0.98945236,4,5,5,4.0,9250.0,,4.452535629272461,High
23_5079,0.9890175,4,6,6,4.0,1084.0,8,4.450578689575195,High
23_6080,0.98780185,4,5,5,4.0,8412.0,,4.445108324289322,High
23_2399,0.9877291,4,4,5,4.0,2640.0,3,4.4447808265686035,High
23_3279,0.9871394,4,5,5,4.0,1716.0,8,4.44212731719017,High
23_5236,0.98564655,4,4,6,4.0,1849.0,8,4.43540945649147,High
23_2124,0.9856361,4,4,5,4.0,6037.0,8,4.43536251783371,High
23_5002,0.98549205,4,4,5,4.0,1017.0,4,4.43471422791481,High
23_3534,0.98509836,4,4,6,4.0,3923.0,8,4.432942628860474,High
23_5073,0.9840789,4,5,5,4.0,2844.0,8,4.428354978561401,High
23_2168,0.98240924,3,5,5,3.0,5459.0,8,4.420841574668884,High
23_3297,0.9791444,4,4,5,4.0,2051.0,4,4.40614977478981,High
23_2221,0.97323745,4,5,5,4.0,4490.0,8,4.379568547010422,High
23_2356,0.97261524,4,4,5,4.0,3510.0,8,4.376768589019775,High
23_6121,0.96620077,4,4,5,4.0,3888.0,8,4.347903460264206,High
23_5989,0.89423275,4,5,6,4.0,8120.0,,4.024047374725342,High
23_0500,0.9998234,4,3,5,3.0,206.0,8,2.9994701743125916,High
23_3509,0.9997032,4,4,5,4.0,93.0,7,2.99910968542099,High
23_0189,0.9996979,4,6,4,4.0,130.0,8,2.999093770980835,High
23_0358,0.99969196,4,5,4,4.0,80.0,8,2.9990758895874023,High
23_0197,0.9996698,4,3,5,3.0,730.0,3,2.999009370803833,High
23_0318,0.99958247,4,3,4,3.0,435.0,3,2.998747408390045,High
23_0955,0.99952865,4,6,8,4.0,0.0,3,2.9985859394073486,High
23_3511,0.99947804,4,4,5,4.0,688.0,7,2.9984341263771057,High
23_6034,0.9994221,4,6,6,4.0,144.0,8,2.9982662200927734,High
23_3735,0.9993957,4,4,5,4.0,267.0,8,2.9981871843338013,High
23_3322,0.99935454,4,6,4,4.0,168.0,8,2.998063623905182,High
23_3612,0.9993405,4,5,4,4.0,846.0,8,2.998021423816681,High
23_0757,0.9992939,4,5,5,4.0,93.0,8,2.997881770133972,High
23_0676,0.9992092,4,3,6,3.0,92.0,5,2.9976276755332947,High
23_0940,0.99919575,4,5,4,4.0,10.0,3,2.997587263584137,High
23_2672,0.9991021,4,4,5,4.0,196.0,4,2.9973063468933105,High
23_3583,0.9990853,4,4,5,4.0,335.0,8,2.9972559213638306,High
23_3808,0.9990846,4,4,5,4.0,72.0,8,2.9972537755966187,High
23_5131,0.9990539,4,4,4,4.0,653.0,8,2.9971616864204407,High
23_3450,0.99887353,4,4,5,4.0,423.0,5,2.9966205954551697,High
23_2259,0.9987679,4,4,5,4.0,200.0,8,2.9963037371635437,High
23_5012,0.9986733,4,4,6,4.0,153.0,8,2.996019959449768,High
23_6389,0.99865985,3,6,5,3.0,10.0,4,2.9959795475006104,High
23_3921,0.9985876,4,4,5,4.0,180.0,3,2.995762825012207,High
23_5505,0.99858296,4,4,6,4.0,600.0,4,2.9957488775253296,High
23_6165,0.99854076,4,5,5,4.0,124.0,,2.9956222772598267,High
23_0209,0.99853766,4,4,5,4.0,284.0,8,2.9956129789352417,High
23_1113,0.9985215,3,6,1,1.0,14.0,0,2.9955645203590393,High
23_3787,0.9985202,4,4,4,4.0,821.0,8,2.995560586452484,High
23_3432,0.9985139,4,4,5,4.0,366.0,5,2.9955416321754456,High
23_5364,0.9983524,4,4,6,4.0,709.0,8,2.995057225227356,High
23_5465,0.998351,4,4,4,4.0,446.0,8,2.995052933692932,High
23_0163,0.99834967,4,4,5,4.0,100.0,4,2.995048999786377,High
23_1234,0.9981832,4,4,5,4.0,220.0,3,2.994549572467804,High
23_3493,0.99815434,4,4,6,4.0,604.0,8,2.99446302652359,High
23_5931,0.9980725,4,4,4,4.0,310.0,,2.9942175149917603,High
23_2065,0.9979401,4,4,4,4.0,445.0,8,2.993820369243622,High
23_2575,0.99792296,4,6,5,4.0,802.0,3,2.993768870830536,High
23_0561,0.99777114,4,4,4,4.0,127.0,3,2.993313431739807,High
23_1123,0.99776304,4,4,6,4.0,420.0,8,2.9932891130447388,High
23_5241,0.9976599,4,6,3,3.0,110.0,8,2.9929797649383545,High
23_0000S50018B0061,0.9976367,4,5,7,4.0,20.0,7,2.9929100275039673,High
23_5559,0.9975968,4,4,5,4.0,103.0,3,2.992790400981903,High
23_3284,0.9975643,4,6,4,4.0,356.0,8,2.9926929473876953,High
23_3380,0.9975114,4,5,6,4.0,299.0,4,2.9925341606140137,High
23_0844,0.99741864,4,5,5,4.0,22.0,8,2.992255926132202,High
23_0795,0.9972785,4,4,6,4.0,50.0,5,2.9918355345726013,High
23_3668,0.9972253,4,4,5,4.0,756.0,8,2.991675853729248,High
23_2587,0.99717134,4,5,4,4.0,423.0,8,2.991514027118683,High
23_3593,0.99714524,4,4,5,4.0,400.0,8,2.991435706615448,High
23_3933,0.99712014,4,7,5,4.0,616.0,8,2.9913604259490967,High
23_3056,0.99711716,4,4,5,4.0,545.0,8,2.9913514852523804,High
23_3805,0.9967991,4,4,5,4.0,276.0,8,2.990397334098816,High
23_5063,0.9967488,4,4,4,4.0,838.0,8,2.9902464151382446,High
23_1056,0.9967429,4,4,6,4.0,67.0,8,2.9902287125587463,High
23_3475,0.996705,4,4,5,4.0,712.0,8,2.990114986896515,High
23_1097,0.99660987,4,4,5,4.0,210.0,4,2.9898295998573303,High
23_2452,0.9965581,4,4,5,4.0,52.0,7,2.989674389362335,High
23_2338,0.9963971,4,4,5,4.0,300.0,8,2.989191234111786,High
23_5021,0.99638003,4,4,4,4.0,220.0,3,2.9891400933265686,High
23_3324,0.99630344,4,6,4,4.0,84.0,8,2.9889103174209595,High
23_00000000000S554,0.99626595,2,3,6,2.0,5.0,7,2.9887978434562683,High
23_5116,0.99626476,4,4,4,4.0,205.0,5,2.988794267177582,High
23_2520,0.99619544,4,5,5,4.0,41.0,3,2.9885863065719604,High
23_6325,0.9960543,4,5,6,4.0,372.0,8,2.988162875175476,High
23_2986,0.9958494,4,4,5,4.0,322.0,8,2.9875481128692627,High
23_0567,0.99573463,4,4,5,4.0,767.0,3,2.987203896045685,High
23_5105,0.9957243,4,4,4,4.0,123.0,8,2.9871729612350464,High
23_3825,0.99556065,4,5,5,4.0,378.0,5,2.9866819381713867,High
23_0611,0.9955585,4,6,6,4.0,98.0,5,2.986675500869751,High
23_0614,0.9954478,3,6,4,3.0,0.0,,2.9863434433937073,High
23_3741,0.99543506,4,4,6,4.0,831.0,8,2.9863051772117615,High
23_2761,0.99541736,4,7,5,4.0,308.0,8,2.9862520694732666,High
23_3042,0.99519265,4,4,5,4.0,200.0,3,2.985577940940857,High
23_3462,0.9950648,4,6,5,4.0,800.0,8,2.9851943850517273,High
23_6215,0.99467623,4,7,6,4.0,649.0,8,2.984028697013855,High
23_3427,0.9944149,4,4,5,4.0,267.0,8,2.983244776725769,High
23_3336,0.99440825,4,5,4,4.0,702.0,5,2.9832247495651245,High
23_0954,0.994262,4,4,6,4.0,63.0,3,2.982785940170288,High
23_1227,0.99416745,3,4,4,3.0,60.0,3,2.9825023412704468,High
23_0744,0.99401313,4,5,4,4.0,62.0,3,2.9820393919944763,High
23_3291,0.99366367,4,5,5,4.0,250.0,8,2.980991005897522,High
23_3152,0.9936126,4,5,6,4.0,736.0,8,2.9808377623558044,High
23_0000S50018B0021,0.9935597,4,6,3,3.0,20.0,8,2.980679154396057,High
23_0511,0.99336725,4,4,4,4.0,622.0,4,2.980101764202118,High
23_3515,0.99335456,4,6,5,4.0,268.0,5,2.9800636768341064,High
23_3382,0.99330527,4,5,5,4.0,677.0,8,2.9799157977104187,High
23_2730,0.99322826,4,5,5,4.0,31.0,3,2.9796847701072693,High
23_2478,0.9930582,4,5,5,4.0,421.0,8,2.9791746139526367,High
23_5978,0.99248946,4,5,6,4.0,992.0,3,2.9774683713912964,High
23_2159,0.99178326,4,6,4,4.0,412.0,5,2.9753497838974,High
23_5686,0.9912316,4,4,4,4.0,134.0,4,2.973694860935211,High
23_5067,0.99069476,4,5,5,4.0,50.0,8,2.9720842838287354,High
23_3364,0.9905662,4,5,6,4.0,788.0,8,2.971698582172394,High
23_2102,0.9902434,4,4,3,3.0,173.0,8,2.9707301259040833,High
23_3952,0.98977894,4,6,5,4.0,380.0,8,2.9693368077278137,High
23_3483,0.989359,4,5,5,4.0,738.0,3,2.968077063560486,High
23_0495,0.9878697,3,4,3,3.0,807.0,,2.963609039783478,High
23_5249,0.98724294,4,4,6,4.0,420.0,8,2.961728811264038,High
23_2380,0.98612857,4,3,2,2.0,147.0,4,2.958385705947876,High
23_3347,0.98380893,4,6,5,4.0,242.0,8,2.9514268040657043,High
23_5284,0.9810122,4,6,5,4.0,547.0,8,2.943036675453186,High
23_0257,0.9807458,3,6,6,3.0,207.0,4,2.942237377166748,High
23_2674,0.9748175,4,5,5,4.0,589.0,8,2.924452543258667,High
23_3745,0.9744605,4,6,6,4.0,634.0,8,2.9233814477920532,High
23_3345,0.84489655,4,2,3,2.0,60.0,8,2.5346896648406982,High
23_0424,0.5739308,5,4,5,4.0,61.0,5,1.1478615999221802,High
23_3321,0.27042842,5,5,4,4.0,1218.0,5,0.8112852573394775,High
23_0945,0.40275806,5,4,3,3.0,21.0,3,0.8055161237716675,High
23_2628,0.3904115,5,5,6,5.0,513.0,7,0.7808229923248291,High
23_6137,0.31216565,5,5,4,4.0,129.0,3,0.6243312954902649,High
23_3914,0.18789369,5,5,5,5.0,2328.0,8,0.5636810660362244,High
23_0769,0.25149035,5,5,5,5.0,14.0,5,0.5029807090759277,High
23_2344,0.16722138,5,4,4,4.0,1758.0,7,0.5016641467809677,High
23_1078,0.24956433,5,4,5,4.0,145.0,3,0.49912866950035095,High
23_3158,0.123714626,5,5,5,5.0,13952.0,,0.4948585033416748,High
23_2085,0.12352342,5,6,6,5.0,14512.0,,0.4940936863422394,High
23_2924,0.16358869,5,5,5,5.0,5922.0,8,0.4907660633325577,High
23_1515,0.24144253,5,5,4,4.0,800.0,8,0.48288506269454956,Medium
23_1245,0.22211207,5,5,7,5.0,540.0,4,0.44422414898872375,Medium
23_5494,0.11100549,5,5,2,2.0,291.0,2,0.44402197003364563,Medium
23_3897,0.21507004,5,5,5,5.0,174.0,8,0.43014007806777954,Medium
23_3391,0.20074853,5,5,5,5.0,66.0,3,0.4014970660209656,Medium
23_2854,0.1329955,5,4,5,4.0,8829.0,8,0.39898650348186493,Medium
23_2215,0.0991246,5,5,5,5.0,14450.0,3,0.3964984118938446,Medium
23_2990,0.131628,5,4,5,4.0,3509.0,8,0.39488402009010315,Medium
23_3309,0.13158764,5,5,5,5.0,1866.0,5,0.39476291835308075,Medium
23_3187,0.19589852,5,6,5,5.0,560.0,,0.3917970359325409,Medium
23_1076,0.19500636,5,5,5,5.0,145.0,4,0.3900127112865448,Medium
23_1516,0.19203599,5,5,5,5.0,722.0,8,0.3840719759464264,Medium
23_0794,0.18921013,5,5,4,4.0,19.0,8,0.37842026352882385,Medium
23_0649,0.18431821,5,5,6,5.0,72.0,3,0.36863642930984497,Medium
23_5270,0.18194872,5,5,4,4.0,116.0,5,0.363897442817688,Medium
23_3499,0.12031123,5,5,6,5.0,1367.0,8,0.36093369126319885,Medium
23_0884,0.17848964,5,6,5,5.0,21.0,8,0.35697928071022034,Medium
23_2106,0.11619194,5,5,5,5.0,3970.0,5,0.34857581555843353,Medium
23_3107,0.17399192,5,2,4,2.0,525.0,8,0.34798383712768555,Medium
23_3873,0.17044568,5,5,7,5.0,41.0,3,0.34089136123657227,Medium
23_3638,0.11103682,5,5,6,5.0,1264.0,4,0.3331104665994644,Medium
23_3043,0.16647178,5,4,5,4.0,44.0,8,0.33294355869293213,Medium
23_1009,0.16442397,5,6,5,5.0,262.0,4,0.3288479447364807,Medium
23_3574,0.16325797,5,5,5,5.0,753.0,8,0.32651594281196594,Medium
23_3995,0.10866522,5,5,5,5.0,1050.0,8,0.32599566131830215,Medium
23_6182,0.07996428,5,6,5,5.0,14700.0,,0.319857120513916,Medium
23_3904,0.10569392,5,5,5,5.0,1049.0,8,0.3170817643404007,Medium
23_3837,0.10464533,5,5,6,5.0,7281.0,,0.3139359802007675,Medium
23_1077,0.15592399,5,5,6,5.0,145.0,5,0.311847984790802,Medium
23_6011,0.10132221,5,6,5,5.0,4496.0,,0.30396663397550583,Medium
23_1075,0.15168637,5,5,5,5.0,145.0,4,0.30337274074554443,Medium
23_0627,0.14781766,5,4,6,4.0,378.0,4,0.29563531279563904,Medium
23_2114,0.144371,5,5,6,5.0,20.0,3,0.2887420058250427,Medium
23_5689,0.09531721,5,5,5,5.0,6236.0,8,0.2859516218304634,Medium
23_2457,0.09483693,5,5,5,5.0,7550.0,5,0.2845107838511467,Medium
23_2988,0.0908871,5,4,6,4.0,7764.0,8,0.2726612985134125,Medium
23_3142,0.13144857,5,5,5,5.0,362.0,4,0.2628971338272095,Medium
23_2018,0.08631926,5,6,5,5.0,6291.0,8,0.25895778089761734,Medium
23_3776,0.1228832,5,5,5,5.0,210.0,8,0.24576640129089355,Medium
23_3751,0.11886668,5,5,6,5.0,190.0,8,0.2377333641052246,Medium
23_1509,0.058072306,5,5,4,4.0,23700.0,,0.23228922486305237,Medium
23_3413,0.116103336,5,6,5,5.0,154.0,8,0.23220667243003845,Medium
23_2500,0.07634885,5,5,5,5.0,8100.0,7,0.2290465459227562,Medium
23_0714,0.055873454,5,4,2,2.0,240.0,2,0.2234938144683838,Medium
23_0076,0.07422342,5,5,4,4.0,1828.0,,0.2226702645421028,Medium
23_2540,0.054260887,5,5,6,5.0,10554.0,8,0.21704354882240295,Medium
23_3340,0.07177658,5,4,5,4.0,4526.0,8,0.21532972902059555,Medium
23_3559,0.07131371,5,5,5,5.0,1322.0,8,0.21394112706184387,Medium
23_0149,0.10644156,5,4,3,3.0,60.0,8,0.2128831148147583,Medium
23_5523,0.104313575,5,4,5,4.0,48.0,4,0.2086271494626999,Medium
23_5431,0.051385786,5,5,6,5.0,25640.0,,0.2055431455373764,Medium
23_0827,0.05050836,5,5,2,2.0,54.0,2,0.20203344523906708,Medium
23_3923,0.0662182,5,6,5,5.0,1595.0,8,0.19865459203720093,Medium
23_3371,0.099098295,5,5,5,5.0,167.0,4,0.19819658994674683,Medium
23_2585,0.06492305,5,5,5,5.0,7203.0,8,0.19476914405822754,Medium
23_3390,0.064742416,5,5,6,5.0,3860.0,8,0.19422724843025208,Medium
23_5272,0.06429467,5,5,6,5.0,1438.0,8,0.19288402050733566,Medium
23_2785,0.04813949,5,6,6,5.0,21774.0,8,0.19255796074867249,Medium
23_0171,0.048046988,6,5,2,2.0,126.0,2,0.19218795001506805,Medium
23_2450,0.09504682,5,5,5,5.0,704.0,3,0.19009363651275635,Medium
23_6138,0.04703023,5,3,2,2.0,52.0,2,0.18812091648578644,Medium
23_2789,0.06253025,5,5,5,5.0,3430.0,4,0.18759074807167053,Medium
23_3917,0.062206477,5,5,5,5.0,4415.0,8,0.18661943078041077,Medium
23_3804,0.092485756,5,5,5,5.0,287.0,8,0.18497151136398315,Medium
23_5271,0.058277268,5,5,6,5.0,1187.0,8,0.1748318038880825,Medium
23_3329,0.086376995,5,7,5,5.0,415.0,8,0.17275398969650269,Medium
23_3752,0.055993773,5,5,5,5.0,3454.0,8,0.167981319129467,Medium
23_6058,0.04145606,5,5,5,5.0,12354.0,,0.16582423448562622,Medium
23_2149,0.054625332,5,5,4,4.0,4513.0,5,0.1638759970664978,Medium
23_3730,0.079053305,5,5,6,5.0,902.0,7,0.15810661017894745,Medium
23_2116,0.07668407,5,7,6,5.0,649.0,8,0.15336814522743225,Medium
23_5722,0.050780263,5,6,5,5.0,2283.0,8,0.15234078839421272,Medium
23_2995,0.07533392,5,5,7,5.0,31.0,8,0.15066784620285034,Medium
23_2832,0.05004983,5,5,5,5.0,3112.0,8,0.15014949068427086,Medium
23_5485,0.074712664,5,6,5,5.0,920.0,4,0.14942532777786255,Medium
23_3648,0.073273316,5,4,5,4.0,309.0,8,0.1465466320514679,Medium
23_0063,0.04798077,5,5,4,4.0,2812.0,4,0.14394231140613556,Medium
23_3813,0.047646802,5,6,6,5.0,1092.0,8,0.14294040575623512,Medium
23_3243,0.04734493,5,5,5,5.0,1538.0,8,0.14203479140996933,Medium
23_3186,0.07099271,5,6,5,5.0,219.0,8,0.14198541641235352,Medium
23_2875,0.03317864,5,5,6,5.0,20052.0,8,0.13271455466747284,Medium
23_2577,0.03302034,5,5,5,5.0,16559.0,8,0.13208135962486267,Medium
23_3314,0.04372527,5,5,5,5.0,1297.0,8,0.13117581233382225,Medium
23_3430,0.06529748,5,5,6,5.0,369.0,8,0.13059495389461517,Medium
23_5025,0.038973078,5,6,5,5.0,1680.0,5,0.11691923439502716,Medium
23_5507,0.057767913,5,6,5,5.0,191.0,5,0.11553582549095154,Medium
23_3420,0.05748555,5,5,4,4.0,170.0,8,0.1149711012840271,Medium
23_2855,0.057257295,5,6,5,5.0,74.0,8,0.11451458930969238,Medium
23_1446,0.038124584,5,6,6,5.0,8970.0,4,0.11437375098466873,Medium
23_6144,0.028249776,5,6,6,5.0,15410.0,,0.11299910396337509,Medium
23_2896,0.053674407,5,4,5,4.0,550.0,8,0.10734881460666656,Medium
23_3252,0.035782125,5,5,5,5.0,1754.0,8,0.10734637454152107,Medium
23_1425,0.035293993,5,6,6,5.0,6500.0,,0.10588197782635689,Medium
23_3944,0.026427776,5,5,5,5.0,16250.0,8,0.10571110248565674,Medium
23_3794,0.052523717,5,5,5,5.0,51.0,4,0.10504743456840515,Medium
23_2454,0.052367285,5,5,4,4.0,151.0,7,0.10473456978797913,Medium
23_3095,0.034448497,5,5,5,5.0,2083.0,8,0.10334549099206924,Medium
23_5493,0.051572144,5,6,4,4.0,819.0,5,0.10314428806304932,Medium
23_3384,0.034365825,5,5,5,5.0,1202.0,8,0.10309747606515884,Medium
23_0721,0.102297045,7,6,8,6.0,31.0,4,0.10229704529047012,Medium
23_3166,0.051091902,5,5,5,5.0,243.0,8,0.10218380391597748,Medium
23_1216,0.05068267,5,5,4,4.0,30.0,8,0.1013653427362442,Medium
23_3127,0.03339989,5,6,5,5.0,1103.0,8,0.10019967332482338,Medium
23_5512,0.049765013,5,7,6,5.0,186.0,3,0.09953002631664276,Medium
23_3245,0.04950312,5,5,6,5.0,765.0,8,0.09900624305009842,Medium
23_5719,0.049211893,5,5,5,5.0,669.0,8,0.0984237864613533,Medium
23_3298,0.032788645,5,6,5,5.0,3450.0,,0.09836593642830849,Medium
23_6012,0.032693658,5,6,6,5.0,5516.0,,0.09808097407221794,Medium
23_0484,0.09792983,7,4,4,4.0,103.0,8,0.09792982786893845,Medium
23_2937,0.031983722,5,5,5,5.0,4612.0,7,0.09595116600394249,Medium
23_3259,0.031359002,5,5,4,4.0,1010.0,,0.09407700598239899,Medium
23_2944,0.0467241,5,5,4,4.0,158.0,7,0.0934481993317604,Medium
23_0135,0.04664298,5,5,6,5.0,10.0,4,0.09328596293926239,Medium
23_6001,0.04651878,5,5,6,5.0,538.0,8,0.09303756058216095,Medium
23_5828,0.022905326,5,6,5,5.0,27010.0,5,0.09162130206823349,Medium
23_5538,0.04572223,5,5,5,5.0,186.0,8,0.0914444625377655,Medium
23_2897,0.030458428,5,5,5,5.0,2224.0,8,0.09137528389692307,Medium
23_5190,0.030449258,5,5,5,5.0,1732.0,5,0.09134777449071407,Medium
23_2388,0.029609118,5,5,5,5.0,1480.0,7,0.08882735297083855,Medium
23_2996,0.044075347,5,4,5,4.0,240.0,8,0.08815069496631622,Medium
23_1501,0.0215585,5,5,7,5.0,16020.0,,0.08623400330543518,Medium
23_0554,0.0215585,5,5,6,5.0,16080.0,,0.08623400330543518,Medium
23_3385,0.04308333,6,3,5,3.0,90.0,3,0.08616665750741959,Medium
23_2293,0.021382557,5,5,5,5.0,10496.0,8,0.08553022891283035,Medium
23_2172,0.042537108,5,5,5,5.0,263.0,8,0.08507421612739563,Medium
23_3724,0.028162299,5,6,6,5.0,2276.0,8,0.08448689617216587,Medium
23_3351,0.027814437,5,6,5,5.0,1503.0,3,0.0834433101117611,Medium
23_1505,0.02073573,5,6,5,5.0,25630.0,5,0.0829429179430008,Medium
23_3383,0.04124838,5,6,5,5.0,74.0,8,0.0824967622756958,Medium
23_5616,0.020160682,5,5,5,5.0,33260.0,,0.08064272999763489,Medium
23_2978,0.026394777,5,5,5,5.0,1737.0,5,0.07918433099985123,Medium
23_2922,0.026081905,5,6,6,5.0,1521.0,8,0.07824571430683136,Medium
23_3614,0.038899224,5,5,6,5.0,820.0,8,0.07779844850301743,Medium
23_0589,0.03888102,5,6,4,4.0,153.0,4,0.07776203751564026,Medium
23_5257,0.025832856,5,7,7,5.0,1343.0,7,0.07749856822192669,Medium
23_2780,0.025415773,5,5,4,4.0,1011.0,4,0.0762473177164793,Medium
23_3893,0.025339212,5,7,6,5.0,1148.0,8,0.07601763680577278,Medium
23_0788,0.018939108,6,5,2,2.0,83.0,2,0.07575643062591553,Medium
23_3052,0.037210103,5,7,7,5.0,44.0,8,0.07442020624876022,Medium
23_5751,0.018524297,5,4,5,4.0,11740.0,8,0.07409718632698059,Medium
23_3785,0.023921937,5,5,5,5.0,2180.0,8,0.07176581025123596,Medium
23_3138,0.023848996,5,6,5,5.0,3693.0,4,0.07154698669910431,Medium
23_3445,0.023621714,5,6,6,5.0,1189.0,8,0.07086514122784138,Medium
23_2622,0.023080375,5,6,4,4.0,1193.0,3,0.06924112513661385,Medium
23_3088,0.01722861,5,5,5,5.0,43800.0,7,0.06891444325447083,Medium
23_6143,0.017114008,5,6,6,5.0,17833.0,,0.06845603138208389,Medium
23_5095,0.03400594,5,5,5,5.0,103.0,8,0.06801187992095947,Medium
23_2512,0.017001543,5,6,6,5.0,13710.0,5,0.06800617277622223,Medium
23_2281,0.033783887,5,5,5,5.0,134.0,4,0.06756777316331863,Medium
23_5791,0.016591568,5,6,7,5.0,25340.0,8,0.0663662701845169,Medium
23_2226,0.02201583,5,5,5,5.0,2270.0,8,0.06604749150574207,Medium
23_2945,0.022015112,5,5,5,5.0,1122.0,8,0.06604533456265926,Medium
23_6146,0.016419064,5,6,6,5.0,16567.0,5,0.0656762570142746,Medium
23_5690,0.021523079,5,5,6,5.0,2250.0,8,0.06456923671066761,Medium
23_3982,0.031930838,5,4,5,4.0,978.0,8,0.0638616755604744,Medium
23_5603,0.03186655,5,5,5,5.0,436.0,8,0.06373310089111328,Medium
23_3045,0.021222696,5,5,6,5.0,1090.0,8,0.06366808712482452,Medium
23_5339,0.021110466,5,6,4,4.0,3700.0,,0.06333139725029469,Medium
23_3366,0.03131662,5,4,3,3.0,62.0,4,0.06263323873281479,Medium
23_2031,0.015630974,6,4,4,4.0,10523.0,5,0.06252389401197433,Medium
23_3339,0.030935658,5,6,5,5.0,496.0,8,0.06187131628394127,Medium
23_3097,0.030239075,5,5,6,5.0,384.0,8,0.060478150844573975,Medium
23_3231,0.02009046,5,5,5,5.0,1073.0,8,0.060271382331848145,Medium
23_2100,0.029962236,5,6,6,5.0,616.0,8,0.059924472123384476,Medium
23_3122,0.019943379,5,5,5,5.0,2276.0,8,0.059830136597156525,Medium
23_1358,0.019582203,5,5,5,5.0,6840.0,5,0.05874660797417164,Medium
23_5533,0.029368617,5,5,5,5.0,927.0,3,0.05873723328113556,Medium
23_2845,0.029187033,5,5,4,4.0,20.0,8,0.0583740659058094,Medium
23_6089,0.019236377,5,6,6,5.0,2220.0,,0.05770912952721119,Medium
23_2618,0.014034096,5,5,4,4.0,10140.0,5,0.05613638460636139,Medium
23_1424,0.018371694,5,6,6,5.0,6500.0,5,0.05511508136987686,Medium
23_3331,0.018253217,5,6,6,5.0,1512.0,8,0.05475964955985546,Medium
23_5948,0.013530391,5,6,5,5.0,10160.0,,0.05412156507372856,Medium
23_3108,0.017681347,5,5,6,5.0,1322.0,8,0.053044041618704796,Medium
23_3486,0.013230452,5,5,5,5.0,24598.0,4,0.05292180925607681,Medium
23_0452,0.026445579,6,6,4,4.0,489.0,8,0.05289115756750107,Medium
23_1001,0.02623674,5,5,5,5.0,259.0,4,0.05247348174452782,Medium
23_5525,0.02619508,5,5,6,5.0,362.0,8,0.05239015817642212,Medium
23_3693,0.017304182,5,5,5,5.0,1180.0,3,0.051912546157836914,Medium
23_2026,0.017301075,5,5,5,5.0,3280.0,5,0.05190322548151016,Medium
23_3905,0.017230773,5,6,6,5.0,2218.0,8,0.05169232003390789,Medium
23_5972,0.012894811,5,7,5,5.0,15340.0,,0.05157924443483353,Medium
23_3585,0.025675394,5,5,5,5.0,550.0,8,0.05135078728199005,Medium
23_5834,0.01282081,5,6,6,5.0,27320.0,8,0.05128324031829834,Medium
23_3956,0.02505322,5,5,6,5.0,228.0,7,0.050106439739465714,Medium
23_1429,0.012521951,5,7,5,5.0,16610.0,,0.05008780583739281,Medium
23_6099,0.024782714,5,6,5,5.0,890.0,5,0.049565427005290985,Medium
23_1175,0.024780955,6,4,5,4.0,14.0,5,0.04956191033124924,Medium
23_2936,0.01643708,5,5,5,5.0,2270.0,8,0.04931123927235603,Medium
23_5563,0.016317826,5,6,5,5.0,4024.0,8,0.048953477293252945,Medium
23_5863,0.01629342,5,5,6,5.0,1212.0,8,0.048880258575081825,Medium
23_3238,0.024067454,5,5,5,5.0,515.0,8,0.04813490808010101,Medium
23_6174,0.023958718,5,6,6,5.0,160.0,,0.0479174368083477,Medium
23_3344,0.015936544,5,6,5,5.0,1051.0,7,0.04780963249504566,Medium
23_3354,0.023792457,5,6,5,5.0,860.0,8,0.04758491367101669,Medium
23_2250,0.015688179,5,5,5,5.0,1630.0,8,0.047064537182450294,Medium
23_2998,0.0116836615,5,6,7,5.0,14042.0,8,0.04673464596271515,Medium
23_2589,0.023193209,5,5,5,5.0,846.0,8,0.046386417001485825,Medium
23_0909,0.023153411,6,4,5,4.0,697.0,8,0.04630682244896889,Medium
23_5528,0.023078043,5,5,5,5.0,349.0,7,0.04615608602762222,Medium
23_2593,0.015372319,5,5,5,5.0,1153.0,8,0.04611695744097233,Medium
23_3356,0.015342417,5,5,4,4.0,1777.0,8,0.04602725151926279,Medium
23_6260,0.011494981,5,6,5,5.0,15503.0,8,0.045979924499988556,Medium
23_2526,0.022844058,5,6,5,5.0,420.0,4,0.04568811506032944,Medium
23_3226,0.015206669,5,5,6,5.0,2215.0,8,0.04562000837177038,Medium
23_2490,0.015147905,5,5,5,5.0,2112.0,4,0.04544371459633112,Medium
23_5529,0.022414869,5,6,5,5.0,720.0,3,0.04482973739504814,Medium
23_5311,0.022341954,5,5,6,5.0,310.0,7,0.04468390718102455,Medium
23_3067,0.022275912,5,6,5,5.0,547.0,8,0.044551823288202286,Medium
23_3613,0.014410278,5,5,5,5.0,1711.0,8,0.04323083348572254,Medium
23_5831,0.014397018,5,5,5,5.0,5770.0,,0.043191052973270416,Medium
23_2885,0.014261481,5,6,5,5.0,1335.0,3,0.04278444405645132,Medium
23_6167,0.01418661,5,6,5,5.0,2160.0,,0.042559828609228134,Medium
23_5048,0.0140347965,5,5,5,5.0,1280.0,8,0.042104389518499374,Medium
23_5605,0.021036757,5,5,5,5.0,217.0,8,0.04207351431250572,Medium
23_3425,0.020946197,5,5,5,5.0,117.0,3,0.0418923944234848,Medium
23_3146,0.020779526,5,5,5,5.0,92.0,8,0.04155905172228813,Medium
23_2529,0.020484373,5,5,5,5.0,143.0,4,0.040968745946884155,Medium
23_2279,0.013536942,5,6,6,5.0,2560.0,8,0.04061082657426596,Medium
23_3463,0.013515444,5,5,5,5.0,4004.0,8,0.040546330623328686,Medium
23_3971,0.020261973,5,5,5,5.0,248.0,4,0.0405239462852478,Medium
23_5510,0.020224176,5,5,6,5.0,191.0,3,0.040448352694511414,Medium
23_5410,0.013480401,5,5,5,5.0,1614.0,3,0.040441201999783516,Medium
23_0490,0.013478777,5,5,5,5.0,1480.0,8,0.04043633211404085,Medium
23_5450,0.020173967,5,6,6,5.0,402.0,8,0.040347933769226074,Medium
23_3472,0.020081066,5,5,5,5.0,671.0,8,0.04016213119029999,Medium
23_1407,0.013370538,5,6,6,5.0,2390.0,,0.040111614391207695,Medium
23_2484,0.013299481,5,5,6,5.0,2942.0,5,0.039898443035781384,Medium
23_0350,0.009969153,5,5,7,5.0,19720.0,,0.03987661376595497,Medium
23_1487,0.009969153,5,5,7,5.0,21350.0,,0.03987661376595497,Medium
23_2243,0.013252027,5,5,5,5.0,1308.0,3,0.039756081998348236,Medium
23_5408,0.013095382,5,5,6,5.0,1589.0,8,0.03928614500910044,Medium
23_3703,0.013070484,5,5,5,5.0,2000.0,7,0.03921145107597113,Medium
23_3057,0.019454218,5,5,6,5.0,629.0,8,0.03890843689441681,Medium
23_5778,0.012924409,5,6,6,5.0,1681.0,8,0.038773225620388985,Medium
23_3841,0.012909203,5,5,6,5.0,1872.0,8,0.038727608509361744,Medium
23_2552,0.019146882,5,5,5,5.0,697.0,7,0.03829376399517059,Medium
23_2160,0.009503862,5,6,6,5.0,17204.0,5,0.038015447556972504,Medium
23_2395,0.01254729,5,5,5,5.0,2051.0,4,0.037641869857907295,Medium
23_5929,0.036519933,8,8,6,6.0,91.0,5,0.03651993349194527,Medium
23_3257,0.012132222,6,6,7,6.0,4800.0,5,0.03639666549861431,Medium
23_5489,0.012129045,5,5,6,5.0,3711.0,8,0.03638713527470827,Medium
23_5003,0.011893612,5,5,5,5.0,4110.0,5,0.035680836997926235,Medium
23_2152,0.011837588,5,6,6,5.0,4835.0,8,0.03551276307553053,Medium
23_3148,0.011754633,5,5,5,5.0,1322.0,8,0.03526389878243208,Medium
23_3066,0.011730662,5,5,5,5.0,2280.0,8,0.035191984847187996,Medium
23_2298,0.017406132,5,5,5,5.0,527.0,8,0.034812264144420624,Medium
23_3831,0.01738016,5,5,5,5.0,716.0,8,0.03476031869649887,Medium
23_5915,0.011567065,5,6,5,5.0,5790.0,,0.03470119368284941,Medium
23_3963,0.011536297,5,5,5,5.0,5002.0,5,0.034608892165124416,Medium
23_5454,0.011526965,5,5,6,5.0,1141.0,5,0.03458089381456375,Medium
23_1491,0.011368733,5,7,6,5.0,9830.0,,0.03410619869828224,Medium
23_2424,0.011358887,5,6,6,5.0,8900.0,,0.03407666087150574,Medium
23_5399,0.011353694,5,6,6,5.0,1990.0,,0.03406108170747757,Medium
23_5464,0.017025474,5,5,5,5.0,348.0,8,0.03405094891786575,Medium
23_5832,0.00846506,5,5,4,4.0,27320.0,,0.03386024013161659,Medium
23_1507,0.00846506,5,5,4,4.0,27080.0,,0.03386024013161659,Medium
23_3137,0.01638003,5,6,6,5.0,474.0,5,0.03276006132364273,Medium
23_3758,0.016340949,5,5,5,5.0,689.0,8,0.0326818972826004,Medium
23_2919,0.016232055,5,5,4,4.0,28.0,8,0.03246410936117172,Medium
23_3023,0.01621668,5,5,6,5.0,956.0,8,0.03243336081504822,Medium
23_2183,0.010798092,5,5,3,3.0,9550.0,3,0.03239427600055933,Medium
23_5109,0.010767768,5,6,5,5.0,2536.0,8,0.03230330441147089,Medium
23_6176,0.010744413,5,5,6,5.0,2590.0,,0.03223324008285999,Medium
23_5180,0.016094808,5,5,5,5.0,688.0,8,0.032189615070819855,Medium
23_1473,0.015877867,5,5,5,5.0,629.0,4,0.031755734235048294,Medium
23_1460,0.007899982,5,5,5,5.0,13100.0,,0.03159992769360542,Medium
23_3307,0.015700614,5,5,5,5.0,616.0,5,0.03140122815966606,Medium
23_2090,0.015660943,5,5,4,4.0,599.0,3,0.03132188692688942,Medium
23_3373,0.015379877,5,5,5,5.0,779.0,3,0.03075975365936756,Medium
23_6557,0.010229441,5,6,5,5.0,2300.0,,0.030688324011862278,Medium
23_2631,0.010214819,5,6,6,5.0,2006.0,8,0.030644455924630165,Medium
23_5558,0.015319922,5,5,6,5.0,988.0,8,0.03063984401524067,Medium
23_2258,0.010153117,5,5,5,5.0,2211.0,8,0.03045934997498989,Medium
23_2286,0.010099779,5,7,5,5.0,3916.0,4,0.030299336649477482,Medium
23_6194,0.010090392,5,5,6,5.0,6088.0,,0.030271176248788834,Medium
23_5279,0.015045816,5,5,5,5.0,935.0,8,0.030091632157564163,Medium
23_3884,0.015013507,5,5,5,5.0,316.0,8,0.030027013272047043,Medium
23_6069,0.009974473,5,7,6,5.0,4120.0,8,0.02992341946810484,Medium
23_3419,0.014856375,5,5,4,4.0,21.0,8,0.029712749645113945,Medium
23_5561,0.014816606,5,5,6,5.0,199.0,7,0.029633212834596634,Medium
23_3337,0.014738173,5,5,5,5.0,702.0,3,0.02947634644806385,Medium
23_5740,0.009780163,5,5,5,5.0,1058.0,8,0.029340488836169243,Medium
23_5165,0.01465024,5,5,5,5.0,108.0,8,0.029300479218363762,Medium
23_3355,0.01457727,5,5,5,5.0,707.0,8,0.029154539108276367,Medium
23_5164,0.014573276,5,6,6,5.0,989.0,8,0.029146552085876465,Medium
23_1455,0.0072620935,5,5,6,5.0,10550.0,,0.02904837392270565,Medium
23_3073,0.014483937,5,5,5,5.0,778.0,8,0.028967874124646187,Medium
23_3506,0.014309335,5,7,6,5.0,950.0,5,0.028618669137358665,Medium
23_3828,0.009524708,5,5,5,5.0,8949.0,7,0.028574123047292233,Medium
23_5081,0.014203085,5,6,5,5.0,671.0,8,0.02840616926550865,Medium
23_5675,0.01420179,5,6,6,5.0,520.0,8,0.02840358018875122,Medium
23_3064,0.014112738,5,5,6,5.0,625.0,8,0.028225475922226906,Medium
23_5997,0.009377916,5,6,5,5.0,1116.0,,0.028133749030530453,Medium
23_5225,0.013980865,5,6,5,5.0,966.0,4,0.0279617290943861,Medium
23_5291,0.013942593,5,5,5,5.0,120.0,3,0.027885185554623604,Medium
23_5442,0.009145493,5,5,6,5.0,1331.0,8,0.027436478063464165,Medium
23_5193,0.013682165,5,6,6,5.0,619.0,8,0.027364330366253853,Medium
23_6105,0.013643836,5,5,6,5.0,372.0,8,0.027287671342492104,Medium
23_5617,0.00681981,5,6,6,5.0,30260.0,,0.027279239147901535,Medium
23_5906,0.008985157,5,6,4,4.0,1706.0,,0.026955471374094486,Medium
23_2580,0.008954383,5,5,5,5.0,2046.0,7,0.02686315029859543,Medium
23_2059,0.008949134,5,5,5,5.0,1527.0,8,0.026847400702536106,Medium
23_2377,0.008931456,5,5,5,5.0,2230.0,8,0.026794368401169777,Medium
23_3081,0.008898876,5,6,6,5.0,1016.0,8,0.026696627028286457,Medium
23_1391,0.008881218,5,6,6,5.0,2030.0,,0.02664365340024233,Medium
23_3903,0.008873108,5,6,6,5.0,1723.0,8,0.026619323529303074,Medium
23_5287,0.013238833,5,6,6,5.0,860.0,,0.026477666571736336,Medium
23_3552,0.0088235615,5,5,4,4.0,2830.0,8,0.026470684446394444,Medium
23_5312,0.006589322,6,6,5,5.0,14431.0,8,0.026357287541031837,Medium
23_5247,0.013131339,5,5,6,5.0,840.0,3,0.02626267820596695,Medium
23_3487,0.013080735,5,6,6,5.0,530.0,8,0.026161469519138336,Medium
23_3880,0.01305235,5,5,5,5.0,928.0,4,0.026104699820280075,Medium
23_2607,0.008688877,6,6,6,6.0,1751.0,4,0.026066632010042667,Medium
23_6037,0.012976762,5,5,6,5.0,335.0,8,0.025953523814678192,Medium
23_1219,0.012794235,6,5,6,5.0,362.0,7,0.025588469579815865,Medium
23_2238,0.006383093,5,6,6,5.0,12493.0,8,0.025532372295856476,Medium
23_3229,0.008463344,5,6,6,5.0,2872.0,5,0.025390030816197395,Medium
23_5842,0.012654562,5,5,5,5.0,68.0,4,0.02530912309885025,Medium
23_5265,0.008432758,5,5,6,5.0,1240.0,8,0.025298274122178555,Medium
23_1700006P0000000,0.00836554,5,5,7,5.0,1214.0,,0.025096619501709938,Medium
23_2048,0.0083254855,5,5,5,5.0,1625.0,8,0.02497645653784275,Medium
23_5976,0.008319484,5,5,5,5.0,2168.0,4,0.024958452209830284,Medium
23_2278,0.006206537,6,6,6,6.0,15860.0,7,0.02482614852488041,Medium
23_2858,0.008248279,5,5,5,5.0,1400.0,8,0.02474483661353588,Medium
23_1508,0.0061591538,5,6,6,5.0,27080.0,8,0.024636615067720413,Medium
23_2900,0.012278866,5,5,5,5.0,316.0,5,0.024557732045650482,Medium
23_3817,0.012276871,5,5,6,5.0,570.0,3,0.02455374225974083,Medium
23_2894,0.008122595,5,5,5,5.0,2774.0,8,0.024367785081267357,Medium
23_5618,0.006074677,5,5,5,5.0,33260.0,,0.024298708885908127,Medium
23_2687,0.00804917,5,5,5,5.0,1680.0,5,0.024147508665919304,Medium
23_5700,0.007928338,5,5,5,5.0,2114.0,8,0.02378501370549202,Medium
23_5958,0.007833206,5,6,5,5.0,1793.0,,0.023499618284404278,Medium
23_5784,0.011745491,5,5,5,5.0,464.0,,0.02349098213016987,Medium
23_6292,0.005849392,5,6,6,5.0,29400.0,,0.023397568613290787,Medium
23_5847,0.011596717,5,5,5,5.0,578.0,7,0.02319343388080597,Medium
23_3525,0.011505779,5,5,5,5.0,50.0,,0.02301155775785446,Medium
23_2581,0.0076602977,5,5,5,5.0,3967.0,4,0.022980893030762672,Medium
23_1005,0.011433625,6,6,5,5.0,42.0,8,0.022867249324917793,Medium
23_5298,0.0075653386,5,5,5,5.0,2611.0,8,0.022696015890687704,Medium
23_5699,0.011339871,5,5,6,5.0,667.0,8,0.02267974242568016,Medium
23_6081,0.007540401,5,5,5,5.0,2757.0,,0.02262120321393013,Medium
23_6104,0.011306737,5,5,6,5.0,372.0,8,0.02261347323656082,Medium
23_3447,0.011181441,5,5,5,5.0,520.0,8,0.022362882271409035,Medium
23_5130,0.0074498286,5,5,5,5.0,2924.0,8,0.02234948566183448,Medium
23_3833,0.011162415,5,6,6,5.0,809.0,8,0.022324830293655396,Medium
23_5801,0.0074319527,5,4,4,4.0,3497.0,,0.02229585824534297,Medium
23_5883,0.0073820306,5,5,6,5.0,3813.0,5,0.022146091796457767,Medium
23_2265,0.0055255503,6,5,5,5.0,14908.0,4,0.022102201357483864,Medium
23_3848,0.011022902,5,5,5,5.0,63.0,8,0.02204580418765545,Medium
23_0238,0.011000671,6,6,6,6.0,240.0,8,0.022001342847943306,Medium
23_5577,0.010994738,5,5,5,5.0,50.0,4,0.021989475935697556,Medium
23_5133,0.0109781325,5,5,5,5.0,659.0,7,0.021956264972686768,Medium
23_5377,0.007314648,5,5,7,5.0,2688.0,8,0.021943944040685892,Medium
23_3053,0.0072792363,5,5,5,5.0,2386.0,4,0.02183770900592208,Medium
23_2035,0.007265897,6,6,4,4.0,1131.0,8,0.021797691006213427,Medium
23_6345,0.010875252,6,6,6,6.0,20.0,5,0.02175050415098667,Medium
23_2760,0.010787035,5,5,6,5.0,502.0,8,0.021574070677161217,Medium
23_5432,0.010685467,5,6,6,5.0,764.0,8,0.021370934322476387,Medium
23_2617,0.0053102653,5,7,6,5.0,18813.0,8,0.02124106138944626,Medium
23_3205,0.010570654,5,5,6,5.0,774.0,7,0.021141307428479195,Medium
23_6299,0.005274382,5,6,5,5.0,30300.0,,0.02109752781689167,Medium
23_0786,0.021007583,7,7,5,5.0,10.0,3,0.021007582545280457,Medium
23_0399,0.020862507,7,4,5,4.0,100.0,5,0.020862506702542305,Medium
23_3753,0.010429868,5,6,6,5.0,390.0,8,0.02085973508656025,Medium
23_5982,0.010405604,5,6,6,5.0,430.0,,0.020811207592487335,Medium
23_0993,0.02070619,9,9,5,5.0,388.0,8,0.020706189796328545,Medium
23_3581,0.010286175,5,5,6,5.0,670.0,8,0.020572349429130554,Medium
23_5107,0.0067791035,5,5,6,5.0,4216.0,5,0.02033731061965227,Medium
23_1003,0.010086006,5,5,5,5.0,72.0,7,0.020172011107206345,Medium
23_2853,0.0099853985,5,5,5,5.0,262.0,3,0.01997079700231552,Medium
23_5635,0.0066126045,5,5,5,5.0,2240.0,8,0.019837813451886177,Medium
23_2960,0.0049527306,6,6,6,6.0,16604.0,7,0.01981092244386673,Medium
23_5711,0.006592316,5,5,6,5.0,4273.0,3,0.019776948262006044,Medium
23_1700019P0000000,0.006489613,6,5,5,5.0,1214.0,5,0.019468839280307293,Medium
23_3895,0.004837789,6,5,5,5.0,14062.0,4,0.019351156428456306,Medium
23_5087,0.009662114,5,5,5,5.0,500.0,3,0.019324228167533875,Medium
23_2416,0.009626435,5,5,5,5.0,226.0,8,0.019252870231866837,Medium
23_5626,0.0064176014,5,6,5,5.0,1694.0,5,0.01925280410796404,Medium
23_2738,0.009584932,5,5,5,5.0,882.0,8,0.019169863313436508,Medium
23_5889,0.0063865627,5,6,5,5.0,8260.0,,0.019159688148647547,Medium
23_2300,0.009506748,5,6,5,5.0,630.0,8,0.01901349611580372,Medium
23_2130,0.009483711,5,5,5,5.0,987.0,8,0.01896742172539234,Medium
23_3478,0.006317321,5,5,6,5.0,2167.0,8,0.018951963633298874,Medium
23_3293,0.006290027,5,5,6,5.0,1568.0,8,0.018870080821216106,Medium
23_1269,0.009406292,6,6,4,4.0,662.0,7,0.01881258375942707,Medium
23_0605,0.0062274304,5,5,5,5.0,4273.0,3,0.018682291265577078,Medium
23_3320,0.009298914,6,4,4,4.0,54.0,8,0.018597828224301338,Medium
23_5612,0.0061710677,5,6,5,5.0,1559.0,8,0.018513203132897615,Medium
23_5224,0.006150861,5,5,5,5.0,1292.0,8,0.01845258241519332,Medium
23_5765,0.00916091,5,5,6,5.0,192.0,3,0.018321819603443146,Medium
23_6159,0.006093509,5,6,6,5.0,1610.0,8,0.018280527088791132,Medium
23_5551,0.006062287,5,6,6,5.0,1437.0,8,0.018186860717833042,Medium
23_6039,0.006023819,6,6,5,5.0,1747.0,,0.018071457277983427,Medium
23_6331,0.0045107496,5,7,6,5.0,16697.0,8,0.018042998388409615,Medium
23_3760,0.008964795,5,6,6,5.0,407.0,8,0.01792958937585354,Medium
23_5588,0.008957617,5,5,5,5.0,269.0,4,0.017915233969688416,Medium
23_2055,0.0059584673,5,6,6,5.0,5738.0,3,0.0178754017688334,Medium
23_3507,0.008909552,6,5,4,4.0,277.0,8,0.017819104716181755,Medium
23_2624,0.0087903235,5,5,5,5.0,540.0,3,0.01758064702153206,Medium
23_3941,0.005838087,5,5,7,5.0,2071.0,3,0.017514260485768318,Medium
23_0192,0.008707679,6,7,4,4.0,203.0,3,0.017415357753634453,Medium
23_2816,0.004305672,5,5,4,4.0,24013.0,8,0.017222687602043152,Medium
23_2847,0.0042859223,5,6,5,5.0,11290.0,8,0.01714368909597397,Medium
23_6036,0.008547753,5,6,6,5.0,151.0,8,0.017095506191253662,Medium
23_5946,0.005570643,5,5,5,5.0,4408.0,3,0.016711929347366095,Medium
23_5338,0.005505905,5,6,6,5.0,8130.0,,0.01651771506294608,Medium
23_2649,0.005485309,5,5,5,5.0,1722.0,4,0.016455926466733217,Medium
23_5303,0.004096008,5,5,6,5.0,13270.0,8,0.016384031623601913,Medium
23_5189,0.008181848,5,5,6,5.0,370.0,3,0.01636369526386261,Medium
23_5306,0.008173703,5,5,6,5.0,700.0,8,0.016347406432032585,Medium
23_2105,0.00542813,5,5,5,5.0,4258.0,3,0.016284389421343803,Medium
23_0416,0.008136341,6,6,6,6.0,140.0,3,0.016272682696580887,Medium
23_1454,0.0054163192,5,5,5,5.0,8670.0,,0.016248957719653845,Medium
23_5995,0.0054106326,5,5,6,5.0,7910.0,,0.01623189775273204,Medium
23_3977,0.008108241,5,5,5,5.0,623.0,3,0.01621648110449314,Medium
23_0373,0.008106185,6,5,5,5.0,26.0,7,0.01621237024664879,Medium
23_2138,0.0053866315,5,5,5,5.0,2370.0,7,0.016159894410520792,Medium
23_6311,0.0040398864,5,6,6,5.0,12060.0,,0.0161595456302166,Medium
23_3694,0.008078501,5,6,5,5.0,610.0,8,0.01615700125694275,Medium
23_1389,0.0053528696,5,6,5,5.0,2410.0,,0.016058608889579773,Medium
23_1465,0.0040031914,5,5,5,5.0,13970.0,,0.0160127654671669,Medium
23_5907,0.005324338,5,5,5,5.0,2450.0,8,0.015973014291375875,Medium
23_0079,0.0053239972,5,6,5,5.0,2567.0,,0.015971991699188948,Medium
23_1534,0.003989547,5,6,5,5.0,10920.0,4,0.015958188101649284,Medium
23_6535,0.0039501204,5,6,6,5.0,35330.0,,0.015800481662154198,Medium
23_3048,0.007866109,5,5,5,5.0,870.0,8,0.015732217580080032,Medium
23_3659,0.00522208,5,5,6,5.0,2055.0,8,0.01566623942926526,Medium
23_6095,0.007762736,5,6,6,5.0,800.0,,0.015525472350418568,Medium
23_3892,0.007727849,5,5,5,5.0,360.0,8,0.015455697663128376,Medium
23_5066,0.007664467,5,5,5,5.0,948.0,5,0.015328934416174889,Medium
23_3575,0.0051058293,5,5,5,5.0,1099.0,8,0.015317487996071577,Medium
23_1441,0.0038276403,5,5,5,5.0,10360.0,,0.015310561284422874,Medium
23_2881,0.007625279,5,5,5,5.0,252.0,8,0.015250558033585548,Medium
23_5084,0.0075408183,6,4,5,4.0,114.0,8,0.015081636607646942,Medium
23_5993,0.0050129546,5,6,6,5.0,9750.0,,0.015038863755762577,Medium
23_5941,0.005012667,5,6,5,5.0,1140.0,8,0.015038000419735909,Medium
23_3134,0.0074936883,5,6,5,5.0,492.0,5,0.014987376518547535,Medium
23_5715,0.0049296743,5,5,6,5.0,1480.0,5,0.014789022970944643,Medium
23_2541,0.0049119503,5,6,6,5.0,4890.0,8,0.014735850971192122,Medium
23_2491,0.0048957323,5,7,6,5.0,7854.0,8,0.01468719681724906,Medium
23_2163,0.0073149283,5,5,5,5.0,430.0,8,0.014629856683313847,Medium
23_5543,0.007262269,5,5,5,5.0,735.0,3,0.014524538069963455,Medium
23_5567,0.0048249615,5,5,5,5.0,3270.0,7,0.014474884606897831,Medium
23_0613,0.0072160335,6,5,5,5.0,210.0,4,0.014432067051529884,Medium
23_1562,0.0035808417,5,6,4,4.0,10212.0,,0.014323366805911064,Medium
23_2831,0.0047701397,5,5,6,5.0,2356.0,8,0.014310419093817472,Medium
23_6296,0.0035753169,5,6,6,5.0,34780.0,,0.014301267452538013,Medium
23_1202,0.014226645,,,,,840.0,8,0.014226645231246948,Medium
23_5697,0.004728439,5,5,6,5.0,1090.0,8,0.014185316395014524,Medium
23_1510,0.0035171874,5,7,7,5.0,15640.0,5,0.014068749733269215,Medium
23_6268,0.0035171874,5,7,6,5.0,16310.0,5,0.014068749733269215,Medium
23_5894,0.0046741515,5,5,6,5.0,1096.0,4,0.014022454619407654,Medium
23_6294,0.0035007994,5,7,7,5.0,29400.0,,0.01400319766253233,Medium
23_6319,0.0034968192,5,7,5,5.0,10990.0,5,0.013987276703119278,Medium
23_0000S50018B0041,0.006981568,6,5,4,4.0,15.0,8,0.01396313589066267,Medium
23_6168,0.0046484955,5,5,5,5.0,1790.0,,0.013945486396551132,Medium
23_5345,0.0046422337,5,5,5,5.0,2445.0,8,0.01392670115455985,Medium
23_2883,0.004602917,6,6,5,5.0,5810.0,8,0.01380875101312995,Medium
23_0972,0.0045964266,5,5,5,5.0,2243.0,5,0.013789279852062464,Medium
23_0914,0.0068813264,5,6,6,5.0,359.0,8,0.01376265287399292,Medium
23_3684,0.006872306,5,5,5,5.0,591.0,,0.013744612224400043,Medium
23_1406,0.004570715,5,5,5,5.0,2180.0,,0.013712145388126373,Medium
23_6534,0.0034085244,5,6,6,5.0,35840.0,8,0.013634097762405872,Medium
23_5117,0.006816293,5,6,5,5.0,400.0,8,0.013632586225867271,Medium
23_1440,0.003395936,5,6,6,5.0,10360.0,5,0.013583743944764137,Medium
23_2974,0.004511268,5,5,5,5.0,2243.0,5,0.013533803634345531,Medium
23_5947,0.0033785964,5,6,6,5.0,10160.0,5,0.013514385558664799,Medium
23_2872,0.0044748243,5,5,4,4.0,3172.0,4,0.013424472883343697,Medium
23_3085,0.006703984,5,5,6,5.0,379.0,4,0.013407967984676361,Medium
23_2653,0.013368092,7,3,3,3.0,29.0,3,0.01336809154599905,Medium
23_2498,0.0066079833,5,5,5,5.0,400.0,4,0.013215966522693634,Medium
23_5161,0.0044043823,6,6,6,6.0,2439.0,4,0.013213146943598986,Medium
23_5253,0.004402593,5,5,6,5.0,1763.0,8,0.013207778334617615,Medium
23_092203000001041,0.0065958425,6,6,6,6.0,50.0,4,0.01319168508052826,Medium
23_0394,0.006545572,6,4,7,4.0,64.0,7,0.013091144151985645,Medium
23_5780,0.0043407558,5,5,5,5.0,3969.0,5,0.013022267259657383,Medium
23_2682,0.0042904746,5,5,5,5.0,2979.0,8,0.012871423736214638,Medium
23_3261,0.006416285,5,5,6,5.0,948.0,8,0.012832569889724255,Medium
23_3786,0.004256648,5,5,5,5.0,1523.0,8,0.012769944034516811,Medium
23_2173,0.0042293477,5,7,6,5.0,7978.0,4,0.012688043061643839,Medium
23_6298,0.0031661233,5,6,5,5.0,35000.0,,0.012664493173360825,Medium
23_5196,0.006286866,7,6,6,6.0,20252.0,4,0.012573732063174248,Medium
23_5404,0.006277956,5,7,5,5.0,402.0,5,0.012555912137031555,Medium
23_2582,0.004146551,5,5,5,5.0,6718.0,8,0.012439652346074581,Medium
23_5971,0.0062067164,5,6,6,5.0,342.0,,0.012413432821631432,Medium
23_5191,0.004136403,5,5,6,5.0,1179.0,7,0.01240920927375555,Medium
23_5785,0.0061562965,5,6,5,5.0,306.0,,0.012312592938542366,Medium
23_5756,0.004104174,5,5,5,5.0,3458.0,8,0.012312522623687983,Medium
23_6295,0.0030715142,5,6,6,5.0,34780.0,,0.012286056764423847,Medium
23_5980,0.0061189374,5,5,6,5.0,110.0,8,0.012237874791026115,Medium
23_1109,0.0060727713,6,4,4,4.0,30.0,8,0.012145542539656162,Medium
23_5054,0.0040339353,5,5,6,5.0,2521.0,8,0.01210180576890707,Medium
23_6148,0.0059539103,5,5,5,5.0,410.0,7,0.011907820589840412,Medium
23_1377,0.0029739167,5,6,5,5.0,11240.0,,0.01189566683024168,Medium
23_2928,0.0029712997,6,5,5,5.0,14546.0,8,0.011885198764503002,Medium
23_2957,0.005873744,5,6,6,5.0,463.0,8,0.01174748782068491,Medium
23_5788,0.0038492482,5,6,7,5.0,3330.0,,0.011547744506970048,Medium
23_2200,0.0038406297,5,5,5,5.0,8730.0,5,0.011521889129653573,Medium
23_5846,0.0038211006,5,6,5,5.0,1320.0,8,0.011463301721960306,Medium
23_6300,0.0028644688,5,7,6,5.0,30150.0,,0.011457875370979309,Medium
23_3834,0.0037767137,5,5,5,5.0,5030.0,3,0.011330141220241785,Medium
23_3130,0.003775112,5,7,6,5.0,1471.0,8,0.0113253362942487,Low
23_2818,0.005651775,5,5,6,5.0,735.0,8,0.011303549632430077,Low
23_0762,0.011292827,8,8,6,6.0,41.0,3,0.011292827315628529,Low
23_5964,0.0056380685,5,7,6,5.0,532.0,,0.011276137083768845,Low
23_2137,0.00558451,7,7,5,5.0,20390.0,8,0.01116902008652687,Low
23_2706,0.003628866,5,5,5,5.0,2800.0,4,0.010886598145589232,Low
23_1114,0.010845333,7,7,5,5.0,41.0,4,0.010845333337783813,Low
23_5071,0.0035846517,5,5,6,5.0,2210.0,8,0.010753955226391554,Low
23_0952,0.005299016,6,6,5,5.0,92.0,5,0.010598031803965569,Low
23_5127,0.005298438,5,5,5,5.0,580.0,8,0.01059687603265047,Low
23_5535,0.0035212792,5,5,6,5.0,1710.0,8,0.01056383759714663,Low
23_6044,0.005230427,6,6,5,5.0,196.0,8,0.010460853576660156,Low
23_0317,0.010445338,8,8,4,4.0,350.0,5,0.010445337742567062,Low
23_2771,0.0034698443,5,7,7,5.0,8925.0,8,0.01040953304618597,Low
23_3361,0.005204233,5,5,6,5.0,177.0,8,0.010408465750515461,Low
23_6541,0.0025901685,5,7,6,5.0,29050.0,,0.010360674001276493,Low
23_2034,0.003434193,5,6,6,5.0,1314.0,8,0.010302579263225198,Low
23_5277,0.0051313085,6,5,5,5.0,158.0,3,0.010262616910040379,Low
23_6209,0.0051110005,5,6,6,5.0,290.0,7,0.010222001001238823,Low
23_1331,0.0025262188,6,5,6,5.0,25580.0,5,0.010104875080287457,Low
23_2386,0.0033666412,5,5,6,5.0,6340.0,5,0.010099923703819513,Low
23_2690,0.003347113,5,5,5,5.0,9742.0,8,0.01004133909009397,Low
23_3721,0.0033437107,5,5,5,5.0,2837.0,8,0.010031132027506828,Low
23_1308,0.0024893722,6,5,6,5.0,30330.0,5,0.009957488626241684,Low
23_6227,0.0024893722,6,5,6,5.0,29680.0,5,0.009957488626241684,Low
23_2879,0.004976274,5,5,5,5.0,543.0,3,0.009952547959983349,Low
23_5170,0.0049723065,6,6,5,5.0,294.0,3,0.009944613091647625,Low
23_6070,0.003314128,5,4,6,4.0,4120.0,,0.00994238373823464,Low
23_2400,0.00495771,5,5,6,5.0,330.0,5,0.009915419854223728,Low
23_2759,0.0032644288,5,5,5,5.0,4700.0,8,0.009793286444619298,Low
23_5090,0.0032561,5,5,6,5.0,3156.0,4,0.00976829999126494,Low
23_5155,0.004867639,5,5,5,5.0,705.0,8,0.009735277853906155,Low
23_5314,0.0032342996,5,5,6,5.0,3610.0,8,0.009702898794785142,Low
23_0203,0.004847316,6,7,7,6.0,270.0,5,0.009694632142782211,Low
23_3554,0.0032176892,5,7,6,5.0,3210.0,3,0.00965306768193841,Low
23_5814,0.0024114284,5,6,6,5.0,10780.0,,0.009645713493227959,Low
23_6049,0.003211054,5,6,6,5.0,2680.0,8,0.009633162058889866,Low
23_2645,0.003204041,5,5,5,5.0,2332.0,7,0.009612122783437371,Low
23_5065,0.004765642,5,5,6,5.0,329.0,8,0.009531283751130104,Low
23_6256,0.0023529935,5,7,6,5.0,11040.0,,0.009411973878741264,Low
23_2686,0.0031327847,5,5,5,5.0,3950.0,8,0.009398354217410088,Low
23_1403,0.0031122304,5,6,6,5.0,2360.0,,0.009336691349744797,Low
23_1722,0.009144533,8,6,4,4.0,133.0,3,0.009144533425569534,Low
23_3657,0.0030443827,6,5,5,5.0,5527.0,8,0.00913314800709486,Low
23_5732,0.00451697,5,6,6,5.0,637.0,8,0.00903393980115652,Low
23_3732,0.0045099426,6,6,6,6.0,39.0,8,0.009019885212182999,Low
23_2822,0.0029799317,6,5,6,5.0,5516.0,5,0.008939794963225722,Low
23_3865,0.0044566635,5,5,6,5.0,631.0,8,0.008913327008485794,Low
23_6175,0.002970034,5,6,6,5.0,1415.0,,0.008910102071240544,Low
23_3561,0.0029529303,6,6,5,5.0,1263.0,5,0.008858790853992105,Low
23_6537,0.0022110508,5,7,6,5.0,36970.0,,0.008844203315675259,Low
23_5996,0.0029358813,5,7,6,5.0,1628.0,,0.00880764378234744,Low
23_5341,0.0029314654,5,6,6,5.0,2784.0,8,0.008794396184384823,Low
23_6163,0.0029109325,6,6,5,5.0,1450.0,8,0.00873279757797718,Low
23_1218,0.0043265875,6,8,8,6.0,110.0,8,0.008653175085783005,Low
23_2253,0.0028802345,5,6,6,5.0,1250.0,5,0.008640703512355685,Low
23_5806,0.0028600744,5,6,5,5.0,2652.0,,0.008580223191529512,Low
23_5186,0.0042870985,6,6,6,6.0,156.0,8,0.008574197068810463,Low
23_5638,0.0028165462,5,5,5,5.0,3130.0,8,0.008449638728052378,Low
23_5994,0.0042019906,5,6,6,5.0,750.0,,0.008403981104493141,Low
23_6042,0.0041655754,6,6,5,5.0,144.0,7,0.008331150747835636,Low
23_1195,0.0041312287,6,5,5,5.0,60.0,5,0.008262457326054573,Low
23_5586,0.004130242,6,6,5,5.0,506.0,8,0.008260483853518963,Low
23_3330,0.0020558918,6,5,5,5.0,12578.0,4,0.00822356715798378,Low
23_5473,0.0040639434,6,6,6,6.0,228.0,3,0.008127886801958084,Low
23_3078,0.0019907127,6,7,6,6.0,13867.0,8,0.007962850853800774,Low
23_1463,0.0026493764,5,7,5,5.0,1709.0,,0.007948129205033183,Low
23_2968,0.0039561735,5,5,5,5.0,384.0,3,0.007912347093224525,Low
23_1004,0.0039465125,6,5,5,5.0,50.0,3,0.007893024943768978,Low
23_3784,0.0052112467,,,,,2150.0,8,0.00781686999835074,Low
23_6379,0.0077909427,7,8,5,5.0,0.0,5,0.0077909426763653755,Low
23_6059,0.0025916263,6,6,6,6.0,6360.0,,0.0077748787589371204,Low
23_5353,0.0025897843,5,5,5,5.0,2924.0,7,0.007769352989271283,Low
23_5452,0.0038458563,5,6,5,5.0,590.0,5,0.007691712584346533,Low
23_2834,0.00256387,6,7,4,4.0,1230.0,4,0.007691610138863325,Low
23_3883,0.0037923728,5,5,6,5.0,492.0,8,0.007584745530039072,Low
23_3505,0.0075678886,8,6,6,6.0,233.0,4,0.007567888591438532,Low
23_5628,0.002520007,5,5,6,5.0,1161.0,5,0.007560021243989468,Low
23_0352,0.0050341478,7,5,5,5.0,1260.0,,0.007551221642643213,Low
23_3105,0.0024985382,5,6,6,5.0,7038.0,7,0.00749561470001936,Low
23_6324,0.0018715586,6,7,5,5.0,10891.0,,0.0074862344190478325,Low
23_6132,0.003717955,5,5,6,5.0,144.0,8,0.007435909938067198,Low
23_0798,0.003717505,7,7,2,2.0,352.0,2,0.007435009814798832,Low
23_1419,0.0024513425,5,7,6,5.0,3880.0,8,0.007354027591645718,Low
23_2010,0.0036014055,5,5,6,5.0,454.0,7,0.007202811073511839,Low
23_2505,0.0023625563,5,6,5,5.0,2880.0,8,0.0070876688696444035,Low
23_3718,0.0070768837,,,,,673.0,8,0.007076883688569069,Low
23_2735,0.002299327,5,5,5,5.0,1580.0,7,0.006897980812937021,Low
23_6297,0.0017073585,5,6,6,5.0,34780.0,,0.00682943407446146,Low
23_6538,0.0017073585,5,6,6,5.0,36970.0,,0.00682943407446146,Low
23_0498,0.006801167,7,7,7,7.0,159.0,8,0.006801167037338018,Low
23_3852,0.0022530935,5,5,6,5.0,2655.0,8,0.006759280571714044,Low
23_5479,0.00333796,5,5,5,5.0,380.0,7,0.006675919983536005,Low
23_3894,0.006643139,7,7,5,5.0,436.0,8,0.006643138825893402,Low
23_6473,0.0032964745,6,6,6,6.0,84.0,5,0.006592948921024799,Low
23_5172,0.0021860516,5,6,6,5.0,1720.0,4,0.006558154709637165,Low
23_6539,0.0016387376,5,7,6,5.0,37920.0,,0.0065549504943192005,Low
23_2899,0.0021739781,5,5,6,5.0,1830.0,8,0.006521934410557151,Low
23_1511,0.001625292,5,7,6,5.0,15640.0,,0.0065011680126190186,Low
23_6273,0.0021641953,5,7,6,5.0,9830.0,,0.006492585875093937,Low
23_5114,0.0032116172,5,5,5,5.0,154.0,3,0.006423234473913908,Low
23_6147,0.0021345823,5,6,6,5.0,5310.0,5,0.006403746781870723,Low
23_0289,0.0031978106,7,7,6,6.0,20240.0,,0.006395621225237846,Low
23_3109,0.0031928807,5,6,6,5.0,409.0,7,0.006385761313140392,Low
23_3733,0.0031886448,6,7,5,5.0,706.0,8,0.006377289537340403,Low
23_3033,0.0015795857,6,6,5,5.0,13870.0,5,0.006318342871963978,Low
23_2328,0.0021006314,5,7,6,5.0,3934.0,5,0.006301894085481763,Low
23_0365,0.0031420519,7,6,6,6.0,12062.0,,0.006284103728830814,Low
23_3705,0.0020762477,5,5,4,4.0,1170.0,8,0.0062287431210279465,Low
23_5076,0.0030964217,5,5,6,5.0,870.0,8,0.006192843429744244,Low
23_5362,0.0030827792,5,5,5,5.0,629.0,7,0.006165558472275734,Low
23_1382,0.0030089342,6,6,5,5.0,240.0,,0.006017868407070637,Low
23_3332,0.006003038,,,,,242.0,8,0.00600303802639246,Low
23_6035,0.0029789656,6,7,6,6.0,144.0,3,0.005957931280136108,Low
23_5641,0.0029655301,5,6,6,5.0,820.0,8,0.005931060295552015,Low
23_1502,0.0019646157,5,7,6,5.0,9510.0,,0.005893846973776817,Low
23_6272,0.0019646157,5,7,6,5.0,9410.0,,0.005893846973776817,Low
23_2812,0.0019319336,5,5,6,5.0,3147.0,4,0.005795800709165633,Low
23_0432,0.005775855,7,4,6,4.0,26.0,8,0.0057758549228310585,Low
23_3874,0.0038464097,7,6,7,6.0,4811.0,8,0.0057696145959198475,Low
23_0406,0.00575789,7,7,4,4.0,77.0,4,0.005757890176028013,Low
23_2601,0.0028722235,5,6,6,5.0,323.0,8,0.005744447000324726,Low
23_5313,0.0019128906,5,6,6,5.0,1060.0,8,0.005738671752624214,Low
23_6198,0.0019016187,6,6,5,5.0,1849.0,,0.005704856012016535,Low
23_1512,0.0014208264,5,6,6,5.0,15640.0,,0.00568330567330122,Low
23_6270,0.0014208264,5,6,6,5.0,16310.0,,0.00568330567330122,Low
23_5343,0.0028373473,5,6,6,5.0,832.0,5,0.005674694664776325,Low
23_6177,0.0018769348,6,5,6,5.0,2590.0,5,0.005630804342217743,Low
23_3381,0.0028039985,6,5,6,5.0,289.0,4,0.005607997067272663,Low
23_6321,0.0018426838,5,7,5,5.0,4211.0,,0.005528051289729774,Low
23_0070,0.0027078385,6,5,6,5.0,639.0,7,0.005415677092969418,Low
23_2590,0.0018001676,6,6,5,5.0,3362.0,8,0.005400502821430564,Low
23_5844,0.0026990743,6,6,6,6.0,480.0,5,0.00539814867079258,Low
23_6494,0.002667685,,6,5,5.0,16020.0,,0.0053353700786828995,Low
23_3674,0.0017756611,5,5,6,5.0,1051.0,8,0.005326983402483165,Low
23_0626,0.005326804,7,7,6,6.0,128.0,4,0.005326803773641586,Low
23_6536,0.0013098039,5,6,6,5.0,36970.0,,0.005239215679466724,Low
23_1531,0.0017423889,5,6,6,5.0,5365.0,8,0.0052271668100729585,Low
23_5782,0.0025837547,5,7,6,5.0,586.0,,0.00516750942915678,Low
23_2615,0.0017200885,6,7,5,5.0,4581.0,8,0.005160265602171421,Low
23_5091,0.002575085,5,5,5,5.0,867.0,8,0.005150170065462589,Low
23_5037,0.0025637152,5,5,5,5.0,420.0,7,0.00512743042781949,Low
23_3609,0.0017063039,5,5,6,5.0,4727.0,8,0.0051189117366448045,Low
23_0710,0.0050859186,7,6,6,6.0,62.0,5,0.005085918586701155,Low
23_3790,0.0050542667,8,5,6,5.0,905.0,3,0.005054266657680273,Low
23_1551,0.0016772249,5,7,6,5.0,7860.0,8,0.005031674634665251,Low
23_6091,0.0016765974,5,5,6,5.0,2500.0,,0.005029792198911309,Low
23_5568,0.0016734072,5,5,6,5.0,6210.0,8,0.005020221462473273,Low
23_0422,0.004942704,8,7,5,5.0,30.0,3,0.004942703992128372,Low
23_2220,0.0024490594,6,6,4,4.0,90.0,3,0.004898118786513805,Low
23_3928,0.0016275506,5,6,6,5.0,3500.0,8,0.004882651730440557,Low
23_2621,0.0016214341,5,5,5,5.0,4801.0,8,0.0048643023474141955,Low
23_1565,0.0012098766,5,6,5,5.0,21221.0,,0.0048395064659416676,Low
23_1484,0.0023992884,7,6,7,6.0,26740.0,5,0.0047985767014324665,Low
23_0344,0.0023992884,7,6,7,6.0,25070.0,5,0.0047985767014324665,Low
23_5600,0.0015994147,6,5,6,5.0,1129.0,5,0.004798244219273329,Low
23_0030,0.0023919232,5,6,7,5.0,316.0,5,0.004783846437931061,Low
23_3686,0.0031877295,7,7,6,6.0,6468.0,,0.004781594267114997,Low
23_6098,0.0023822507,6,6,6,6.0,390.0,,0.004764501471072435,Low
23_0059,0.001185984,6,6,7,6.0,14442.0,,0.004743936005979776,Low
23_6064,0.002358266,6,6,6,6.0,133.0,,0.004716531839221716,Low
23_6316,0.00235716,5,6,7,5.0,335.0,,0.004714319948107004,Low
23_6129,0.0023334448,6,6,5,5.0,560.0,,0.004666889552026987,Low
23_0349,0.0023259781,7,8,8,7.0,19720.0,,0.004651956260204315,Low
23_1486,0.0023259781,7,8,8,7.0,21350.0,,0.004651956260204315,Low
23_1213,0.0023163953,6,6,5,5.0,932.0,8,0.004632790572941303,Low
23_3466,0.0015322027,6,6,6,6.0,1747.0,8,0.004596608108840883,Low
23_5917,0.001527562,5,5,5,5.0,1068.0,3,0.0045826861169189215,Low
23_0287,0.0022913348,7,7,6,6.0,14020.0,,0.004582669585943222,Low
23_1490,0.0022913348,7,7,6,6.0,14400.0,,0.004582669585943222,Low
23_3974,0.0045316466,8,5,6,5.0,255.0,5,0.004531646613031626,Low
23_2284,0.004382222,,,,,260.0,3,0.004382221959531307,Low
23_5821,0.0014532959,5,5,6,5.0,2284.0,8,0.004359887796454132,Low
23_0088,0.004353839,7,8,4,4.0,78.0,3,0.004353838972747326,Low
23_0346,0.0021580749,7,6,6,6.0,23100.0,,0.004316149745136499,Low
23_1485,0.0021580749,7,6,6,6.0,24780.0,,0.004316149745136499,Low
23_0362,0.002837976,7,6,6,6.0,3740.0,,0.004256963962689042,Low
23_5255,0.0042392253,8,6,6,6.0,188.0,8,0.004239225294440985,Low
23_3476,0.0021059357,6,6,6,6.0,356.0,8,0.0042118714191019535,Low
23_1481,0.0020977845,7,5,6,5.0,25680.0,5,0.004195569083094597,Low
23_2088,0.0013819318,5,5,5,5.0,4410.0,8,0.004145795479416847,Low
23_1700004P0000000,0.002759872,7,6,7,6.0,1214.0,,0.004139808006584644,Low
23_2925,0.0013790354,6,5,6,5.0,3250.0,8,0.004137106239795685,Low
23_5795,0.0020624255,7,6,6,6.0,14260.0,,0.00412485096603632,Low
23_3258,0.0013717944,5,5,5,5.0,4300.0,,0.004115383140742779,Low
23_5877,0.0013652971,6,5,5,5.0,2480.0,8,0.00409589137416333,Low
23_5812,0.0020455264,5,6,6,5.0,292.0,,0.004091052804142237,Low
23_5361,0.0020305444,5,5,6,5.0,788.0,4,0.004061088897287846,Low
23_0855,0.0040271515,7,5,6,5.0,103.0,4,0.004027151502668858,Low
23_6096,0.001322979,6,6,5,5.0,2500.0,8,0.003968936973251402,Low
23_092203000001039,0.003949612,7,7,7,7.0,50.0,5,0.003949611913412809,Low
23_2397,0.001950486,5,5,4,4.0,32.0,4,0.0039009719621390104,Low
23_1529,0.001292727,5,6,5,5.0,1967.0,8,0.003878180868923664,Low
23_6033,0.0012921583,5,6,6,5.0,5553.0,,0.0038764748023822904,Low
23_2108,0.0012891225,5,5,5,5.0,5457.0,8,0.0038673675153404474,Low
23_5787,0.0009503519,6,6,6,6.0,18290.0,5,0.0038014075253158808,Low
23_5759,0.0012534782,5,6,5,5.0,2350.0,8,0.0037604346871376038,Low
23_1264,0.0018781689,6,6,5,5.0,352.0,3,0.0037563377991318703,Low
23_2639,0.0009364336,6,6,5,5.0,17042.0,,0.0037457344587892294,Low
23_6349,0.0018713439,6,6,5,5.0,0.0,5,0.0037426878698170185,Low
23_0551,0.0018705139,,6,6,6.0,16080.0,,0.0037410277873277664,Low
23_5983,0.0018576434,6,7,6,6.0,200.0,,0.0037152867298573256,Low
23_0525,0.0018471412,6,6,5,5.0,125.0,8,0.003694282379001379,Low
23_6312,0.0018416703,5,7,7,5.0,431.0,,0.0036833405029028654,Low
23_1138,0.00089831674,5,6,6,5.0,27170.0,5,0.0035932669416069984,Low
23_0430,0.0017907447,6,6,7,6.0,56.0,7,0.003581489436328411,Low
23_5817,0.00088894553,6,6,6,6.0,15870.0,5,0.0035557821393013,Low
23_5552,0.001175106,5,5,6,5.0,2051.0,8,0.0035253181122243404,Low
23_5619,0.0023403196,7,6,6,6.0,7389.0,8,0.003510479349642992,Low
23_5967,0.0011578916,6,6,6,6.0,3043.0,,0.0034736747620627284,Low
23_5522,0.0017364011,5,5,6,5.0,671.0,8,0.0034728022292256355,Low
23_5521,0.00086645974,6,6,5,5.0,11093.0,,0.0034658389631658792,Low
23_1341,0.0017277399,7,5,6,5.0,34410.0,5,0.0034554798621684313,Low
23_1483,0.0017277399,7,5,6,5.0,35170.0,5,0.0034554798621684313,Low
23_5088,0.0011516727,5,5,5,5.0,2870.0,8,0.003455018042586744,Low
23_2921,0.0011505915,6,6,5,5.0,7792.0,7,0.0034517745953053236,Low
23_1397,0.0011478782,6,6,6,6.0,1900.0,,0.0034436347195878625,Low
23_2797,0.0017181745,5,5,6,5.0,858.0,8,0.0034363490995019674,Low
23_0190,0.0011444902,6,6,5,5.0,1280.0,,0.0034334706142544746,Low
23_2449,0.0034282953,,,,,89.0,8,0.0034282952547073364,Low
23_6556,0.0008520034,6,6,5,5.0,29400.0,,0.0034080136101692915,Low
23_2123,0.0011240548,5,6,5,5.0,9584.0,8,0.0033721643267199397,Low
23_3918,0.0016668132,6,7,6,6.0,195.0,8,0.003333626314997673,Low
23_5712,0.0016631078,6,6,6,6.0,619.0,8,0.003326215548440814,Low
23_1700012P0000000,0.0008295046,6,7,7,6.0,12768.0,,0.003318018512800336,Low
23_2705,0.0008247728,6,6,6,6.0,19162.0,8,0.0032990912441164255,Low
23_6224,0.0008102673,6,7,6,6.0,31420.0,5,0.0032410691492259502,Low
23_6350,0.001613052,6,6,5,5.0,82.0,5,0.0032261039596050978,Low
23_3798,0.001603877,6,7,6,6.0,113.0,8,0.003207754110917449,Low
23_1477,0.0008003604,6,6,6,6.0,41190.0,,0.0032014416065067053,Low
23_3989,0.0015996882,6,7,4,4.0,62.0,5,0.0031993763986974955,Low
23_1466,0.00079857884,6,7,6,6.0,18790.0,5,0.0031943153589963913,Low
23_1359,0.0021294632,7,7,5,5.0,8420.0,5,0.0031941948691383004,Low
23_6085,0.0010637474,6,5,5,5.0,2760.0,,0.0031912423437461257,Low
23_2862,0.00079435075,5,5,5,5.0,10735.0,8,0.0031774030067026615,Low
23_5569,0.0015870476,5,5,6,5.0,683.0,4,0.003174095181748271,Low
23_6093,0.0015777376,6,6,6,6.0,330.0,,0.0031554752495139837,Low
23_2336,0.001036062,5,5,5,5.0,2854.0,3,0.0031081860652193427,Low
23_6134,0.0031080185,8,7,5,5.0,80.0,3,0.0031080185435712337,Low
23_6025,0.0015417587,6,6,6,6.0,385.0,8,0.0030835173092782497,Low
23_3953,0.0015405804,5,6,6,5.0,250.0,3,0.003081160830333829,Low
23_1199,0.0015394856,5,6,6,5.0,590.0,8,0.003078971290960908,Low
23_0011,0.0015324433,5,7,7,5.0,320.0,8,0.0030648866668343544,Low
23_5195,0.003055977,,,,,310.0,8,0.0030559769365936518,Low
23_6210,0.0010163535,5,6,5,5.0,1967.0,8,0.00304906046949327,Low
23_0316,0.0030443294,7,7,5,5.0,528.0,8,0.0030443293508142233,Low
23_6330,0.00076063443,6,6,6,6.0,40420.0,8,0.0030425377190113068,Low
23_3992,0.001516826,5,5,6,5.0,234.0,4,0.0030336519703269005,Low
23_6151,0.001515471,6,6,6,6.0,110.0,7,0.003030942054465413,Low
23_6046,0.0030298696,,,,,474.0,8,0.0030298696365207434,Low
23_1370,0.0010098948,5,6,6,5.0,7293.0,,0.003029684303328395,Low
23_6074,0.0020174666,7,6,6,6.0,2663.0,,0.003026199876330793,Low
23_0407,0.002993664,8,3,5,3.0,53.0,4,0.0029936640057712793,Low
23_6352,0.0014861404,6,6,6,6.0,20.0,5,0.002972280839458108,Low
23_2015,0.0009896675,6,6,6,6.0,5707.0,8,0.0029690024675801396,Low
23_2070,0.0014815016,5,5,7,5.0,227.0,8,0.002963003236800432,Low
23_5029,0.0014687427,5,5,5,5.0,516.0,5,0.0029374854639172554,Low
23_2595,0.0019534326,,,,,4732.0,8,0.0029301488539204,Low
23_5921,0.00097447686,6,5,5,5.0,2240.0,,0.0029234305839054286,Low
23_6075,0.00096876797,6,6,6,6.0,3270.0,,0.0029063039110042155,Low
23_2494,0.0009667045,5,6,5,5.0,1304.0,8,0.0029001135262660682,Low
23_3889,0.0028978002,,,,,390.0,8,0.0028978001791983843,Low
23_1034,0.0028568653,7,7,3,3.0,160.0,3,0.002856865292415023,Low
23_2282,0.0019036724,7,5,5,5.0,1722.0,7,0.002855508530046791,Low
23_3310,0.001900126,7,5,5,5.0,1690.0,4,0.00285018899012357,Low
23_6286,0.0007108089,6,6,5,5.0,10630.0,,0.002843235619366169,Low
23_1198,0.0027994383,7,7,5,5.0,40.0,3,0.002799438312649727,Low
23_3988,0.00092666905,6,6,6,6.0,1209.0,8,0.0027800071402452886,Low
23_3606,0.002779262,,,,,93.0,8,0.0027792619075626135,Low
23_2732,0.00138828,6,6,6,6.0,165.0,8,0.0027765599079430103,Low
23_6303,0.0006900938,6,5,5,5.0,14770.0,,0.002760375151410699,Low
23_5585,0.0027502652,,,,,402.0,8,0.0027502651792019606,Low
23_2979,0.0018329195,7,8,6,6.0,8333.0,8,0.0027493793168105185,Low
23_3464,0.0009081851,6,6,5,5.0,6892.0,8,0.0027245552628301084,Low
23_1520,0.00068078726,6,6,6,6.0,17110.0,5,0.0027231490239501,Low
23_5750,0.0013512367,7,6,7,6.0,18553.0,5,0.0027024734299629927,Low
23_3508,0.0017992544,7,7,6,6.0,6209.0,,0.0026988816680386662,Low
23_6083,0.0008935763,6,5,6,5.0,2220.0,,0.0026807289104908705,Low
23_1384,0.0008925186,6,6,5,5.0,2410.0,8,0.0026775558362714946,Low
23_6048,0.0008909624,5,6,6,5.0,4280.0,8,0.0026728871162049472,Low
23_5632,0.0013350873,6,6,6,6.0,803.0,8,0.0026701746974140406,Low
23_6280,0.00088532135,6,6,5,5.0,8051.0,,0.0026559640537016094,Low
23_1545,0.0008827207,6,6,4,4.0,3720.0,,0.002648162073455751,Low
23_1428,0.0013150985,7,6,6,6.0,23160.0,,0.00263019697740674,Low
23_6013,0.0017371278,,,,,1134.0,8,0.0026056916685774922,Low
23_3249,0.00086325075,6,6,6,6.0,1533.0,8,0.002589752257335931,Low
23_2322,0.0025883915,,,,,659.0,7,0.002588391536846757,Low
23_1488,0.0012935115,7,6,5,5.0,21350.0,,0.0025870229583233595,Low
23_5774,0.0012853036,5,6,6,5.0,590.0,8,0.0025706072337925434,Low
23_5100,0.0025625767,8,8,6,6.0,174.0,8,0.002562576672062278,Low
23_5922,0.00084319897,5,5,5,5.0,5770.0,,0.002529596909880638,Low
23_1401,0.0008420279,5,7,6,5.0,2360.0,7,0.002526083670090884,Low
23_1322,0.0012603542,7,5,6,5.0,24850.0,,0.002520708367228508,Low
23_6030,0.002509332,,,,,627.0,8,0.0025093320291489363,Low
23_0298,0.0008310692,6,7,7,6.0,9460.0,,0.002493207575753331,Low
23_0735,0.0024914737,7,6,8,6.0,92.0,4,0.002491473685950041,Low
23_5733,0.0012444212,6,6,5,5.0,361.0,8,0.0024888424668461084,Low
23_6276,0.00061924965,6,6,5,5.0,10890.0,,0.0024769986048340797,Low
23_2913,0.0006169995,6,7,5,5.0,11561.0,5,0.002467998070642352,Low
23_0000S50018B0033,0.002451298,8,8,8,8.0,20.0,8,0.0024512980598956347,Low
23_1540,0.0008128963,6,6,6,6.0,3167.0,5,0.0024386888835579157,Low
23_0548,0.00081243133,6,6,6,6.0,4271.0,,0.0024372939951717854,Low
23_5935,0.00081113057,6,6,6,6.0,1012.0,8,0.0024333916953764856,Low
23_5258,0.00081015413,6,6,5,5.0,1812.0,8,0.0024304623948410153,Low
23_0000S50018B0051,0.002412445,7,7,7,7.0,20.0,8,0.0024124449118971825,Low
23_6149,0.0016040419,7,7,7,7.0,9113.0,7,0.002406062849331647,Low
23_1478,0.0012020568,7,5,6,5.0,24900.0,,0.002404113532975316,Low
23_6021,0.0023852978,,,,,113.0,8,0.002385297790169716,Low
23_5695,0.0011900886,7,5,6,5.0,17780.0,8,0.0023801771458238363,Low
23_1385,0.0011819532,5,7,7,5.0,800.0,,0.0023639064747840166,Low
23_6113,0.0023481895,,,,,394.0,8,0.002348189475014806,Low
23_1494,0.001550613,7,5,7,5.0,9180.0,5,0.002325919456779957,Low
23_0837,0.002321978,8,8,4,4.0,154.0,4,0.002321978099644184,Low
23_2331,0.0011570262,5,5,5,5.0,538.0,3,0.0023140523117035627,Low
23_5809,0.0007678889,6,6,6,6.0,4820.0,,0.002303666726220399,Low
23_2025,0.0007662493,6,6,6,6.0,1320.0,8,0.0022987479460425675,Low
23_1046,0.0022898351,7,7,5,5.0,73.0,8,0.0022898351307958364,Low
23_0000S50018B0035,0.00228844,8,8,8,8.0,20.0,8,0.0022884400095790625,Low
23_5423,0.0011431049,,,,,16810.0,8,0.002286209724843502,Low
23_5835,0.0015054389,7,6,6,6.0,1900.0,,0.0022581584053114057,Low
23_5290,0.0022510514,,,,,80.0,8,0.002251051366329193,Low
23_2591,0.0005621706,6,6,6,6.0,15122.0,3,0.002248682314530015,Low
23_2249,0.0022355916,8,5,5,5.0,372.0,4,0.00223559164442122,Low
23_5427,0.0011098287,6,6,6,6.0,516.0,8,0.00221965741366148,Low
23_0799,0.0022161661,7,7,5,5.0,520.0,3,0.00221616611815989,Low
23_5694,0.0007357432,6,6,6,6.0,7158.0,8,0.0022072296123951674,Low
23_3937,0.0011015087,6,6,5,5.0,360.0,4,0.002203017473220825,Low
23_2610,0.0007312545,6,6,6,6.0,1228.0,8,0.0021937635610811412,Low
23_5970,0.001458295,7,5,5,5.0,9885.0,,0.002187442558351904,Low
23_2069,0.00072423095,6,6,5,5.0,1570.0,8,0.0021726928534917533,Low
23_0758,0.0010855111,6,7,6,6.0,60.0,5,0.002171022119000554,Low
23_3465,0.002169734,,,,,155.0,6,0.002169734099879861,Low
23_2842,0.0007223822,6,6,6,6.0,1167.0,8,0.0021671466529369354,Low
23_1548,0.0007199572,6,6,6,6.0,1140.0,8,0.0021598716848529875,Low
23_2246,0.001429145,7,7,7,7.0,9731.0,8,0.0021437174873426557,Low
23_1008,0.0010545875,6,6,6,6.0,31.0,8,0.002109175082296133,Low
23_5267,0.0010494316,6,6,6,6.0,230.0,8,0.002098863245919347,Low
23_5455,0.0010464829,6,6,5,5.0,445.0,4,0.002092965878546238,Low
23_1492,0.00069621735,6,6,6,6.0,9830.0,,0.00208865205058828,Low
23_5580,0.0020840515,,,,,144.0,8,0.0020840514916926622,Low
23_5793,0.0010380266,7,6,5,5.0,15720.0,,0.0020760532934218645,Low
23_2264,0.00069094467,5,6,6,5.0,9584.0,8,0.0020728340023197234,Low
23_5153,0.0010307826,5,5,5,5.0,683.0,8,0.002061565173789859,Low
23_3627,0.0006867635,6,6,6,6.0,1717.0,,0.002060290484223515,Low
23_1459,0.00051287253,6,6,6,6.0,15170.0,,0.0020514901261776686,Low
23_6291,0.0005068439,6,6,5,5.0,29400.0,,0.0020273756235837936,Low
23_5685,0.0013479501,7,4,5,4.0,3421.0,,0.0020219251164235175,Low
23_3791,0.001346851,7,5,5,5.0,6027.0,,0.0020202765008434653,Low
23_6043,0.0009990799,6,7,6,6.0,318.0,8,0.0019981598015874624,Low
23_092203000001030,0.0019925428,7,7,7,7.0,50.0,5,0.001992542762309313,Low
23_0080,0.0006638621,6,6,6,6.0,9460.0,,0.0019915862940251827,Low
23_6258,0.0006598475,6,6,7,6.0,7840.0,,0.001979542546905577,Low
23_3157,0.0006585917,6,6,6,6.0,3786.0,8,0.001975775056052953,Low
23_2623,0.00065802416,5,6,6,5.0,1144.0,8,0.001974072481971234,Low
23_1252,0.0019722898,7,7,6,6.0,530.0,3,0.0019722897559404373,Low
23_1029,0.0019630857,,,,,31.0,3,0.001963085727766156,Low
23_5944,0.0006514833,6,4,6,4.0,1170.0,4,0.0019544499227777123,Low
23_5843,0.0006505666,6,6,5,5.0,1416.0,8,0.0019516997854225338,Low
23_0060,0.00064732606,6,6,7,6.0,9316.0,,0.00194197817472741,Low
23_0277,0.00096583785,7,7,7,7.0,16740.0,7,0.001931675709784031,Low
23_0000S50018B0012,0.0019224882,7,7,7,7.0,50.0,8,0.0019224882125854492,Low
23_2844,0.0006405758,6,6,6,6.0,1907.0,8,0.0019217273220419884,Low
23_2440,0.00063681667,5,5,5,5.0,3404.0,7,0.0019104499951936305,Low
23_3622,0.0019077429,,,,,84.0,3,0.0019077429315075278,Low
23_3247,0.00062666944,6,6,5,5.0,4787.0,,0.0018800083198584616,Low
23_5607,0.0009395378,6,6,6,6.0,380.0,8,0.0018790755420923233,Low
23_0509,0.0012463733,,,,,1075.0,8,0.0018695599283091724,Low
23_00000000000S001,0.0018585569,7,7,8,7.0,5.0,7,0.0018585568759590387,Low
23_1489,0.0009283021,7,7,6,6.0,17050.0,7,0.0018566042417660356,Low
23_5179,0.0009275511,6,7,7,6.0,528.0,8,0.0018551022512838244,Low
23_5713,0.00061588146,6,6,6,6.0,2050.0,8,0.0018476443947292864,Low
23_2263,0.0006158351,6,6,6,6.0,9131.0,8,0.0018475052202120423,Low
23_5854,0.0009130878,6,6,6,6.0,118.0,8,0.0018261756049469113,Low
23_3296,0.0009040336,5,6,6,5.0,775.0,8,0.0018080672016367316,Low
23_0761,0.001804853,8,8,8,8.0,54.0,3,0.00180485297460109,Low
23_3626,0.0018019617,7,6,5,5.0,41.0,5,0.0018019616836681962,Low
23_3968,0.00060036953,6,6,5,5.0,2872.0,8,0.0018011085921898484,Low
23_0250,0.0008994978,6,6,5,5.0,419.0,4,0.0017989956540986896,Low
23_2791,0.00059933076,6,5,6,5.0,6109.0,5,0.0017979922704398632,Low
23_1265,0.0017889257,7,7,5,5.0,613.0,5,0.0017889257287606597,Low
23_2982,0.0008915233,6,5,5,5.0,751.0,8,0.0017830466385930777,Low
23_6022,0.0008888693,6,7,6,6.0,277.0,8,0.0017777385655790567,Low
23_6164,0.00059022475,6,5,5,5.0,2230.0,8,0.0017706742510199547,Low
23_3357,0.0017630208,,,,,344.0,8,0.0017630207585170865,Low
23_2802,0.0008795408,7,7,7,7.0,17709.0,8,0.0017590816132724285,Low
23_6178,0.0005832969,6,6,5,5.0,2590.0,7,0.001749890623614192,Low
23_6281,0.00043343144,6,6,6,6.0,36530.0,8,0.001733725774101913,Low
23_0578,0.0008650783,6,8,8,6.0,100.0,8,0.001730156596750021,Low
23_3761,0.0005764598,6,6,6,6.0,8082.0,5,0.0017293794080615044,Low
23_0288,0.0011486231,7,7,5,5.0,1610.0,,0.0017229345976375043,Low
23_1204,0.0017146678,,,,,430.0,8,0.001714667771011591,Low
23_0652,0.0008570542,7,7,2,2.0,37.0,2,0.0017141083953902125,Low
23_00000000000S551,0.0017089791,7,8,5,5.0,2.0,8,0.0017089791363105178,Low
23_2681,0.00042670872,6,6,6,6.0,10680.0,5,0.0017068348824977875,Low
23_5739,0.000851951,6,6,5,5.0,341.0,5,0.0017039020312950015,Low
23_6341,0.0008513631,6,6,6,6.0,38.0,5,0.0017027262365445495,Low
23_2753,0.00084921933,5,7,6,5.0,513.0,5,0.0016984386602416635,Low
23_6340,0.0016925265,7,6,5,5.0,528.0,5,0.0016925265081226826,Low
23_2830,0.0016867251,,,,,171.0,8,0.001686725066974759,Low
23_5909,0.0016825548,,,,,241.0,3,0.0016825548373162746,Low
23_0086,0.0011203511,7,5,7,5.0,8920.0,5,0.0016805267077870667,Low
23_6314,0.00055878505,6,7,6,6.0,5274.0,,0.0016763551393523812,Low
23_1458,0.0008375056,7,6,6,6.0,17030.0,5,0.001675011240877211,Low
23_5553,0.0005582804,6,5,5,5.0,3647.0,7,0.001674841158092022,Low
23_0934,0.0016636114,,,,,92.0,8,0.0016636113869026303,Low
23_1200,0.00082005165,6,7,8,6.0,50.0,4,0.001640103291720152,Low
23_5724,0.0010882549,7,5,6,5.0,8124.0,3,0.001632382278330624,Low
23_3290,0.00081397523,6,6,6,6.0,72.0,3,0.0016279504634439945,Low
23_5816,0.00040157733,6,6,6,6.0,15870.0,,0.0016063093207776546,Low
23_6171,0.0007977373,6,7,7,6.0,50.0,,0.0015954745467752218,Low
23_6309,0.0005287757,6,6,4,4.0,4672.0,8,0.0015863270382396877,Low
23_6158,0.0015861033,,,,,195.0,8,0.0015861033461987972,Low
23_3079,0.0005250438,6,7,4,4.0,8231.0,8,0.0015751314349472523,Low
23_3771,0.0015735638,7,8,8,7.0,114.0,8,0.0015735637862235308,Low
23_5292,0.0015698307,,,,,314.0,8,0.0015698306960985065,Low
23_1333,0.00078453514,,7,6,6.0,27050.0,5,0.001569070271216333,Low
23_1482,0.00078453514,,7,6,6.0,27380.0,5,0.001569070271216333,Low
23_5990,0.0010456174,8,6,6,6.0,8120.0,5,0.0015684260870330036,Low
23_1513,0.00039143793,6,7,7,6.0,14770.0,,0.0015657517360523343,Low
23_2027,0.0010364264,7,6,6,6.0,3290.0,7,0.0015546396025456488,Low
23_6307,0.00038389096,6,7,6,6.0,10002.0,,0.0015355638461187482,Low
23_0351,0.00076756923,7,5,5,5.0,19720.0,,0.0015351384645327926,Low
23_0816,0.00038349116,6,6,7,6.0,30260.0,,0.0015339646488428116,Low
23_5708,0.00051101454,6,6,6,6.0,2066.0,5,0.0015330436290241778,Low
23_5718,0.0005087585,6,6,5,5.0,2924.0,8,0.0015262754168361425,Low
23_0939,0.0007615279,6,7,7,6.0,9.0,5,0.0015230558346956968,Low
23_3983,0.0015130962,8,6,5,5.0,826.0,8,0.001513096154667437,Low
23_6053,0.0004987854,5,6,6,5.0,1800.0,8,0.001496356213465333,Low
23_5820,0.00074394565,8,6,5,5.0,12470.0,,0.001487891306169331,Low
23_3800,0.0009761931,8,7,6,6.0,6729.0,7,0.0014642896712757647,Low
23_6313,0.0007306168,6,6,5,5.0,853.0,,0.001461233594454825,Low
23_5920,0.0007269346,6,6,6,6.0,92.0,8,0.001453869161196053,Low
23_1059,0.0014530524,7,8,8,7.0,84.0,5,0.0014530523912981153,Low
23_6086,0.0004834687,6,6,5,5.0,2760.0,,0.0014504060964100063,Low
23_5608,0.00048178423,6,6,5,5.0,2197.0,8,0.0014453526819124818,Low
23_2597,0.00047656833,6,6,5,5.0,1268.0,8,0.0014297049783635885,Low
23_3773,0.000714078,6,6,6,6.0,639.0,8,0.0014281560434028506,Low
23_5899,0.00047481604,6,6,7,6.0,3470.0,8,0.0014244481280911714,Low
23_6128,0.00070788583,6,6,6,6.0,390.0,8,0.0014157716650515795,Low
23_6555,0.00047108319,6,6,5,5.0,1849.0,,0.0014132495562080294,Low
23_6489,0.0014053957,7,8,8,7.0,67.0,4,0.0014053956838324666,Low
23_0246,0.00046496812,6,6,6,6.0,2146.0,8,0.0013949043641332537,Low
23_6032,0.0004640175,6,6,6,6.0,3653.0,,0.0013920525088906288,Low
23_5620,0.0009213621,8,8,6,6.0,9490.0,,0.001382043119519949,Low
23_0557,0.0009190408,,,,,1033.0,8,0.0013785612245555967,Low
23_5156,0.0013768334,,,,,326.0,8,0.0013768334174528718,Low
23_0332,0.00045587678,6,6,6,6.0,6246.0,,0.0013676303497049958,Low
23_5890,0.00045563545,6,7,7,6.0,9650.0,5,0.001366906362818554,Low
23_0631,0.0013646114,8,8,8,8.0,160.0,4,0.0013646114384755492,Low
23_1214,0.00090889574,8,8,4,4.0,1793.0,6,0.001363343617413193,Low
23_1456,0.0006804321,8,6,7,6.0,10550.0,5,0.001360864145681262,Low
23_5938,0.0013492948,,,,,288.0,8,0.0013492947909981012,Low
23_3702,0.00065446924,6,6,6,6.0,630.0,3,0.0013089384883642197,Low
23_0041,0.0013079814,8,8,8,8.0,373.0,,0.0013079814380034804,Low
23_0740,0.0013034939,7,7,7,7.0,22.0,4,0.0013034938601776958,Low
23_2219,0.0006506779,7,7,6,6.0,15590.0,8,0.0013013557763770223,Low
23_0000S50018B0031,0.0013001399,8,7,7,7.0,20.0,7,0.0013001399347558618,Low
23_6127,0.0012972003,,,,,390.0,8,0.0012972003314644098,Low
23_0726,0.0012934715,7,6,6,6.0,144.0,7,0.001293471548706293,Low
23_5747,0.00043035418,6,6,7,6.0,7465.0,8,0.0012910625373478979,Low
23_3076,0.0003181891,6,6,6,6.0,33048.0,8,0.0012727563735097647,Low
23_3316,0.00042146377,6,6,5,5.0,7669.0,8,0.0012643913214560598,Low
23_2014,0.0006305883,5,7,7,5.0,690.0,8,0.0012611766578629613,Low
23_1381,0.00062894676,6,6,6,6.0,750.0,5,0.001257893512956798,Low
23_1061,0.001255029,7,6,6,6.0,25.0,5,0.0012550289975479245,Low
23_6109,0.0006256331,6,6,6,6.0,341.0,7,0.0012512662215158343,Low
23_3360,0.00062546355,6,6,6,6.0,564.0,8,0.0012509271036833525,Low
23_0306,0.00062293635,7,6,7,6.0,14020.0,,0.0012458726996555924,Low
23_3484,0.0004146067,6,6,6,6.0,1673.0,4,0.0012438201229088008,Low
23_1017,0.00062123296,6,7,7,6.0,196.0,8,0.001242465921677649,Low
23_6533,0.00031036392,6,6,6,6.0,32110.0,,0.0012414556695148349,Low
23_3836,0.000820819,8,8,6,6.0,7219.0,8,0.0012312284961808473,Low
23_6344,0.0012296144,7,5,6,5.0,776.0,5,0.0012296143686398864,Low
23_3418,0.0008182478,7,7,5,5.0,2440.0,8,0.0012273716856725514,Low
23_1700018P0000000,0.00081088446,7,7,7,7.0,1214.0,5,0.0012163266947027296,Low
23_5841,0.00080785033,,,,,4173.0,5,0.0012117754959035665,Low
23_0918,0.0012105798,,,,,193.0,8,0.0012105797650292516,Low
23_6184,0.00040255662,6,6,5,5.0,2414.0,4,0.0012076698476448655,Low
23_3374,0.0006000429,6,6,6,6.0,632.0,3,0.001200085855089128,Low
23_2967,0.00039554315,6,6,6,6.0,7380.0,5,0.001186629437142983,Low
23_5254,0.0011828284,,,,,97.0,8,0.0011828284477815032,Low
23_3180,0.00039411266,6,6,6,6.0,1490.0,8,0.0011823379900306463,Low
23_5892,0.00078722066,7,6,6,6.0,8056.0,8,0.0011808309936895967,Low
23_0545,0.001171956,7,7,5,5.0,283.0,,0.0011719559552147985,Low
23_5309,0.0005822559,,,,,380.0,2,0.001164511777460575,Low
23_0923,0.00038772888,6,7,6,6.0,1148.0,8,0.0011631866509560496,Low
23_1552,0.00028977162,6,6,6,6.0,12180.0,,0.0011590864742174745,Low
23_6275,0.00057902286,7,6,6,6.0,40420.0,,0.0011580457212403417,Low
23_6343,0.00057866285,6,6,6,6.0,742.0,5,0.001157325692474842,Low
23_2304,0.00028871157,6,7,6,6.0,10176.0,5,0.001154846278950572,Low
23_5772,0.00057679834,6,6,6,6.0,308.0,3,0.0011535966768860817,Low
23_5275,0.00038300527,6,6,6,6.0,1214.0,8,0.0011490158212836832,Low
23_1533,0.00038282893,6,7,6,6.0,4992.0,,0.0011484868009574711,Low
23_3542,0.00057352753,6,7,6,6.0,402.0,8,0.0011470550671219826,Low
23_3470,0.0011458991,7,7,5,5.0,973.0,8,0.0011458990629762411,Low
23_0831,0.0011362989,7,7,7,7.0,10.0,3,0.001136298873461783,Low
23_0369,0.00028375105,6,7,6,6.0,15521.0,,0.0011350042186677456,Low
23_3527,0.00113015,8,8,7,7.0,28.0,4,0.0011301500489935279,Low
23_3591,0.0011211023,,,,,969.0,8,0.0011211022501811385,Low
23_0408,0.0011201196,7,7,8,7.0,130.0,5,0.0011201195884495974,Low
23_6238,0.00037231794,6,6,6,6.0,1438.0,8,0.0011169538192916662,Low
23_1563,0.00037197256,6,6,5,5.0,2223.0,,0.001115917693823576,Low
23_2165,0.00037169253,6,6,5,5.0,4271.0,8,0.001115077582653612,Low
23_5888,0.00037145198,6,6,6,6.0,8260.0,,0.0011143559531774372,Low
23_5919,0.00055711914,6,6,6,6.0,155.0,8,0.0011142382863909006,Low
23_0941,0.0011109092,8,8,8,8.0,10.0,8,0.0011109091574326158,Low
23_3408,0.00055022415,6,7,6,6.0,170.0,8,0.001100448309443891,Low
23_5651,0.00027472145,6,6,6,6.0,12194.0,8,0.00109888578299433,Low
23_5880,0.00036558846,6,6,6,6.0,1169.0,8,0.0010967653943225741,Low
23_1457,0.00027243057,6,6,6,6.0,10860.0,,0.0010897222673520446,Low
23_2542,0.00036140857,6,7,6,6.0,5210.0,5,0.0010842257179319859,Low
23_0986,0.0010841257,,,,,30.0,8,0.0010841257171705365,Low
23_6063,0.00035901836,6,6,7,6.0,4660.0,5,0.0010770550870802253,Low
23_092203000001040,0.0005384476,6,7,6,6.0,50.0,5,0.0010768951615318656,Low
23_6203,0.00035772967,6,7,7,6.0,6807.0,8,0.0010731890215538442,Low
23_1096,0.0005349896,6,6,5,5.0,357.0,8,0.001069979160092771,Low
23_2964,0.00070933066,,,,,1481.0,8,0.0010639959946274757,Low
23_1169,0.0010592368,8,7,8,7.0,20.0,8,0.0010592368198558688,Low
23_6061,0.0007059893,8,6,6,6.0,3057.0,,0.0010589839657768607,Low
23_2275,0.0007011917,,,,,1050.0,8,0.001051787578035146,Low
23_1398,0.0005179269,6,6,5,5.0,560.0,,0.0010358537547290325,Low
23_1495,0.00068549596,7,6,7,6.0,9180.0,,0.00102824394707568,Low
23_0731,0.0010197621,8,8,8,8.0,50.0,3,0.0010197621304541826,Low
23_1240,0.0010194732,7,8,8,7.0,100.0,8,0.0010194731876254082,Low
23_3514,0.0005076375,6,6,6,6.0,330.0,8,0.0010152750182896852,Low
23_6493,0.0005065739,7,6,7,6.0,14400.0,,0.0010131477611139417,Low
23_6249,0.00025240274,6,6,6,6.0,29740.0,,0.0010096109472215176,Low
23_3844,0.0003348923,6,6,6,6.0,2460.0,8,0.0010046769166365266,Low
23_2734,0.0002510515,6,6,5,5.0,12802.0,8,0.0010042060166597366,Low
23_00000000000S555,0.0010035244,8,7,7,7.0,25.0,8,0.00100352440495044,Low
23_1558,0.00025085028,6,6,6,6.0,16550.0,5,0.0010034011211246252,Low
23_6318,0.000334054,6,7,6,6.0,4992.0,,0.0010021619964390993,Low
23_5192,0.00066764146,8,7,7,7.0,2254.0,8,0.0010014621948357671,Low
23_3902,0.00066715357,,,,,1090.0,8,0.0010007303499151021,Low
23_6097,0.00033323714,6,6,5,5.0,2500.0,,0.0009997114248108119,Low
23_5154,0.0004983981,6,6,6,6.0,152.0,4,0.0009967961814254522,Low
23_0642,0.0009957051,8,8,5,5.0,460.0,8,0.0009957051370292902,Low
23_5749,0.00065881544,,,,,2851.0,8,0.0009882231533993036,Low
23_6269,0.00024615915,6,6,6,6.0,16310.0,,0.0009846366010606289,Low
23_2637,0.000324199,6,6,6,6.0,1008.0,8,0.0009725970157887787,Low
23_0000S50018B0032,0.0009708802,8,8,8,8.0,30.0,7,0.0009708802099339664,Low
23_2023,0.00096772466,7,5,5,5.0,133.0,8,0.0009677246562205255,Low
23_0364,0.0006408982,8,6,6,6.0,5770.0,,0.0009613472793716937,Low
23_1467,0.0006408982,8,6,7,6.0,7090.0,,0.0009613472793716937,Low
23_0665,0.00095929025,7,7,7,7.0,96.0,8,0.0009592902497388422,Low
23_6020,0.0003195513,6,7,6,6.0,9899.0,,0.0009586538944859058,Low
23_2599,0.00023838074,6,5,5,5.0,12820.0,8,0.000953522976487875,Low
23_0625,0.0004766004,6,5,7,5.0,235.0,8,0.0009532007970847189,Low
23_2333,0.00031740408,6,6,5,5.0,7670.0,8,0.0009522122272755951,Low
23_6540,0.00023772048,6,7,6,6.0,36310.0,,0.0009508819202892482,Low
23_0037,0.00063388527,7,7,7,7.0,6009.0,,0.0009508279035799205,Low
23_6000,0.00063302106,8,7,7,7.0,9750.0,5,0.0009495315898675472,Low
23_3781,0.0009484103,7,6,5,5.0,482.0,8,0.0009484103065915406,Low
23_0000S50018B0034,0.0009446659,8,8,8,8.0,30.0,8,0.000944665924180299,Low
23_3970,0.0004708913,6,6,6,6.0,583.0,8,0.0009417826076969504,Low
23_3727,0.00031382643,6,6,5,5.0,1845.0,8,0.0009414792875759304,Low
23_2232,0.00031227537,6,7,6,6.0,3173.0,8,0.0009368261089548469,Low
23_5177,0.0009334801,,,,,74.0,8,0.0009334800997748971,Low
23_2513,0.0003102172,6,7,5,5.0,1968.0,8,0.000930651614908129,Low
23_2262,0.0002298639,6,7,6,6.0,17897.0,5,0.0009194556041620672,Low
23_2662,0.00045820654,6,6,6,6.0,784.0,3,0.0009164130897261202,Low
23_6532,0.00022812071,6,6,6,6.0,28580.0,,0.000912482850253582,Low
23_5367,0.00090613303,,,,,935.0,3,0.0009061330347321928,Low
23_1700025P0000000,0.00045251488,6,6,7,6.0,275.0,5,0.0009050297667272389,Low
23_5742,0.00045204992,6,6,5,5.0,639.0,8,0.0009040998411364853,Low
23_3195,0.0009036741,,,,,283.0,8,0.0009036741103045642,Low
23_6348,0.0009032183,7,6,6,6.0,11.0,8,0.0009032182861119509,Low
23_6308,0.00029993415,6,6,6,6.0,6043.0,,0.0008998024568427354,Low
23_2889,0.00089964824,,,,,999.0,8,0.0008996482356451452,Low
23_0000S50018B0013,0.00089801336,7,8,7,7.0,30.0,8,0.0008980133570730686,Low
23_5649,0.00029896776,6,6,7,6.0,8420.0,8,0.0008969032787717879,Low
23_2314,0.0002988948,6,7,5,5.0,4543.0,8,0.0008966843888629228,Low
23_2981,0.00059584563,8,8,7,7.0,4050.0,5,0.0008937684469856322,Low
23_3664,0.00029699702,6,6,6,6.0,2418.0,8,0.0008909910684451461,Low
23_6225,0.00059288286,7,6,7,6.0,1970.0,,0.0008893242920748889,Low
23_3072,0.00044365678,6,6,6,6.0,105.0,8,0.0008873135666362941,Low
23_3879,0.0005897965,,,,,3700.0,8,0.0008846947748679668,Low
23_3301,0.00022061077,6,7,5,5.0,12007.0,8,0.0008824430988170207,Low
23_0039,0.0008802866,7,7,6,6.0,587.0,,0.0008802866213954985,Low
23_6142,0.0005851026,8,6,6,6.0,8800.0,,0.0008776538888923824,Low
23_1700033P0000000,0.0005828511,,,,,6816.0,5,0.000874276680406183,Low
23_5459,0.00029097142,6,6,6,6.0,1745.0,8,0.0008729142718948424,Low
23_5049,0.00057938526,,,,,2127.0,4,0.0008690778922755271,Low
23_2362,0.0002888958,6,6,6,6.0,7562.0,4,0.0008666873909533024,Low
23_1205,0.0008640853,,,,,330.0,8,0.0008640852756798267,Low
23_3636,0.0002871852,6,6,6,6.0,6320.0,8,0.0008615555707365274,Low
23_1498,0.0005721175,7,7,6,6.0,6280.0,,0.0008581762667745352,Low
23_0100,0.0005721175,7,7,7,7.0,5980.0,,0.0008581762667745352,Low
23_1378,0.0002850178,6,6,6,6.0,7983.0,,0.0008550533966626972,Low
23_0828,0.0008493509,8,8,6,6.0,62.0,4,0.0008493508794344962,Low
23_3929,0.00084060413,,,,,340.0,4,0.0008406041306443512,Low
23_2480,0.0005603384,7,7,6,6.0,1870.0,8,0.0008405075641348958,Low
23_5999,0.000558572,7,5,6,5.0,9750.0,,0.0008378580096177757,Low
23_0565,0.00055811356,7,7,5,5.0,3334.0,,0.000837170344311744,Low
23_0822,0.00020874968,6,7,7,6.0,15900.0,,0.0008349987328983843,Low
23_5961,0.00041588725,6,6,6,6.0,246.0,,0.0008317744941450655,Low
23_0953,0.00082971534,,,,,277.0,8,0.0008297153399325907,Low
23_3435,0.0004144656,6,7,7,6.0,876.0,3,0.0008289312245324254,Low
23_2201,0.0005505295,7,7,6,6.0,5450.0,8,0.0008257942681666464,Low
23_3550,0.00027464575,6,7,6,6.0,8853.0,8,0.0008239372400566936,Low
23_5462,0.0008234999,,,,,620.0,8,0.0008234999259002507,Low
23_5887,0.00027439764,6,7,6,6.0,8260.0,,0.0008231929095927626,Low
23_2294,0.0005468579,7,7,6,6.0,4257.0,5,0.0008202868339139968,Low
23_3966,0.0002732917,6,6,6,6.0,1817.0,4,0.000819875072920695,Low
23_6228,0.00054363156,7,7,6,6.0,4990.0,,0.0008154473325703293,Low
23_0748,0.00081241503,7,8,7,7.0,52.0,5,0.0008124150335788727,Low
23_5838,0.00040618493,6,6,6,6.0,328.0,8,0.0008123698644340038,Low
23_5150,0.00080592197,7,7,5,5.0,305.0,8,0.0008059219690039754,Low
23_0924,0.00040277716,6,8,6,6.0,902.0,8,0.0008055543294176459,Low
23_0603,0.0008029704,,,,,300.0,8,0.0008029703749343753,Low
23_6267,0.00026573223,6,7,6,6.0,2960.0,,0.0007971966988407075,Low
23_5447,0.0003976782,6,6,5,5.0,221.0,7,0.0007953564054332674,Low
23_1394,0.0002645711,6,6,5,5.0,2510.0,,0.000793713319581002,Low
23_2588,0.00052859046,,,,,9470.0,8,0.0007928856939543039,Low
23_2340,0.00039582848,7,8,5,5.0,10953.0,8,0.000791656959336251,Low
23_3135,0.0007912906,8,5,6,5.0,609.0,8,0.0007912906003184617,Low
23_2373,0.00026302983,6,6,7,6.0,3352.0,8,0.0007890894776210189,Low
23_0291,0.0005257031,7,7,7,7.0,6960.0,,0.000788554607424885,Low
23_6351,0.000782963,7,6,7,6.0,528.0,5,0.0007829630048945546,Low
23_3541,0.00039142172,6,6,6,6.0,402.0,8,0.0007828434463590384,Low
23_1414,0.0002602477,6,6,6,6.0,3160.0,,0.0007807431102264673,Low
23_6010,0.00038936996,6,6,6,6.0,720.0,8,0.0007787399226799607,Low
23_1700003P0000000,0.0005175967,7,6,7,6.0,1214.0,,0.0007763950852677226,Low
23_2562,0.0003881601,,,,,16917.0,8,0.000776320172008127,Low
23_0284,0.00038636607,,7,6,6.0,14020.0,5,0.000772732135374099,Low
23_2062,0.0002562968,6,6,5,5.0,6699.0,8,0.0007688904006499797,Low
23_3578,0.00051234284,,,,,4884.0,7,0.0007685142627451569,Low
23_0000S50015B0557,0.0007668275,7,5,7,5.0,25.0,7,0.000766827492043376,Low
23_6056,0.00038307317,6,7,7,6.0,40.0,5,0.0007661463459953666,Low
23_6045,0.0005107253,,,,,8230.0,8,0.0007660879637114704,Low
23_3027,0.00038283717,7,6,7,6.0,10197.0,8,0.0007656743400730193,Low
23_6162,0.00076369103,,,,,639.0,8,0.0007636910304427147,Low
23_5866,0.000763655,,,,,284.0,8,0.0007636549999006093,Low
23_3326,0.00076005363,8,7,7,7.0,231.0,5,0.0007600536337122321,Low
23_3010,0.0001896798,6,7,6,6.0,10092.0,8,0.0007587192230857909,Low
23_2358,0.0003783424,6,6,6,6.0,898.0,7,0.0007566848071292043,Low
23_1390,0.0001887683,6,6,6,6.0,14770.0,,0.0007550732116214931,Low
23_2390,0.00037721734,6,6,6,6.0,520.0,4,0.0007544346735812724,Low
23_5773,0.0007514166,7,7,6,6.0,190.0,8,0.0007514166063629091,Low
23_6254,0.000250312,6,6,6,6.0,8182.0,,0.000750936014810577,Low
23_3491,0.00049957936,,,,,2332.0,8,0.000749369035474956,Low
23_2252,0.00024938036,6,6,6,6.0,7918.0,8,0.0007481410866603255,Low
23_0028,0.00074731157,8,8,8,8.0,197.0,4,0.0007473115692846477,Low
23_5506,0.0007447152,9,7,7,7.0,258.0,8,0.0007447152165696025,Low
23_5228,0.0004933907,7,7,6,6.0,3572.0,8,0.0007400860777124763,Low
23_2167,0.0004922105,,,,,4921.0,8,0.0007383157499134541,Low
23_0237,0.0007353016,7,7,8,7.0,248.0,8,0.000735301582608372,Low
23_3912,0.0003669997,6,6,7,6.0,330.0,8,0.0007339994190260768,Low
23_6278,0.00024311275,6,7,5,5.0,5420.0,,0.0007293382514035329,Low
23_0663,0.00036451517,6,8,7,6.0,240.0,5,0.0007290303474292159,Low
23_1480,0.00036449538,7,7,6,6.0,21300.0,,0.0007289907662197948,Low
23_0096,0.00048448783,7,6,6,6.0,8920.0,,0.0007267317414516583,Low
23_3679,0.0003587997,6,6,6,6.0,788.0,8,0.0007175994105637074,Low
23_0382,0.0007175441,,,,,101.0,4,0.0007175441132858396,Low
23_1402,0.00023899542,6,6,6,6.0,2360.0,5,0.0007169862510636449,Low
23_1064,0.00035745028,,,,,21.0,2,0.0007149005541577935,Low
23_0959,0.00071451743,,,,,144.0,8,0.0007145174313336611,Low
23_6328,0.00035723092,6,6,7,6.0,21.0,8,0.0007144618430174887,Low
23_0370,0.0004753878,8,8,8,8.0,5320.0,,0.0007130816811695695,Low
23_2612,0.0004743738,,,,,3458.0,8,0.0007115607149899006,Low
23_0547,0.0004741003,7,6,7,6.0,4970.0,5,0.000711150438291952,Low
23_1700001P0000000,0.00023505626,6,6,7,6.0,3939.0,5,0.0007051687716739252,Low
23_5799,0.00017529237,6,7,5,5.0,13290.0,,0.0007011694833636284,Low
23_3096,0.00046325955,7,7,6,6.0,2388.0,8,0.0006948893278604373,Low
23_5839,0.00023154532,6,6,6,6.0,1936.0,3,0.000694635949912481,Low
23_3176,0.00069287705,8,8,6,6.0,406.0,5,0.0006928770453669131,Low
23_3047,0.0006911403,,,,,30.0,8,0.000691140303388238,Low
23_6187,0.00068651285,,,,,144.0,8,0.0006865128525532782,Low
23_1137,0.00017107298,6,5,6,5.0,27700.0,5,0.0006842919392511249,Low
23_0035,0.0004540107,7,7,7,7.0,1682.0,,0.0006810160557506606,Low
23_6255,0.00022674374,6,7,7,6.0,6810.0,,0.0006802312127547339,Low
23_3208,0.0003388179,6,6,5,5.0,423.0,4,0.000677635776810348,Low
23_6202,0.00022577404,6,7,5,5.0,9410.0,,0.0006773221248295158,Low
23_6024,0.0004509406,,,,,1019.0,8,0.0006764108984498307,Low
23_1044,0.00033656368,6,6,6,6.0,48.0,8,0.0006731273606419563,Low
23_2758,0.00022417257,6,6,6,6.0,4875.0,8,0.0006725177227053791,Low
23_1700020P0000000,0.00044782442,7,7,7,7.0,3939.0,,0.0006717366341035813,Low
23_6195,0.00022288253,6,7,6,6.0,6682.0,,0.0006686475971946493,Low
23_6430,0.00033366538,6,6,6,6.0,201.0,5,0.0006673307507298887,Low
23_0745,0.00033330705,6,6,6,6.0,774.0,8,0.0006666140980087221,Low
23_3348,0.0006638466,8,6,6,6.0,420.0,8,0.0006638466147705913,Low
23_1220,0.00022064673,6,6,7,6.0,3701.0,4,0.0006619401974603534,Low
23_0651,0.00066108536,,,,,107.0,8,0.0006610853597521782,Low
23_5807,0.00044039756,7,8,7,7.0,4660.0,,0.0006605963426409289,Low
23_2038,0.00016485105,6,6,6,6.0,24636.0,8,0.0006594042060896754,Low
23_5845,0.00032878542,6,6,6,6.0,376.0,8,0.0006575708393938839,Low
23_0543,0.0004381103,8,9,7,7.0,1651.0,,0.0006571654375875369,Low
23_3842,0.0004372475,7,5,6,5.0,4731.0,5,0.0006558712630067021,Low
23_1383,0.00021812723,6,6,6,6.0,2410.0,,0.0006543816853081807,Low
23_0294,0.0006529957,7,7,6,6.0,581.0,,0.0006529957172460854,Low
23_1324,0.0003229666,7,7,6,6.0,24850.0,,0.0006459332071244717,Low
23_0048,0.00021530694,6,6,7,6.0,9398.0,8,0.0006459208088926971,Low
23_2098,0.0006445254,,,,,50.0,8,0.0006445253966376185,Low
23_1280,0.00064369204,,,,,420.0,8,0.0006436920375563204,Low
23_1026,0.0006403408,8,8,8,8.0,70.0,8,0.0006403407896868885,Low
23_6371,0.00016007487,6,7,7,6.0,22360.0,8,0.0006402994622476399,Low
23_1396,0.00021307742,6,6,6,6.0,2510.0,5,0.0006392322684405372,Low
23_0546,0.00063814205,7,8,6,6.0,173.0,,0.0006381420535035431,Low
23_1084,0.00063790305,,,,,63.0,5,0.0006379030528478324,Low
23_0119,0.0006362058,,,,,140.0,8,0.0006362057756632566,Low
23_3121,0.0004233408,8,6,6,6.0,4400.0,8,0.0006350111943902448,Low
23_0541,0.00042229609,7,7,6,6.0,1438.0,,0.0006334441277431324,Low
23_6234,0.0003166575,6,7,6,6.0,715.0,8,0.0006333150085993111,Low
23_1560,0.00021107536,6,6,5,5.0,1281.0,,0.0006332260672934353,Low
23_2257,0.00031470068,,,,,10810.0,4,0.0006294013583101332,Low
23_0285,0.00041831032,7,7,6,6.0,3133.0,,0.0006274654733715579,Low
23_2778,0.00015650365,6,6,6,6.0,15160.0,8,0.000626014603767544,Low
23_1496,0.0004171368,7,6,7,6.0,9180.0,,0.0006257051863940433,Low
23_5278,0.0004158532,7,7,6,6.0,4818.0,8,0.0006237797933863476,Low
23_3728,0.0004144605,,,,,1035.0,8,0.0006216907349880785,Low
23_5767,0.00020668321,6,6,6,6.0,1310.0,3,0.0006200496281962842,Low
23_3407,0.0003098132,6,6,6,6.0,110.0,8,0.0006196263711899519,Low
23_1500,0.00041294825,8,7,7,7.0,5000.0,5,0.0006194223824422807,Low
23_6310,0.00015475127,6,6,6,6.0,13950.0,5,0.0006190050626173615,Low
23_0158,0.00015475127,6,6,6,6.0,13930.0,5,0.0006190050626173615,Low
23_5936,0.00040938478,8,6,7,6.0,9341.0,5,0.0006140771729405969,Low
23_0214,0.0004091823,,,,,4760.0,8,0.0006137734599178657,Low
23_5786,0.00040725584,7,8,6,6.0,8413.0,5,0.0006108837551437318,Low
23_0279,0.00030475447,,8,7,7.0,14020.0,8,0.0006095089484006166,Low
23_6173,0.00040242384,,,,,2120.0,8,0.0006036357663106173,Low
23_1051,0.0006035581,8,8,8,8.0,100.0,8,0.0006035580881871283,Low
23_1392,0.0006029239,7,6,7,6.0,792.0,,0.0006029239157214761,Low
23_6357,0.00020000011,6,7,6,6.0,6660.0,,0.0006000003340886906,Low
23_0685,0.00059969246,7,6,6,6.0,351.0,3,0.000599692459218204,Low
23_0811,0.00014974827,6,6,6,6.0,15400.0,,0.0005989930941723287,Low
23_0810,0.00014974827,6,6,6,6.0,15210.0,,0.0005989930941723287,Low
23_5566,0.00059891987,,,,,666.0,3,0.0005989198689348996,Low
23_5973,0.00029919957,6,5,6,5.0,962.0,8,0.0005983991432003677,Low
23_3658,0.00039865007,7,7,5,5.0,3461.0,8,0.0005979751003906131,Low
23_6232,0.0003965236,,,,,1255.0,8,0.0005947853933321312,Low
23_0383,0.00059192465,8,5,6,5.0,77.0,8,0.0005919246468693018,Low
23_1422,0.00029414947,6,7,6,6.0,103.0,,0.0005882989498786628,Low
23_2877,0.0005858894,8,6,6,6.0,90.0,7,0.0005858893855474889,Low
23_6448,0.00029269868,,,,,14020.0,8,0.0005853973561897874,Low
23_0177,0.00058377185,8,8,8,8.0,100.0,5,0.0005837718490511179,Low
23_5430,0.00038755132,,,,,4528.0,8,0.0005813269817736,Low
23_3232,0.0002895907,6,6,6,6.0,50.0,3,0.0005791814182884991,Low
23_2908,0.00019200257,6,5,7,5.0,2991.0,8,0.0005760077037848532,Low
23_6140,0.00056590536,,,,,332.0,8,0.0005659053567796946,Low
23_6062,0.00037522372,7,6,7,6.0,2494.0,,0.0005628355866065249,Low
23_0803,0.0005618551,8,4,4,4.0,13.0,4,0.0005618550931103528,Low
23_3139,0.00037455757,,,,,1727.0,5,0.0005618363502435386,Low
23_5763,0.00018670011,6,6,6,6.0,2108.0,8,0.0005601003358606249,Low
23_3034,0.00027926126,6,6,5,5.0,533.0,3,0.000558522529900074,Low
23_1435,0.00027919363,,,,,10720.0,8,0.0005583872552961111,Low
23_2635,0.00018477612,6,6,5,5.0,2991.0,8,0.0005543283477891237,Low
23_5514,0.00018439647,6,5,6,5.0,3782.0,8,0.0005531894130399451,Low
23_2703,0.0005518731,8,6,6,6.0,200.0,8,0.0005518731195479631,Low
23_0276,0.0002757317,8,8,8,8.0,13480.0,,0.0005514633958227932,Low
23_5094,0.00054981373,,,,,898.0,8,0.0005498137325048447,Low
23_2523,0.00013741686,6,6,5,5.0,11531.0,8,0.0005496674566529691,Low
23_6287,0.00018313104,6,6,6,6.0,3421.0,,0.0005493931093951687,Low
23_0363,0.00036294525,7,6,6,6.0,5770.0,,0.0005444178823381662,Low
23_5725,0.00036175642,7,7,6,6.0,2662.0,7,0.0005426346324384212,Low
23_1102,0.00018010457,6,5,5,5.0,6169.0,,0.0005403137183748186,Low
23_5623,0.00053779694,8,8,6,6.0,381.0,8,0.0005377969355322421,Low
23_2447,0.00017846587,6,7,6,6.0,3829.0,5,0.0005353976011974737,Low
23_1349,0.00017836482,6,6,6,6.0,6030.0,7,0.0005350944556994364,Low
23_2851,0.00017788738,6,6,6,6.0,1870.0,7,0.0005336621543392539,Low
23_5657,0.00053341134,,,,,296.0,8,0.0005334113375283778,Low
23_0034,0.0003554569,7,7,7,7.0,3195.0,,0.0005331853462848812,Low
23_2076,0.00017731906,6,6,6,6.0,3106.0,7,0.0005319571791915223,Low
23_0101,0.000353508,7,8,7,7.0,1524.0,,0.0005302619829308242,Low
23_1020,0.00052880944,7,7,7,7.0,360.0,8,0.000528809439856559,Low
23_6112,0.0005287149,,,,,402.0,8,0.0005287149106152356,Low
23_1700041P0000000,0.0002639581,6,7,7,6.0,288.0,,0.000527916185092181,Low
23_3497,0.00035164692,,,,,5289.0,8,0.0005274703726172447,Low
23_1135,0.0005259108,,,,,473.0,8,0.0005259108147583902,Low
23_3925,0.0005246496,9,5,6,5.0,905.0,4,0.0005246495711617172,Low
23_6495,0.00034908732,7,6,7,6.0,9830.0,5,0.0005236309807514772,Low
23_2176,0.0005192138,8,8,7,7.0,155.0,9,0.0005192137905396521,Low
23_6257,0.0001729963,6,6,6,6.0,7840.0,,0.0005189888906897977,Low
23_1262,0.00017286371,6,7,7,6.0,2100.0,8,0.0005185911431908607,Low
23_3479,0.0005183215,,,,,190.0,8,0.0005183215253055096,Low
23_6136,0.00025861227,6,6,6,6.0,596.0,8,0.0005172245437279344,Low
23_5441,0.00034359552,,,,,1949.0,8,0.0005153932725079358,Low
23_3540,0.0002573161,6,6,6,6.0,310.0,8,0.0005146322073414922,Low
23_1238,0.00051351625,8,8,8,8.0,100.0,8,0.0005135162500664592,Low
23_0247,0.00034114084,,,,,1651.0,8,0.000511711259605363,Low
23_5781,0.00034025236,7,6,6,6.0,2422.0,5,0.0005103785370010883,Low
23_3281,0.0005103044,8,8,6,6.0,460.0,8,0.000510304409544915,Low
23_2266,0.00012739035,6,6,7,6.0,15759.0,8,0.0005095613887533545,Low
23_1013,0.000508934,7,6,8,6.0,38.0,,0.0005089340265840292,Low
23_3021,0.0002541082,6,6,6,6.0,846.0,4,0.0005082163843326271,Low
23_5013,0.00050709397,,,,,86.0,8,0.0005070939660072327,Low
23_0585,0.00016889302,6,6,5,5.0,1610.0,,0.0005066790618002415,Low
23_3935,0.00016873093,6,6,5,5.0,1394.0,8,0.0005061927804490551,Low
23_1336,0.00025276325,7,7,6,6.0,27445.0,,0.0005055264919064939,Low
23_1418,0.00016846712,6,6,6,6.0,3880.0,,0.00050540134543553,Low
23_0455,0.00050518324,8,8,8,8.0,64.0,8,0.0005051832413300872,Low
23_6111,0.0005042002,7,7,5,5.0,429.0,3,0.0005042001721449196,Low
23_6084,0.00016799086,6,6,6,6.0,2760.0,5,0.000503972580190748,Low
23_0386,0.0005007698,7,6,5,5.0,48.0,5,0.0005007698200643063,Low
23_0297,0.000332859,7,6,7,6.0,9460.0,5,0.0004992884933017194,Low
23_0019,0.00049791945,8,8,8,8.0,191.0,8,0.0004979194491170347,Low
23_0712,0.0004973879,7,7,7,7.0,120.0,5,0.0004973878967575729,Low
23_6110,0.0002483596,6,6,6,6.0,399.0,8,0.000496719207148999,Low
23_6156,0.0001655162,6,6,6,6.0,1240.0,8,0.0004965486150467768,Low
23_6222,0.0003289673,7,7,6,6.0,9820.0,,0.0004934509343001992,Low
23_5185,0.0004932151,,,,,390.0,8,0.0004932151059620082,Low
23_2267,0.0003281585,7,6,6,6.0,1976.0,8,0.0004922377411276102,Low
23_5737,0.00032790925,,,,,4553.0,8,0.000491863873321563,Low
23_2961,0.00032790267,7,6,5,5.0,7640.0,8,0.0004918540071230382,Low
23_5819,0.00032713957,8,6,6,6.0,8723.0,,0.0004907093534711748,Low
23_1018,0.00049001613,,,,,85.0,8,0.0004900161293335259,Low
23_0047,0.00016267311,6,7,7,6.0,1666.0,4,0.0004880193300778046,Low
23_6116,0.00048680176,8,7,8,7.0,58.0,4,0.00048680175677873194,Low
23_0864,0.00024265886,6,7,5,5.0,343.0,8,0.00048531772335991263,Low
23_6363,0.0004838025,,,,,130.0,8,0.0004838024906348437,Low
23_1499,0.00032233476,7,7,5,5.0,6280.0,7,0.0004835021391045302,Low
23_5688,0.00024162549,6,6,6,6.0,714.0,8,0.0004832509730476886,Low
23_0688,0.00048305784,8,8,7,7.0,106.0,5,0.0004830578400287777,Low
23_0361,0.00032118658,7,6,7,6.0,3850.0,,0.0004817798762815073,Low
23_6317,0.0002407551,6,6,7,6.0,242.0,,0.00048151018563658,Low
23_2786,0.00015994106,6,6,5,5.0,8570.0,8,0.0004798231821041554,Low
23_6145,0.0003197122,7,6,6,6.0,4210.0,,0.0004795683198608458,Low
23_5987,0.0003182792,8,6,6,6.0,8120.0,,0.0004774187982548028,Low
23_6253,0.00023831894,6,7,7,6.0,287.0,8,0.00047663788427598774,Low
23_0592,0.00047618078,,,,,124.0,4,0.0004761807795148343,Low
23_1104,0.00023797063,6,6,5,5.0,280.0,,0.00047594125499017537,Low
23_5140,0.00015841115,6,7,6,6.0,2553.0,8,0.0004752334352815524,Low
23_242300000013203,0.00047334647,8,8,7,7.0,50.0,5,0.0004733464738819748,Low
23_6323,0.00023660119,7,6,7,6.0,11840.0,,0.00047320238081738353,Low
23_3681,0.00023587703,6,6,6,6.0,500.0,8,0.00047175405779853463,Low
23_6100,0.00023585994,6,6,6,6.0,890.0,,0.0004717198899015784,Low
23_0084,0.0004692182,7,7,7,7.0,621.0,,0.00046921821194700897,Low
23_0807,0.0003126334,7,6,5,5.0,9310.0,,0.00046895010746084154,Low
23_2519,0.00031253955,,,,,3812.0,8,0.0004688093176810071,Low
23_0550,0.00031178747,7,6,7,6.0,2888.0,,0.0004676812095567584,Low
23_5326,0.0003109305,8,5,6,5.0,2093.0,8,0.0004663957661250606,Low
23_0280,0.00046596286,7,7,6,6.0,506.0,,0.00046596286119893193,Low
23_3083,0.00011632328,6,7,6,6.0,31702.0,8,0.0004652931238524616,Low
23_3101,0.00015426347,6,7,6,6.0,1030.0,8,0.0004627904127119109,Low
23_0097,0.0003077953,7,6,7,6.0,8920.0,,0.00046169295092113316,Low
23_3900,0.000229596,8,8,7,7.0,10496.0,8,0.0004591920005623251,Low
23_3376,0.00045784286,,,,,117.0,8,0.00045784286339767277,Low
23_1037,0.00022820121,7,7,7,7.0,13856.0,8,0.00045640242751687765,Low
23_3667,0.0001521106,6,7,7,6.0,7540.0,8,0.0004563318070722744,Low
23_1334,0.00030410287,7,6,7,6.0,4710.0,,0.00045615430281031877,Low
23_0131,0.00045484872,,,,,238.0,8,0.0004548487195279449,Low
23_000053530-00011,0.00045469523,,,,,20.0,5,0.0004546952259261161,Low
23_5953,0.00015088331,6,6,6,6.0,6490.0,8,0.0004526499251369387,Low
23_1395,0.00015080952,6,6,5,5.0,2510.0,,0.00045242854685056955,Low
23_5879,0.00030093265,,,,,4000.0,8,0.00045139896974433213,Low
23_1468,0.00030079926,7,6,7,6.0,7090.0,5,0.0004511988954618573,Low
23_5060,0.00011230862,6,6,6,6.0,13140.0,,0.00044923447421751916,Low
23_6217,0.00014965863,6,6,6,6.0,2280.0,8,0.0004489759012358263,Low
23_6073,0.00014935655,6,6,6,6.0,4120.0,5,0.0004480696516111493,Low
23_0552,0.0004474197,7,8,7,7.0,799.0,,0.00044741970486938953,Low
23_0720,0.0004460538,7,7,6,6.0,618.0,4,0.0004460538038983941,Low
23_2678,0.00014857105,6,6,6,6.0,2692.0,8,0.00044571315811481327,Low
23_6150,0.00029667554,,,,,1070.0,8,0.0004450133128557354,Low
23_0834,0.00044452143,,,,,103.0,8,0.00044452142901718616,Low
23_5497,0.00044426662,,,,,74.0,8,0.00044426662498153746,Low
23_0347,0.0002207288,7,7,7,7.0,11514.0,,0.0004414576105773449,Low
23_3555,0.00014710121,6,7,6,6.0,2042.0,8,0.0004413036222103983,Low
23_3200,0.00022030933,7,7,7,7.0,15290.0,,0.0004406186635605991,Low
23_0698,0.00043661712,,,,,155.0,8,0.00043661711970344186,Low
23_6122,0.00021771852,6,8,7,6.0,590.0,8,0.0004354370466899127,Low
23_6153,0.0002889999,,,,,4952.0,5,0.0004334998520789668,Low
23_0701,0.000216562,6,6,7,6.0,42.0,8,0.0004331239906605333,Low
23_2817,0.00028608035,,,,,1038.0,8,0.00042912052595056593,Low
23_3906,0.00014296797,6,6,6,6.0,1521.0,,0.00042890390614047647,Low
23_1423,0.00014253605,6,7,6,6.0,4610.0,5,0.000427608159952797,Low
23_0932,0.00042650232,,,,,72.0,3,0.0004265023162588477,Low
23_3959,0.00021273334,6,6,5,5.0,730.0,8,0.0004254666855558753,Low
23_1317,0.00021266073,,,,,24850.0,8,0.0004253214574418962,Low
23_2337,0.00028348874,7,6,6,6.0,5955.0,8,0.0004252331127645448,Low
23_0820,0.00014171642,6,6,7,6.0,7110.0,,0.0004251492500770837,Low
23_6549,0.00042413617,,,,,180.0,8,0.00042413617484271526,Low
23_5900,0.00021120542,7,7,7,7.0,14893.0,8,0.0004224108415655792,Low
23_1380,0.00021057444,6,6,6,6.0,750.0,,0.00042114887037314475,Low
23_3742,0.00021029574,6,7,6,6.0,205.0,8,0.0004205914738122374,Low
23_3849,0.00041869946,,,,,53.0,8,0.0004186994628980756,Low
23_2091,0.00027876566,,,,,2283.0,8,0.0004181484837317839,Low
23_0153,0.00020854796,6,7,5,5.0,77.0,8,0.0004170959291514009,Low
23_5966,0.0002085398,,,,,10700.0,8,0.0004170796019025147,Low
23_0591,0.00041629243,,,,,176.0,8,0.0004162924306001514,Low
23_5645,0.00027668604,,,,,1243.0,8,0.00041502906242385507,Low
23_3513,0.00020690405,6,6,6,6.0,423.0,8,0.0004138080985285342,Low
23_0759,0.00041281505,7,7,8,7.0,60.0,5,0.00041281504672951996,Low
23_0343,0.000103007485,6,7,8,6.0,11350.0,,0.0004120299417991191,Low
23_5895,0.0002735599,,,,,1097.0,8,0.00041033986781258136,Low
23_3688,0.000409911,,,,,829.0,8,0.00040991100831888616,Low
23_2630,0.00010222594,6,8,8,6.0,13523.0,8,0.00040890375385060906,Low
23_0824,0.00040884697,,,,,113.0,8,0.000408846972277388,Low
23_5818,0.00027243057,7,6,6,6.0,9980.0,,0.0004086458502570167,Low
23_1141,0.00020430285,7,7,6,6.0,11790.0,8,0.00040860570152290165,Low
23_0621,0.0004075139,8,8,8,8.0,90.0,8,0.00040751390042714775,Low
23_6157,0.00027056658,,,,,1864.0,8,0.00040584987436886877,Low
23_3859,0.00027020494,,,,,2630.0,8,0.0004053074080729857,Low
23_5771,0.00040446955,,,,,120.0,8,0.00040446955244988203,Low
23_6531,0.00026864646,7,7,5,5.0,4257.0,5,0.00040296968654729426,Low
23_2186,0.00013370249,6,6,6,6.0,7491.0,8,0.0004011074634036049,Low
23_5518,0.00039933284,,,,,376.0,8,0.00039933284278959036,Low
23_3938,0.00019915958,6,6,6,6.0,843.0,8,0.0003983191563747823,Low
23_2561,0.00019846314,6,6,6,6.0,646.0,8,0.0003969262761529535,Low
23_2516,0.00039523633,,,,,580.0,8,0.0003952363331336528,Low
23_6425,0.00039478388,7,7,6,6.0,516.0,4,0.0003947838849853724,Low
23_6326,0.00039411755,,,,,516.0,8,0.0003941175527870655,Low
23_1553,0.0001968527,6,7,6,6.0,431.0,,0.0003937054134439677,Low
23_5965,0.00019684671,,,,,10700.0,8,0.0003936934226658195,Low
23_3646,0.00019588546,6,6,6,6.0,697.0,4,0.00039177091093733907,Low
23_5235,0.00013023235,6,7,7,6.0,4576.0,,0.00039069705235306174,Low
23_2548,0.00026030504,,,,,3630.0,8,0.0003904575569322333,Low
23_0073,0.0003884709,8,8,8,8.0,380.0,5,0.00038847088580951095,Low
23_0098,0.00025853238,7,8,8,7.0,5980.0,,0.00038779857277404517,Low
23_0569,0.00038669605,8,8,8,8.0,131.0,8,0.00038669604691676795,Low
23_1409,0.00012879436,6,6,7,6.0,2470.0,8,0.00038638307887595147,Low
23_0102,0.0003855485,7,6,7,6.0,716.0,,0.0003855485119856894,Low
23_6424,0.00019166144,7,8,7,7.0,13170.0,,0.00038332288386300206,Low
23_0379,0.0001916395,6,7,7,6.0,439.0,8,0.0003832789952866733,Low
23_2146,0.00019159474,7,7,7,7.0,18204.0,4,0.0003831894719041884,Low
23_1445,0.00025543224,7,5,5,5.0,8970.0,,0.00038314836274366826,Low
23_3227,0.00025483532,7,7,6,6.0,4558.0,8,0.00038225298339966685,Low
23_6388,0.0001895312,7,7,8,7.0,23982.0,8,0.00037906240322627127,Low
23_2432,0.00025196106,7,6,7,6.0,4850.0,8,0.000377941585611552,Low
23_6339,0.00037681026,7,6,6,6.0,874.0,5,0.00037681026151403785,Low
23_1206,0.00025058113,7,7,7,7.0,1600.0,8,0.00037587169208563864,Low
23_0763,0.0003748885,7,7,7,7.0,21.0,8,0.00037488850648514926,Low
23_0204,0.00037365433,7,7,6,6.0,110.0,,0.000373654329450801,Low
23_5571,0.00018549581,6,6,5,5.0,71.0,5,0.00037099162000231445,Low
23_6342,0.0003705261,7,6,6,6.0,798.0,5,0.000370526104234159,Low
23_1271,0.00018505398,6,8,8,6.0,319.0,8,0.0003701079695019871,Low
23_2175,0.00037003594,,,,,883.0,8,0.0003700359375216067,Low
23_0540,0.0003690821,7,8,7,7.0,391.0,,0.0003690820885822177,Low
23_0151,0.00012284257,6,6,6,6.0,1978.0,8,0.0003685277042677626,Low
23_2882,0.00012258443,6,6,7,6.0,3820.0,5,0.0003677532949950546,Low
23_5960,0.00024500667,7,6,6,6.0,1980.0,,0.00036751000152435154,Low
23_3980,0.00024378358,,,,,1080.0,8,0.0003656753688119352,Low
23_5451,0.000120944176,6,7,6,6.0,1156.0,8,0.0003628325284807943,Low
23_6124,0.00036280273,7,6,6,6.0,903.0,8,0.0003628027334343642,Low
23_2189,9.028263e-05,6,7,7,6.0,11336.0,8,0.00036113051464781165,Low
23_3270,0.00036071741,,,,,559.0,8,0.0003607174148783088,Low
23_6302,0.00018035357,7,6,6,6.0,12563.0,,0.00036070714122615755,Low
23_3353,0.00018011023,6,6,6,6.0,370.0,8,0.00036022046697326005,Low
23_0401,0.0003596852,,,,,176.0,8,0.0003596851893234998,Low
23_3617,0.00035889362,,,,,170.0,8,0.00035889362334273756,Low
23_6384,0.00017886826,7,8,7,7.0,17635.0,,0.00035773651325143874,Low
23_3496,0.00023770871,,,,,1826.0,8,0.00035656306135933846,Low
23_6226,0.00023751159,7,6,7,6.0,2828.0,,0.0003562673809938133,Low
23_0736,0.00035586447,8,8,7,7.0,390.0,8,0.00035586446756497025,Low
23_0283,0.00023587975,7,7,6,6.0,3647.0,,0.00035381962516112253,Low
23_6201,0.00023570348,,,,,9410.0,8,0.0003535552241373807,Low
23_6315,0.00017644928,6,6,7,6.0,451.0,,0.00035289855441078544,Low
23_2890,0.00011759244,6,6,6,6.0,2325.0,7,0.0003527773224050179,Low
23_5716,0.00023285327,,,,,1480.0,8,0.0003492799078230746,Low
23_2021,0.00034908182,,,,,515.0,5,0.00034908181987702847,Low
23_0230,0.00034648177,7,6,6,6.0,800.0,4,0.00034648177097551525,Low
23_3289,0.00023000134,7,7,7,7.0,1157.0,3,0.0003450020158197731,Low
23_0366,0.00034489215,,,,,340.0,8,0.0003448921488597989,Low
23_3769,0.00022881692,7,7,7,7.0,3435.0,8,0.0003432253797654994,Low
23_1523,0.00017143352,7,8,7,7.0,13343.0,8,0.00034286704612895846,Low
23_0441,0.00034227615,,,,,230.0,4,0.0003422761510591954,Low
23_0081,0.00022794941,7,7,6,6.0,4910.0,,0.00034192411112599075,Low
23_2268,0.000113973176,6,7,6,6.0,6359.0,8,0.0003419195272726938,Low
23_0756,0.0003418457,,,,,159.0,8,0.0003418457054067403,Low
23_3080,0.00017039737,7,7,7,7.0,19478.0,8,0.0003407947369851172,Low
23_3268,0.0003407867,,,,,584.0,8,0.00034078670432791114,Low
23_1326,0.0001695431,,,,,25580.0,8,0.00033908619661815464,Low
23_2141,0.000112416936,6,6,5,5.0,6073.0,8,0.0003372508072061464,Low
23_0781,0.00033390912,8,4,5,4.0,49.0,5,0.0003339091199450195,Low
23_1055,0.00033372676,8,8,7,7.0,67.0,5,0.0003337267553433776,Low
23_0544,0.0003336485,7,8,7,7.0,537.0,,0.00033364849514327943,Low
23_1387,0.00016640444,6,7,7,6.0,330.0,,0.0003328088787384331,Low
23_0658,0.00033255672,,,,,97.0,8,0.000332556723151356,Low
23_2841,0.00011020027,6,7,5,5.0,2420.0,8,0.0003306008147774264,Low
23_1452,0.00022024906,,,,,9250.0,8,0.0003303735866211355,Low
23_5261,0.00032919663,,,,,333.0,8,0.00032919662771746516,Low
23_2068,0.000164396,8,8,6,6.0,15346.0,8,0.0003287919971626252,Low
23_1162,0.0003281335,8,8,7,7.0,45.0,8,0.00032813349389471114,Low
23_6320,0.00016385327,6,7,6,6.0,990.0,,0.00032770654070191085,Low
23_0818,0.00016228827,6,6,6,6.0,441.0,8,0.00032457654015161097,Low
23_0099,0.00021549608,7,7,7,7.0,5980.0,,0.000323244123137556,Low
23_6180,0.0002153447,,,,,2590.0,8,0.00032301704777637497,Low
23_6193,0.00016049882,6,6,6,6.0,63.0,8,0.0003209976421203464,Low
23_6304,0.00016004083,7,6,6,6.0,11200.0,,0.00032008165726438165,Low
23_1660,0.0003181721,8,8,7,7.0,158.0,8,0.00031817209674045444,Low
23_3190,0.00031726641,,,,,94.0,8,0.00031726641464047134,Low
23_0036,0.0002111279,7,7,7,7.0,5980.0,7,0.0003166918540955521,Low
23_3285,0.00031345474,8,9,9,8.0,70.0,8,0.00031345474417321384,Low
23_0506,0.00031236827,7,7,5,5.0,134.0,8,0.0003123682690784335,Low
23_3423,0.00015606121,7,7,7,7.0,21430.0,8,0.0003121224290225655,Low
23_0662,0.00031160738,,,,,117.0,8,0.00031160737853497267,Low
23_0849,0.000310253,,,,,246.0,5,0.0003102530026808381,Low
23_0705,0.00030939904,,,,,124.0,8,0.00030939903808757663,Low
23_5238,0.0001543291,,,,,16552.0,8,0.00030865820008330047,Low
23_5016,0.00020570846,7,8,7,7.0,4100.0,8,0.0003085626958636567,Low
23_2271,0.00010233156,6,7,7,6.0,2994.0,8,0.0003069946906180121,Low
23_0167,0.000102264254,6,6,7,6.0,5829.0,,0.00030679276096634567,Low
23_5418,0.00020433267,,,,,1927.0,8,0.0003064990014536306,Low
23_3144,0.00020425007,8,8,7,7.0,2930.0,8,0.0003063751064473763,Low
23_3764,0.00030632777,7,7,6,6.0,120.0,5,0.00030632776906713843,Low
23_5661,0.00015231917,8,7,8,7.0,10340.0,8,0.00030463834991678596,Low
23_0292,0.00020296761,7,7,7,7.0,1651.0,,0.00030445141601376235,Low
23_1479,0.0001520439,7,7,7,7.0,24900.0,,0.0003040877927560359,Low
23_0813,0.00010098837,6,6,6,6.0,9560.0,,0.0003029651124961674,Low
23_6114,0.0003002606,,,,,814.0,8,0.000300260609947145,Low
23_3641,0.0001494168,8,8,8,8.0,14040.0,8,0.0002988335909321904,Low
23_1211,0.00029834275,7,7,5,5.0,530.0,7,0.0002983427548315376,Low
23_2285,0.00019882356,,,,,6480.0,8,0.0002982353398692794,Low
23_1203,9.9375364e-05,6,7,7,6.0,1230.0,8,0.00029812609136570245,Low
23_0672,0.00029735797,,,,,112.0,8,0.0002973579685203731,Low
23_1340,0.00019814943,7,7,7,7.0,4469.0,,0.00029722414183197543,Low
23_2511,0.00019778928,8,8,6,6.0,3767.0,5,0.00029668392380699515,Low
23_0439,0.0002958626,8,8,8,8.0,152.0,8,0.00029586261371150613,Low
23_0182,0.00029398798,7,7,6,6.0,110.0,8,0.000293987977784127,Low
23_3480,0.00019565622,,,,,9883.0,8,0.0002934843287221156,Low
23_5736,0.00019542317,,,,,2370.0,8,0.00029313475533854216,Low
23_0812,9.769612e-05,6,6,6,6.0,6390.0,,0.0002930883492808789,Low
23_6408,0.0001460719,8,7,7,7.0,17211.0,,0.00029214381356723607,Low
23_5797,0.0001460719,7,7,8,7.0,16488.0,,0.00029214381356723607,Low
23_6155,0.0001945045,,,,,3270.0,8,0.0002917567398981191,Low
23_6301,0.00014584351,7,6,6,6.0,12563.0,,0.00029168702894821763,Low
23_6221,0.00019412485,8,6,7,6.0,1610.0,4,0.00029118727252352983,Low
23_6497,0.00019400477,7,7,7,7.0,6280.0,,0.0002910071489168331,Low
23_3394,0.00019286181,8,8,8,8.0,1640.0,8,0.0002892927223001607,Low
23_2550,0.0001920769,8,8,8,8.0,6513.0,8,0.00028811534866690636,Low
23_5221,0.00028738077,,,,,112.0,8,0.0002873807679861784,Low
23_3908,0.00014267952,7,7,7,7.0,21790.0,,0.00028535904129967093,Low
23_3009,0.00019017201,8,8,8,8.0,1363.0,8,0.000285258014628198,Low
23_5556,0.0001424665,6,6,7,6.0,715.0,8,0.0002849329903256148,Low
23_0095,0.0002809501,,,,,134.0,8,0.00028095010202378035,Low
23_0760,0.00027953216,7,7,8,7.0,60.0,5,0.0002795321634039283,Low
23_3838,0.00013868096,8,8,7,7.0,17095.0,,0.0002773619198706001,Low
23_1564,0.00013793581,8,8,8,8.0,15824.0,,0.0002758716291282326,Low
23_3124,0.00018358,7,7,7,7.0,1599.0,8,0.00027537001005839556,Low
23_2677,0.00018207158,9,6,6,6.0,9804.0,8,0.0002731073764152825,Low
23_1126,0.00013632202,6,6,6,6.0,63.0,8,0.0002726440434344113,Low
23_2428,0.00018171189,,,,,1180.0,8,0.00027256783505436033,Low
23_5416,0.000271746,,,,,738.0,8,0.00027174598653800786,Low
23_1347,0.00018099495,7,6,7,6.0,2900.0,,0.00027149241941515356,Low
23_5905,0.00018088524,8,7,6,6.0,4778.0,,0.0002713278590817936,Low
23_2460,0.0001349548,7,7,7,7.0,13034.0,8,0.00026990959304384887,Low
23_5933,0.00013393625,8,8,8,8.0,27010.0,,0.00026787249953486025,Low
23_2810,0.00017851948,,,,,6615.0,8,0.0002677792144822888,Low
23_1519,0.0001336394,8,8,8,8.0,16440.0,8,0.00026727881049737334,Low
23_1436,0.00013340068,,,,,10720.0,8,0.0002668013621587306,Low
23_0053,0.00026669595,7,7,4,4.0,903.0,,0.00026669594808481634,Low
23_0272,0.00013302037,,,,,37280.0,8,0.0002660407335497439,Low
23_3789,0.0002652389,,,,,270.0,8,0.0002652388939168304,Low
23_2180,0.00017649824,,,,,1471.0,4,0.00026474736660020426,Low
23_6382,0.00026458298,,,,,140.0,8,0.000264582980889827,Low
23_1497,0.00017615678,7,8,8,7.0,4650.0,,0.0002642351755639538,Low
23_0012,0.00026392867,,,,,204.0,8,0.0002639286685734987,Low
23_5461,0.00017548753,8,5,6,5.0,1100.0,8,0.0002632312898640521,Low
23_2671,0.00013150169,7,7,6,6.0,11598.0,8,0.0002630033704917878,Low
23_1060,0.00026075912,,,,,120.0,8,0.00026075911591760814,Low
23_3389,8.6805296e-05,6,7,6,6.0,3593.0,8,0.00026041588716907427,Low
23_0328,0.00025926973,,,,,577.0,,0.0002592697273939848,Low
23_5070,0.00017232688,7,5,6,5.0,1455.0,8,0.00025849031953839585,Low
23_6169,0.00017184496,,,,,2120.0,8,0.0002577674458734691,Low
23_0641,0.0002567882,8,8,8,8.0,196.0,8,0.0002567881892900914,Low
23_2191,0.00012786266,7,7,7,7.0,11740.0,8,0.0002557253174018115,Low
23_1469,0.00012786266,7,7,7,7.0,11740.0,8,0.0002557253174018115,Low
23_6251,0.00025528666,,,,,717.0,8,0.0002552866644691676,Low
23_0808,0.00017014296,7,6,6,6.0,5950.0,,0.0002552144360379316,Low
23_6119,0.00017002181,,,,,5260.0,8,0.00025503271899651736,Low
23_3766,0.00016981298,8,6,6,6.0,1420.0,8,0.0002547194671933539,Low
23_0997,0.00012725157,6,6,6,6.0,430.0,,0.0002545031311456114,Low
23_1335,0.0002543484,7,7,7,7.0,614.0,,0.00025434838607907295,Low
23_0537,0.00016867383,,,,,4970.0,8,0.0002530107376514934,Low
23_3467,0.00012638609,,,,,13540.0,8,0.00025277218082919717,Low
23_1522,0.00012608335,7,8,7,7.0,13237.0,8,0.0002521667047403753,Low
23_2976,0.00016802402,8,8,8,8.0,3454.0,,0.00025203603581758216,Low
23_6188,0.00016798847,,,,,1123.0,8,0.0002519827103242278,Low
23_5741,0.00016735677,7,7,5,5.0,5130.0,,0.0002510351623641327,Low
23_0856,0.0002505993,,,,,164.0,8,0.00025059928884729743,Low
23_3106,0.00012452411,7,7,7,7.0,13058.0,8,0.00024904822930693626,Low
23_1345,0.00012451176,7,7,7,7.0,12094.0,,0.0002490235201548785,Low
23_0697,0.0002468661,,,,,222.0,8,0.00024686611141078174,Low
23_2312,0.00016410391,8,8,8,8.0,1734.0,8,0.0002461558688082732,Low
23_0976,0.00024449304,,,,,335.0,8,0.0002444930432830006,Low
23_2041,0.00012215886,7,8,7,7.0,15672.0,8,0.0002443177218083292,Low
23_5230,0.00012214803,7,7,8,7.0,13670.0,,0.0002442960685584694,Low
23_0174,0.00024386634,,,,,18.0,8,0.0002438663359498605,Low
23_2101,0.00012162884,8,8,8,8.0,14964.0,8,0.0002432576729916036,Low
23_1415,8.0893085e-05,6,7,6,6.0,3880.0,5,0.00024267925618914887,Low
23_0085,0.0001610042,7,8,6,6.0,1835.0,,0.00024150629178620875,Low
23_2849,0.0002410291,,,,,455.0,8,0.00024102910538204014,Low
23_0002,0.00016046685,,,,,1026.0,8,0.00024070027575362474,Low
23_2139,0.00024011824,,,,,410.0,8,0.00024011824280023575,Low
23_0127,0.00023985581,,,,,10.0,8,0.00023985581356100738,Low
23_5610,0.00011982197,7,7,7,7.0,15700.0,8,0.00023964393767528236,Low
23_2133,0.00015970271,8,8,7,7.0,2270.0,8,0.00023955407232278958,Low
23_2948,0.00015958931,7,8,7,7.0,2952.0,8,0.00023938396770972759,Low
23_3359,0.00023920836,,,,,677.0,8,0.00023920835519675165,Low
23_1342,0.00015921616,7,7,7,7.0,1070.0,,0.00023882423556642607,Low
23_0809,0.0001584944,,,,,9310.0,,0.00023774159490130842,Low
23_6239,0.00011874131,6,7,7,6.0,90.0,3,0.00023748261446598917,Low
23_2931,0.00015703836,7,7,5,5.0,6037.0,8,0.00023555754160042852,Low
23_3406,7.821546e-05,6,6,7,6.0,3600.0,8,0.00023464638070436195,Low
23_2240,0.000117244446,,,,,22357.0,8,0.00023448889260180295,Low
23_1474,0.00015631692,8,8,8,8.0,3461.0,8,0.0002344753811485134,Low
23_3909,0.000117131596,6,8,7,6.0,370.0,5,0.00023426319239661098,Low
23_5490,0.00011707185,8,8,8,8.0,16440.0,8,0.00023414370662067086,Low
23_5794,0.00011704037,8,8,8,8.0,13414.0,,0.0002340807404834777,Low
23_5652,0.00015601076,,,,,1557.0,8,0.000234016144531779,Low
23_2461,0.00011697555,7,8,7,7.0,14489.0,8,0.0002339510974707082,Low
23_1281,0.00023218642,,,,,420.0,8,0.0002321864158147946,Low
23_2616,0.00022964811,7,7,5,5.0,85.0,8,0.00022964811068959534,Low
23_6446,7.64999e-05,6,7,6,6.0,1500.0,,0.00022949969570618123,Low
23_5182,0.000114585055,,,,,16937.0,8,0.00022917010937817395,Low
23_5335,0.00015234866,,,,,1074.0,8,0.00022852298570796847,Low
23_5955,0.00015217502,,,,,3590.0,8,0.00022826253552921116,Low
23_6223,0.00015106225,7,7,6,6.0,4430.0,,0.00022659337992081419,Low
23_2242,0.00022504997,,,,,191.0,8,0.00022504996741190553,Low
23_5696,0.00022471849,,,,,667.0,8,0.00022471848933491856,Low
23_1043,0.00022440609,,,,,35.0,8,0.00022440608881879598,Low
23_6496,0.00014914322,7,7,6,6.0,9180.0,,0.00022371482918970287,Low
23_0576,0.00022312983,8,8,8,8.0,90.0,5,0.0002231298276456073,Low
23_2269,0.00014860719,8,8,7,7.0,3198.0,8,0.00022291077766567469,Low
23_5968,0.00022280008,8,7,7,7.0,318.0,,0.0002228000812465325,Low
23_2909,0.00014830638,7,7,7,7.0,1640.0,8,0.00022245957370614633,Low
23_0848,0.00022244436,7,7,6,6.0,17.0,8,0.00022244435967877507,Low
23_3710,0.00014776546,,,,,4239.0,8,0.00022164818801684305,Low
23_3524,0.00022134441,8,7,6,6.0,820.0,8,0.00022134440951049328,Low
23_0202,7.3769384e-05,6,6,7,6.0,2530.0,,0.0002213081534137018,Low
23_1343,7.367434e-05,6,7,7,6.0,4850.0,,0.00022102301591075957,Low
23_2895,0.00014726752,,,,,2030.0,8,0.00022090128186391667,Low
23_2401,0.00022020454,7,7,7,7.0,201.0,8,0.00022020454343874007,Low
23_5829,0.00014672997,8,8,8,8.0,6700.0,,0.00022009496024111286,Low
23_3090,0.00021941109,8,8,8,8.0,175.0,8,0.00021941108570899814,Low
23_0708,0.0002191303,8,8,7,7.0,156.0,8,0.0002191303065046668,Low
23_3086,0.00014582141,,,,,2814.0,8,0.0002187321151723154,Low
23_6467,0.00021786346,,,,,398.0,8,0.00021786346042063087,Low
23_6447,0.000108603854,7,7,7,7.0,12602.0,,0.00021720770746469498,Low
23_6211,0.00014474792,,,,,3640.0,8,0.00021712187299272045,Low
23_1057,0.00021674772,,,,,67.0,8,0.0002167477214243263,Low
23_0555,0.00014444279,8,8,7,7.0,6601.0,,0.00021666418615495786,Low
23_6092,0.0001440909,,,,,2500.0,8,0.0002161363445338793,Low
23_5679,7.1861155e-05,6,6,6,6.0,3942.0,5,0.00021558346634265035,Low
23_6423,0.00014359946,8,8,7,7.0,4090.0,,0.00021539919544011354,Low
23_3492,0.00014310642,7,7,7,7.0,2044.0,8,0.00021465962345246226,Low
23_1327,0.00010697546,6,7,7,6.0,630.0,,0.00021395091607701033,Low
23_6383,0.000106780186,8,7,7,7.0,15846.0,,0.00021356037177611142,Low
23_2515,0.00010668116,7,7,7,7.0,12680.0,8,0.00021336232020985335,Low
23_0996,0.00014204667,8,8,7,7.0,2125.0,,0.00021307000861270353,Low
23_3040,0.00014198382,7,8,7,7.0,3044.0,8,0.00021297573402989656,Low
23_2235,7.086867e-05,6,6,6,6.0,5937.0,8,0.00021260601351968944,Low
23_3597,0.00014169264,7,7,7,7.0,8500.0,,0.00021253895829431713,Low
23_2033,0.00014160025,8,8,6,6.0,2038.0,8,0.00021240037312963977,Low
23_3129,0.00021206624,,,,,332.0,8,0.00021206623932812363,Low
23_5928,0.0001413294,,,,,6180.0,8,0.00021199409093242139,Low
23_2435,0.00010558914,8,8,8,8.0,12782.0,8,0.00021117828146088868,Low
23_5429,0.00021043533,7,7,7,7.0,580.0,,0.00021043533342890441,Low
23_3439,0.0002100102,,,,,41.0,8,0.00021001019922550768,Low
23_6498,6.998794e-05,6,6,7,6.0,4850.0,8,0.00020996381499571726,Low
23_2702,0.000104810686,7,8,8,7.0,12130.0,8,0.00020962137205060571,Low
23_2999,0.000104191575,7,7,7,7.0,12960.0,,0.00020838314958382398,Low
23_2665,0.00013867844,,,,,4741.0,8,0.00020801766368094832,Low
23_2503,0.00013865755,7,7,6,6.0,4286.0,8,0.00020798631885554641,Low
23_1470,0.000103629645,7,7,7,7.0,11740.0,8,0.00020725929061882198,Low
23_3911,0.0001032952,7,8,7,7.0,11580.0,,0.00020659039728343487,Low
23_0606,0.00013746733,7,7,6,6.0,2507.0,,0.00020620099530788139,Low
23_0984,0.00020601839,,,,,286.0,8,0.00020601839059963822,Low
23_0286,0.00013711203,7,8,7,7.0,1240.0,,0.00020566804596455768,Low
23_6066,0.00013685183,,,,,4660.0,8,0.00020527774177026004,Low
23_6244,0.00010205724,6,6,6,6.0,825.0,8,0.00020411447621881962,Low
23_2315,0.00013571684,,,,,3823.0,8,0.00020357525500003248,Low
23_5707,0.00020317499,,,,,72.0,8,0.00020317499001976103,Low
23_5644,0.00013515622,8,8,8,8.0,2850.0,8,0.00020273433619877324,Low
23_3793,0.000101045305,6,8,6,6.0,181.0,8,0.00020209061040077358,Low
23_6271,0.0001346811,,,,,2183.0,8,0.00020202165615046397,Low
23_3025,0.00013381001,7,7,6,6.0,3530.0,8,0.00020071501785423607,Low
23_000053530-00264,0.00020050706,,,,,1.0,5,0.00020050705643370748,Low
23_5939,0.000133559,,,,,1810.0,8,0.00020033850887557492,Low
23_2140,0.00010013541,7,7,7,7.0,14080.0,8,0.00020027082064189017,Low
23_6366,0.00019990174,,,,,152.0,8,0.0001999017404159531,Low
23_1338,9.991498e-05,7,7,7,7.0,13170.0,,0.00019982995581813157,Low
23_3523,6.628321e-05,6,7,7,6.0,3360.0,8,0.00019884962966898456,Low
23_1330,0.00013218395,7,7,7,7.0,2890.0,,0.0001982759276870638,Low
23_3544,0.00019825679,7,7,5,5.0,679.0,8,0.0001982567919185385,Low
23_0681,0.0001981585,,,,,206.0,8,0.0001981584937311709,Low
23_1312,0.00013203669,7,6,7,6.0,1298.0,,0.0001980550296138972,Low
23_5282,0.00013193223,,,,,1612.0,8,0.00019789834914263338,Low
23_2166,0.00013153441,,,,,4152.0,8,0.00019730161875486374,Low
23_6400,9.8507735e-05,8,8,8,8.0,14820.0,8,0.00019701546989381313,Low
23_2368,9.845017e-05,,,,,11631.0,8,0.0001969003351405263,Low
23_0896,0.00012920606,7,7,5,5.0,8348.0,8,0.00019380909361643717,Low
23_0604,0.00019307542,,,,,442.0,8,0.00019307542243041098,Low
23_6442,0.00019294256,8,8,8,8.0,331.0,,0.000192942563444376,Low
23_5183,0.00019272817,,,,,185.0,8,0.00019272817007731646,Low
23_2002,0.00012815671,,,,,4320.0,8,0.00019223506387788802,Low
23_5293,9.582167e-05,7,7,7,7.0,14080.0,,0.00019164333934895694,Low
23_5038,0.00012725995,9,9,6,6.0,1867.0,8,0.00019088992121396586,Low
23_6422,0.00012649255,7,7,7,7.0,4090.0,,0.00018973882833961397,Low
23_0340,0.00012642467,,,,,1750.0,5,0.00018963700131280348,Low
23_1323,9.454011e-05,7,7,7,7.0,24850.0,,0.00018908022320829332,Low
23_2372,6.2935396e-05,6,7,7,6.0,1480.0,8,0.00018880618881667033,Low
23_2013,0.00012553416,,,,,6708.0,8,0.0001883012446342036,Low
23_0542,0.00018788177,7,8,6,6.0,320.0,,0.0001878817711258307,Low
23_5110,0.0001865517,,,,,584.0,8,0.00018655169697012752,Low
23_3264,0.00012382964,,,,,1401.0,8,0.00018574445857666433,Low
23_3726,0.00012379045,9,9,9,9.0,4062.0,8,0.00018568567611509934,Low
23_0915,0.00018565824,7,7,7,7.0,164.0,8,0.00018565823847893625,Low
23_5557,0.00012327755,,,,,1565.0,8,0.00018491633090889081,Low
23_2414,0.00012310006,,,,,2336.0,8,0.00018465009634383023,Low
23_0607,0.00018423705,,,,,312.0,8,0.00018423705478198826,Low
23_5630,0.00012231786,8,7,6,6.0,1455.0,8,0.00018347678269492462,Low
23_6094,0.00012200124,,,,,2500.0,8,0.00018300186275155284,Low
23_6399,9.1483875e-05,7,7,6,6.0,14199.0,,0.00018296774942427874,Low
23_5106,9.1039874e-05,6,7,6,6.0,72.0,8,0.0001820797479012981,Low
23_0293,0.00018169318,7,8,8,7.0,639.0,,0.00018169317627325654,Low
23_2135,0.00012111232,,,,,1000.0,8,0.0001816684853110928,Low
23_0632,0.00018046108,8,8,6,6.0,20.0,7,0.00018046108016278595,Low
23_0485,6.0059047e-05,6,6,6,6.0,1395.0,8,0.00018017713955487125,Low
23_6368,0.00011985236,,,,,4440.0,5,0.00017977854076889344,Low
23_3955,0.00017833081,7,7,6,6.0,73.0,4,0.0001783308107405901,Low
23_5885,0.000118480944,7,7,7,7.0,2023.0,,0.00017772141654859297,Low
23_3814,0.00017679301,,,,,230.0,8,0.00017679300799500197,Low
23_2767,0.000117602096,8,8,8,8.0,3842.0,8,0.00017640314399614,Low
23_2134,0.00011755948,,,,,9100.0,8,0.00017633922107052058,Low
23_3236,8.809123e-05,6,6,6,6.0,833.0,3,0.00017618245328776538,Low
23_2039,5.8447175e-05,6,6,6,6.0,1370.0,8,0.0001753415235725697,Low
23_6373,5.8405945e-05,6,7,8,6.0,1404.0,,0.0001752178359311074,Low
23_6450,0.000116490555,7,8,7,7.0,7626.0,,0.0001747358328429982,Low
23_3263,5.8222096e-05,6,7,6,6.0,1527.0,8,0.00017466628924012184,Low
23_2932,0.000116348245,7,7,6,6.0,9955.0,7,0.00017452236716053449,Low
23_5790,8.714227e-05,7,8,8,7.0,10432.0,,0.00017428453429602087,Low
23_0863,0.00017404194,,,,,82.0,8,0.00017404193931724876,Low
23_3985,0.00011594123,,,,,1356.0,8,0.00017391184155712835,Low
23_0980,0.00017350989,,,,,252.0,8,0.0001735098921926692,Low
23_3412,0.00011553311,7,8,8,7.0,5532.0,8,0.0001732996679493226,Low
23_3666,0.00017186544,9,9,9,9.0,851.0,8,0.0001718654384603724,Low
23_1700010P0000000,0.00011447966,7,7,7,7.0,3939.0,,0.0001717194936645683,Low
23_0206,0.00017160704,7,7,6,6.0,506.0,8,0.00017160704010166228,Low
23_5648,0.00011402025,7,7,6,6.0,2872.0,4,0.00017103037680499256,Low
23_1117,0.00017102486,,,,,39.0,8,0.000171024861629121,Low
23_1493,0.00011397154,7,7,6,6.0,9180.0,,0.00017095730800065212,Low
23_3308,0.00017088809,,,,,40.0,8,0.00017088808817788959,Low
23_3126,0.00011382166,,,,,1356.0,8,0.00017073249182431027,Low
23_6451,0.00011370613,8,8,8,8.0,1880.0,8,0.00017055920034181327,Low
23_3945,0.000113345,8,8,8,8.0,9869.0,8,0.0001700174980214797,Low
23_5573,0.00011306703,,,,,1100.0,8,0.0001696005419944413,Low
23_1149,0.00016871982,,,,,32.0,8,0.00016871982370503247,Low
23_0978,0.00016846761,,,,,347.0,8,0.00016846760991029441,Low
23_5730,0.00011205199,,,,,1610.0,8,0.0001680779823800549,Low
23_3695,0.00016785349,,,,,430.0,8,0.00016785348998382688,Low
23_3267,8.369325e-05,6,6,6,6.0,609.0,4,0.00016738650447223336,Low
23_5162,0.00011110665,8,8,5,5.0,1420.0,8,0.0001666599782765843,Low
23_2425,0.00011099418,8,8,8,8.0,3910.0,8,0.00016649127064738423,Low
23_1272,0.0001655503,,,,,954.0,8,0.00016555030015297234,Low
23_6385,8.2335886e-05,7,8,7,7.0,14576.0,,0.00016467177192680538,Low
23_6029,0.00010942309,,,,,8530.0,8,0.0001641346352698747,Low
23_0278,0.000109248984,7,6,6,6.0,5870.0,,0.00016387347568525001,Low
23_6370,8.1790145e-05,8,8,7,7.0,22360.0,,0.0001635802909731865,Low
23_3262,0.00016303104,,,,,758.0,8,0.00016303104348480701,Low
23_6236,0.0001625717,,,,,51.0,8,0.00016257169772870839,Low
23_2602,0.00010835352,7,7,7,7.0,1856.0,8,0.00016253027570201084,Low
23_2404,0.00010829361,7,8,8,7.0,4541.0,8,0.00016244041034951806,Low
23_0990,0.00010821392,7,7,7,7.0,2820.0,,0.00016232088091783226,Low
23_5646,0.000108158725,,,,,1520.0,8,0.00016223808779614046,Low
23_0193,0.00016192811,,,,,240.0,8,0.0001619281101739034,Low
23_0198,0.00010743794,,,,,1890.0,8,0.00016115690959850326,Low
23_5052,0.00010741756,8,8,7,7.0,3960.0,,0.00016112633966258727,Low
23_2287,0.00010683987,7,7,7,7.0,1784.0,5,0.0001602598058525473,Low
23_2733,7.982587e-05,7,7,7,7.0,15091.0,8,0.00015965173952281475,Low
23_3338,0.00010634203,7,8,8,7.0,9561.0,8,0.00015951304158079438,Low
23_5077,0.00010624239,8,8,7,7.0,2720.0,7,0.00015936358613544144,Low
23_1228,0.000105932435,,,,,1904.0,8,0.00015889865244389512,Low
23_1144,0.00015817373,,,,,788.0,8,0.00015817373059689999,Low
23_2019,0.000104994455,8,8,8,8.0,6430.0,8,0.00015749168233014643,Low
23_2094,0.00010481948,7,7,8,7.0,1032.0,8,0.0001572292239870876,Low
23_6441,0.00010470381,8,8,7,7.0,1946.0,,0.00015705571422586218,Low
23_3327,0.000104599814,7,8,7,7.0,6182.0,8,0.0001568997213325929,Low
23_1332,7.840738e-05,7,6,7,6.0,12750.0,,0.00015681475633755326,Low
23_1301,0.00015678788,7,7,7,7.0,761.0,8,0.00015678787895012647,Low
23_5677,0.00015661247,,,,,428.0,8,0.00015661247016396374,Low
23_3334,0.000103956365,8,8,8,8.0,5085.0,8,0.00015593454736517742,Low
23_2120,0.000103924845,9,9,9,9.0,5628.0,8,0.00015588726819260046,Low
23_2676,7.792355e-05,,,,,13750.0,8,0.00015584709763061255,Low
23_6065,0.00010381767,,,,,4660.0,8,0.00015572650590911508,Low
23_0188,5.189443e-05,6,6,5,5.0,1710.0,,0.00015568328672088683,Low
23_2953,0.00015531968,,,,,288.0,8,0.00015531967801507562,Low
23_0295,0.00015507314,7,8,6,6.0,398.0,,0.00015507313946727663,Low
23_3098,0.000103352046,7,8,8,7.0,8555.0,8,0.00015502806854783557,Low
23_5738,0.00015480691,7,7,6,6.0,827.0,8,0.00015480691217817366,Low
23_0077,0.00015460895,,,,,210.0,8,0.00015460894792340696,Low
23_2518,7.697379e-05,7,8,5,5.0,12535.0,5,0.0001539475779281929,Low
23_0233,0.00015374906,,,,,272.0,8,0.00015374906070064753,Low
23_6407,0.00010242577,8,7,8,7.0,4867.0,,0.00015363865895778872,Low
23_2261,0.00010241493,8,8,8,8.0,2991.0,8,0.00015362239719252102,Low
23_2531,0.00015339849,,,,,227.0,8,0.00015339849051088095,Low
23_0879,0.00015335403,,,,,19.0,8,0.00015335403440985829,Low
23_0160,0.00015323768,,,,,190.0,8,0.00015323767729569227,Low
23_0090,0.000102082944,,,,,3195.0,8,0.00015312441610149108,Low
23_2947,0.0001528527,,,,,835.0,4,0.00015285270637832582,Low
23_0673,0.00015193506,8,8,8,8.0,112.0,8,0.000151935062604025,Low
23_2583,0.00010075704,7,8,7,7.0,3170.0,8,0.0001511355585535057,Low
23_6374,0.00010071708,7,7,6,6.0,4079.0,8,0.00015107561921468005,Low
23_0553,0.00010056986,7,8,7,7.0,1480.0,,0.00015085478662513196,Low
23_0007,0.00015063777,,,,,564.0,8,0.00015063777391333133,Low
23_2393,0.00010025188,,,,,4300.0,8,0.00015037781486171298,Low
23_1168,0.00015032913,,,,,42.0,8,0.00015032912779133767,Low
23_3128,0.00010000401,,,,,1081.0,8,0.0001500060097896494,Low
23_3750,9.984678e-05,,,,,1300.0,8,0.00014977017053752206,Low
23_5822,9.951258e-05,8,8,7,7.0,7105.0,,0.00014926887160982005,Low
23_6421,9.931019e-05,7,7,7,7.0,4292.0,9,0.00014896528955432586,Low
23_3458,9.9309145e-05,7,7,8,7.0,3584.0,8,0.0001489637179474812,Low
23_0348,9.9281126e-05,7,8,8,7.0,9351.0,,0.00014892168837832287,Low
23_3460,0.00014869437,8,6,6,6.0,630.0,8,0.00014869436563458294,Low
23_1233,4.9454182e-05,6,6,6,6.0,1580.0,,0.0001483625455875881,Low
23_3743,9.885751e-05,8,8,8,8.0,2872.0,8,0.0001482862680859398,Low
23_3049,9.878457e-05,8,8,8,8.0,1880.0,8,0.00014817685587331653,Low
23_2472,0.00014813381,,,,,410.0,0,0.00014813381130807102,Low
23_0139,0.00014801859,,,,,110.0,8,0.0001480185892432928,Low
23_2675,0.00014697503,9,9,9,9.0,134.0,8,0.00014697502774652094,Low
23_0210,4.893878e-05,6,6,6,6.0,1440.0,,0.0001468163354729768,Low
23_2150,7.280864e-05,6,6,6,6.0,159.0,4,0.0001456172758480534,Low
23_5583,9.700601e-05,,,,,1838.0,8,0.00014550900959875435,Low
23_0921,0.00014465727,7,8,7,7.0,123.0,8,0.0001446572714485228,Low
23_1072,9.640393e-05,,,,,1557.0,8,0.00014460589227383025,Low
23_2334,9.605221e-05,9,9,9,9.0,6355.0,8,0.0001440783125872258,Low
23_2769,9.5780466e-05,,,,,8785.0,8,0.00014367069888976403,Low
23_2660,9.576486e-05,8,8,8,8.0,5033.0,8,0.0001436472884961404,Low
23_5857,9.537571e-05,,,,,1604.0,8,0.0001430635675205849,Low
23_00000000000S501,9.510335e-05,7,7,6,6.0,2800.0,5,0.00014265502613852732,Low
23_3225,9.465992e-05,8,8,8,8.0,4810.0,8,0.0001419898762833327,Low
23_3036,4.7238744e-05,6,7,7,6.0,3570.0,4,0.00014171623115544207,Low
23_3454,0.00014128654,,,,,170.0,8,0.00014128653856460005,Low
23_1275,9.404657e-05,7,7,6,6.0,7809.0,,0.00014106985327089205,Low
23_3424,9.372578e-05,8,8,8,8.0,1084.0,8,0.00014058866872801445,Low
23_6277,9.3676106e-05,7,7,6,6.0,4730.0,,0.0001405141592840664,Low
23_2563,9.3619135e-05,,,,,6188.0,7,0.00014042870316188782,Low
23_3405,0.00014034957,,,,,208.0,8,0.00014034956984687597,Low
23_0082,9.352419e-05,7,7,6,6.0,8920.0,,0.0001402862872055266,Low
23_0296,9.3480325e-05,7,8,6,6.0,1070.0,,0.00014022048708284274,Low
23_2431,6.979532e-05,8,8,7,7.0,13996.0,8,0.00013959064381197095,Low
23_5053,9.2988754e-05,7,7,7,7.0,5629.0,8,0.00013948313062428497,Low
23_5008,9.277742e-05,,,,,1587.0,8,0.00013916613534092903,Low
23_6406,9.269165e-05,8,7,8,7.0,4867.0,,0.00013903747094445862,Low
23_2236,0.00013863176,,,,,423.0,8,0.00013863175990991294,Low
23_5627,0.00013858393,,,,,70.0,8,0.0001385839277645573,Low
23_1362,9.2265174e-05,7,7,7,7.0,4293.0,,0.000138397761475062,Low
23_0038,0.00013834535,7,8,6,6.0,948.0,,0.00013834534911438823,Low
23_2866,4.5915243e-05,6,7,7,6.0,2680.0,8,0.00013774573017144576,Low
23_0128,0.00013722622,7,7,7,7.0,194.0,8,0.00013722621952183545,Low
23_3244,9.1291455e-05,9,9,9,9.0,1015.0,8,0.000136937182105612,Low
23_1260,9.116627e-05,7,8,7,7.0,2530.0,8,0.00013674940782948397,Low
23_0703,0.00013663761,,,,,69.0,8,0.00013663760910276324,Low
23_3630,9.102546e-05,,,,,1587.0,8,0.00013653819041792303,Low
23_0988,0.00013597435,,,,,860.0,8,0.0001359743473585695,Low
23_2050,9.0635695e-05,,,,,2628.0,8,0.00013595354175777175,Low
23_3722,0.00013594894,,,,,776.0,8,0.00013594893971458077,Low
23_1360,9.0253016e-05,7,7,7,7.0,1158.0,8,0.00013537952327169478,Low
23_3087,8.9733825e-05,,,,,3314.0,8,0.00013460073751048185,Low
23_3188,4.483161e-05,6,6,7,6.0,7056.0,,0.0001344948286714498,Low
23_5849,8.9111e-05,8,8,7,7.0,2051.0,8,0.0001336665045528207,Low
23_6445,8.888543e-05,7,8,8,7.0,8716.0,8,0.0001333281397819519,Low
23_1314,0.00013319019,7,6,6,6.0,756.0,,0.000133190187625587,Low
23_1052,0.0001331822,8,8,8,8.0,72.0,4,0.0001331821986241266,Low
23_6133,0.00013313077,,,,,677.0,8,0.00013313077215570956,Low
23_3333,8.8662106e-05,8,8,8,8.0,4031.0,8,0.0001329931583313737,Low
23_2489,8.8554625e-05,7,7,7,7.0,2896.0,8,0.00013283193766255863,Low
23_2126,8.853411e-05,8,8,8,8.0,8910.0,8,0.00013280116036185063,Low
23_0281,8.8475965e-05,7,6,7,6.0,5770.0,5,0.00013271394709590822,Low
23_2117,8.8365174e-05,7,7,8,7.0,6509.0,8,0.00013254776058602147,Low
23_5954,6.6260145e-05,6,6,6,6.0,359.0,8,0.00013252029020804912,Low
23_3810,0.00013243993,,,,,947.0,8,0.00013243993453215808,Low
23_3762,8.8243316e-05,7,8,8,7.0,6340.0,8,0.00013236497397883795,Low
23_0083,8.806671e-05,7,7,7,7.0,1828.0,,0.00013210006000008434,Low
23_2339,8.791299e-05,8,8,8,8.0,1363.0,8,0.00013186948126531206,Low
23_2977,8.788407e-05,7,8,7,7.0,2119.0,8,0.0001318261092819739,Low
23_5926,8.782693e-05,,,,,4020.0,8,0.00013174039122532122,Low
23_3495,6.576454e-05,6,7,6,6.0,310.0,8,0.0001315290865022689,Low
23_6108,0.00013137108,,,,,190.0,8,0.0001313710818067193,Low
23_3860,8.755892e-05,8,8,8,8.0,2836.0,,0.00013133837637724355,Low
23_2619,8.717585e-05,7,8,8,7.0,3536.0,8,0.00013076377945253626,Low
23_6444,8.716014e-05,8,8,8,8.0,8716.0,9,0.0001307402053498663,Low
23_5639,8.711386e-05,8,8,8,8.0,1073.0,8,0.000130670792714227,Low
23_3551,8.683559e-05,,,,,3581.0,3,0.00013025338921579532,Low
23_0216,0.00013014273,,,,,673.0,8,0.0001301427255384624,Low
23_0324,8.660034e-05,7,7,7,7.0,2110.0,,0.00012990050890948623,Low
23_3280,8.6385066e-05,7,7,7,7.0,4658.0,8,0.00012957759827258997,Low
23_5457,8.629302e-05,7,7,7,7.0,1755.0,,0.00012943952606292441,Low
23_5796,6.470157e-05,,,,,18710.0,,0.00012940313899889588,Low
23_2980,8.585455e-05,,,,,2193.0,8,0.00012878183042630553,Low
23_2506,8.580536e-05,8,8,8,8.0,3105.0,8,0.0001287080413021613,Low
23_3110,8.5760614e-05,,,,,2290.0,8,0.00012864092059317045,Low
23_3372,0.0001285871,,,,,399.0,8,0.00012858709669671953,Low
23_0345,8.549744e-05,7,8,7,7.0,7300.0,,0.00012824616351281293,Low
23_3461,0.00012809513,,,,,52.0,8,0.0001280951255466789,Low
23_2313,8.5239626e-05,8,8,8,8.0,2013.0,8,0.00012785943908966146,Low
23_3016,8.5101725e-05,8,8,8,8.0,2330.0,8,0.00012765258725266904,Low
23_5099,8.499142e-05,7,7,7,7.0,1252.0,8,0.0001274871319765225,Low
23_0201,0.00012705346,,,,,325.0,8,0.00012705345579888672,Low
23_5629,8.415623e-05,,,,,1097.0,8,0.00012623434304259717,Low
23_2997,8.4021274e-05,,,,,3606.0,8,0.00012603191134985536,Low
23_2501,8.382121e-05,7,8,7,7.0,6449.0,8,0.00012573181084007956,Low
23_3765,8.356327e-05,8,8,7,7.0,1373.0,8,0.00012534490088000894,Low
23_2787,8.333965e-05,7,7,7,7.0,7591.0,8,0.00012500947195803747,Low
23_5289,8.325299e-05,,,,,1207.0,8,0.00012487948697526008,Low
23_3628,8.304509e-05,8,8,8,8.0,1274.0,8,0.00012456763215595856,Low
23_0194,0.00012447234,,,,,614.0,8,0.0001244723389390856,Low
23_2210,0.00012410921,8,8,8,8.0,797.0,8,0.00012410921044647694,Low
23_3013,8.242505e-05,8,8,8,8.0,4270.0,8,0.00012363757923594676,Low
23_5098,8.2305356e-05,7,7,7,7.0,1252.0,8,0.00012345803406788036,Low
23_1267,0.00012333093,,,,,500.0,8,0.0001233309303643182,Low
23_6246,8.2083854e-05,,,,,3850.0,8,0.00012312578110140748,Low
23_1475,8.193909e-05,7,7,7,7.0,4658.0,8,0.0001229086374223698,Low
23_0836,0.00012284513,,,,,707.0,8,0.0001228451292263344,Low
23_2546,8.183656e-05,7,7,7,7.0,7749.0,8,0.00012275483823032118,Low
23_2715,8.1784136e-05,7,7,7,7.0,9400.0,8,0.0001226762033184059,Low
23_1420,8.159694e-05,,,,,4610.0,8,0.00012239540956215933,Low
23_5463,8.156341e-05,,,,,1780.0,8,0.0001223451181431301,Low
23_1559,6.107486e-05,,,,,10780.0,,0.0001221497223014012,Low
23_2603,8.1137136e-05,7,7,6,6.0,5530.0,8,0.00012170570335001685,Low
23_3580,6.0375165e-05,6,7,7,6.0,890.0,8,0.00012075033009750769,Low
23_0417,0.00012040921,7,7,7,7.0,409.0,5,0.00012040921137668192,Low
23_5969,6.018139e-05,8,8,8,8.0,13050.0,,0.00012036278349114582,Low
23_2604,8.010779e-05,8,8,8,8.0,2095.0,8,0.00012016168693662621,Low
23_3222,7.997978e-05,8,8,8,8.0,1040.0,8,0.0001199696671392303,Low
23_0587,0.00011992279,,,,,267.0,8,0.00011992279178230092,Low
23_3948,7.98497e-05,,,,,6120.0,8,0.00011977454778389074,Low
23_5864,0.00011973757,,,,,573.0,4,0.00011973756772931665,Low
23_3328,7.977792e-05,8,8,8,8.0,1880.0,8,0.00011966688180109486,Low
23_0126,0.00011951855,,,,,70.0,8,0.0001195185468532145,Low
23_5974,0.0001195182,,,,,984.0,8,0.00011951819760724902,Low
23_3560,5.970648e-05,6,8,7,6.0,763.0,8,0.00011941295815631747,Low
23_5950,5.96519e-05,8,8,8,8.0,13050.0,8,0.00011930379696423188,Low
23_1432,5.96519e-05,9,9,9,9.0,13100.0,8,0.00011930379696423188,Low
23_6355,0.00011924021,,,,,58.0,3,0.00011924021237064153,Low
23_5234,7.91477e-05,,,,,1416.0,8,0.00011872154937009327,Low
23_0526,0.00011838654,,,,,59.0,8,0.00011838653881568462,Low
23_2412,7.867881e-05,8,8,8,8.0,1118.0,8,0.00011801821165136062,Low
23_2121,7.861252e-05,7,7,7,7.0,4427.0,8,0.00011791877477662638,Low
23_1431,5.8914095e-05,9,9,9,9.0,13100.0,8,0.0001178281891043298,Low
23_1433,5.8914095e-05,9,9,9,9.0,13100.0,8,0.0001178281891043298,Low
23_5949,5.8914095e-05,8,8,8,8.0,13050.0,8,0.0001178281891043298,Low
23_5951,5.8914095e-05,8,8,8,8.0,13050.0,8,0.0001178281891043298,Low
23_2043,7.819167e-05,,,,,9271.0,8,0.0001172875017800834,Low
23_6478,0.00011702453,,,,,682.0,8,0.00011702453048201278,Low
23_2803,5.849563e-05,,,,,12763.0,8,0.00011699125752784312,Low
23_1236,0.00011691935,8,8,8,8.0,387.0,8,0.00011691934923874214,Low
23_1110,5.837042e-05,6,7,6,6.0,210.0,8,0.00011674084089463577,Low
23_2799,3.889018e-05,6,6,6,6.0,4222.0,8,0.00011667053695418872,Low
23_5813,5.8223486e-05,9,9,9,9.0,15150.0,,0.00011644697224255651,Low
23_2458,7.740867e-05,7,7,7,7.0,6734.0,8,0.0001161130094260443,Low
23_6369,5.80224e-05,,,,,18815.0,,0.00011604480096139014,Low
23_0074,0.00011603835,8,8,8,8.0,77.0,5,0.00011603834718698636,Low
23_5570,7.725293e-05,,,,,2903.0,8,0.0001158793966169469,Low
23_2811,7.701652e-05,,,,,4702.0,8,0.00011552478099474683,Low
23_1386,7.671255e-05,,,,,2410.0,8,0.00011506882947287522,Low
23_5129,7.6692726e-05,8,8,8,8.0,1803.0,8,0.00011503908899612725,Low
23_5669,7.645126e-05,7,7,6,6.0,6420.0,8,0.00011467688818811439,Low
23_3313,7.643485e-05,7,7,7,7.0,3760.0,,0.00011465227726148441,Low
23_2625,7.641758e-05,8,8,8,8.0,8930.0,8,0.00011462636757642031,Low
23_5102,7.637402e-05,8,8,8,8.0,1539.0,8,0.00011456102583906613,Low
23_2479,7.602806e-05,7,7,7,7.0,1228.0,8,0.00011404208999010734,Low
23_2335,7.583964e-05,,,,,4957.0,8,0.000113759462692542,Low
23_3697,0.000113740294,7,7,7,7.0,220.0,8,0.00011374029418220744,Low
23_2605,7.55365e-05,7,7,7,7.0,8478.0,8,0.00011330475535942242,Low
23_1430,5.6584635e-05,9,9,9,9.0,13100.0,,0.0001131692697526887,Low
23_2765,7.539416e-05,8,8,8,8.0,2991.0,8,0.00011309123510727659,Low
23_3969,7.514581e-05,,,,,6273.0,8,0.0001127187097154092,Low
23_2256,7.5110205e-05,7,8,6,6.0,5279.0,8,0.0001126653078244999,Low
23_1119,0.000112545655,,,,,40.0,8,0.00011254565470153466,Low
23_5315,7.4808624e-05,9,9,9,9.0,1679.0,8,0.00011221293607377447,Low
23_3171,7.4485455e-05,,,,,1546.0,8,0.00011172818267368712,Low
23_3960,0.00011144651,,,,,580.0,8,0.00011144651216454804,Low
23_0690,0.00011073095,8,8,8,8.0,257.0,8,0.00011073095083702356,Low
23_0802,3.686803e-05,6,7,7,6.0,3973.0,8,0.00011060409087804146,Low
23_3964,0.0001105105,7,8,8,7.0,221.0,8,0.00011051049659727141,Low
23_0532,0.0001103519,,,,,251.0,8,0.00011035190254915506,Low
23_3910,7.353073e-05,,,,,1930.0,8,0.00011029609959223308,Low
23_3592,0.00010971637,8,8,8,8.0,530.0,8,0.00010971636947942898,Low
23_2989,5.4840617e-05,6,7,7,6.0,60.0,8,0.00010968123388011009,Low
23_2089,0.00010964703,,,,,620.0,8,0.00010964702960336581,Low
23_6372,7.307219e-05,7,7,7,7.0,8514.0,,0.00010960828149109147,Low
23_3584,0.00010947027,7,7,8,7.0,463.0,8,0.00010947026748908684,Low
23_0815,7.295229e-05,7,6,6,6.0,3000.0,,0.00010942843073280528,Low
23_1319,7.268072e-05,7,6,7,6.0,3280.0,,0.00010902107896981761,Low
23_5611,0.000108984066,,,,,504.0,8,0.00010898406617343426,Low
23_5199,0.00010835145,,,,,967.0,8,0.00010835145076271147,Low
23_2912,7.2088274e-05,8,8,8,8.0,1900.0,8,0.00010813241169671528,Low
23_1404,7.191442e-05,,,,,2460.0,8,0.00010787163409986533,Low
23_1318,7.1763156e-05,7,7,7,7.0,1752.0,,0.00010764473336166702,Low
23_2632,7.173196e-05,8,8,8,8.0,2180.0,8,0.00010759794531622902,Low
23_6186,0.00010732306,,,,,451.0,8,0.00010732305963756517,Low
23_2825,7.136713e-05,8,8,8,8.0,4649.0,8,0.00010705069871619344,Low
23_2047,5.3463533e-05,8,8,7,7.0,12150.0,8,0.00010692706564441323,Low
23_5027,0.00010667739,7,7,7,7.0,470.0,8,0.00010667739115888253,Low
23_0270,0.00010633768,7,7,7,7.0,363.0,,0.0001063376766978763,Low
23_3588,7.0740454e-05,,,,,2052.0,8,0.00010611068137222901,Low
23_3248,7.0716174e-05,7,8,8,7.0,1517.0,8,0.00010607426156639121,Low
23_3365,7.027008e-05,,,,,1064.0,8,0.00010540511721046641,Low
23_2162,0.00010539017,7,7,6,6.0,480.0,8,0.00010539017239352688,Low
23_1304,0.00010533511,,,,,480.0,8,0.00010533510794630274,Low
23_2438,6.961047e-05,8,8,8,8.0,1660.0,8,0.0001044157033902593,Low
23_2600,6.937032e-05,,,,,1728.0,8,0.00010405547800473869,Low
23_3111,6.9157635e-05,,,,,1640.0,8,0.0001037364527292084,Low
23_2796,6.914642e-05,7,7,7,7.0,4200.0,8,0.00010371963435318321,Low
23_1315,0.000103199694,7,6,7,6.0,989.0,,0.00010319969442207366,Low
23_3535,6.839521e-05,8,8,8,8.0,4649.0,8,0.00010259281407343224,Low
23_0271,6.815561e-05,7,7,7,7.0,6638.0,,0.00010223341814707965,Low
23_6427,0.00010207019,7,6,7,6.0,250.0,8,0.00010207018931396306,Low
23_0679,0.000101824815,,,,,991.0,8,0.00010182481491938233,Low
23_1170,0.00010160086,8,8,8,8.0,63.0,8,0.00010160086094401777,Low
23_5260,6.773246e-05,8,8,8,8.0,5075.0,,0.00010159868543269113,Low
23_0017,0.000101144884,8,8,7,7.0,558.0,5,0.00010114488395629451,Low
23_3994,0.00010098963,,,,,946.0,8,0.00010098962957272306,Low
23_2801,6.710677e-05,7,7,7,7.0,2396.0,8,0.00010066015238407999,Low
23_0072,6.7007466e-05,7,7,6,6.0,3544.0,5,0.00010051119897980243,Low
23_3112,6.690709e-05,8,8,8,8.0,6960.0,8,0.00010036063031293452,Low
23_3649,0.00010031049,9,9,9,9.0,705.0,8,0.00010031049168901518,Low
23_5962,5.0139897e-05,7,8,8,7.0,10310.0,,0.00010027979442384094,Low
23_1438,5.0139897e-05,7,8,8,7.0,10000.0,,0.00010027979442384094,Low
23_2750,6.679871e-05,7,7,6,6.0,1310.0,3,0.00010019806722993962,Low
23_0248,0.00010013282,7,7,7,7.0,540.0,,0.00010013282008003443,Low
23_1399,6.6481916e-05,,,,,2360.0,8,9.97228744381573e-05,Low
23_5276,6.628112e-05,8,7,8,7.0,9730.0,8,9.942168253473938e-05,Low
23_1530,6.625193e-05,7,7,6,6.0,1153.0,8,9.937789582181722e-05,Low
23_3153,6.6227796e-05,,,,,1921.0,8,9.934169429470785e-05,Low
23_3092,6.617243e-05,,,,,2407.0,8,9.925865015247837e-05,Low
23_2398,9.9234545e-05,8,8,8,8.0,920.0,8,9.923454490490258e-05,Low
23_5347,6.5515036e-05,8,8,8,8.0,3134.0,8,9.827255416894332e-05,Low
23_6454,6.540068e-05,8,8,7,7.0,1574.0,,9.810101983021013e-05,Low
23_0254,9.795097e-05,7,7,7,7.0,320.0,8,9.795097139431164e-05,Low
23_2319,4.8818194e-05,,,,,12663.0,8,9.76363880909048e-05,Low
23_1088,9.7487005e-05,,,,,905.0,8,9.7487005405128e-05,Low
23_3624,6.4959495e-05,7,7,7,7.0,2872.0,8,9.74392423813697e-05,Low
23_3996,9.727e-05,7,8,8,7.0,351.0,8,9.726999996928498e-05,Low
23_6440,9.695329e-05,7,7,7,7.0,964.0,8,9.69532920862548e-05,Low
23_0208,9.683549e-05,7,7,7,7.0,580.0,,9.683548705652356e-05,Low
23_2933,6.452522e-05,7,7,7,7.0,2660.0,8,9.678783317212947e-05,Low
23_3304,6.415378e-05,,,,,4605.0,8,9.623066580388695e-05,Low
23_6214,6.410767e-05,7,8,7,7.0,6602.0,8,9.616150418878533e-05,Low
23_0122,9.61234e-05,7,7,6,6.0,300.0,8,9.612340363673866e-05,Low
23_3175,6.393782e-05,7,7,7,7.0,6652.0,8,9.590672925696708e-05,Low
23_2973,6.384241e-05,8,7,7,7.0,7522.0,8,9.57636148086749e-05,Low
23_0268,6.3765685e-05,7,7,6,6.0,4951.0,,9.564852734911256e-05,Low
23_0213,9.5414915e-05,7,7,7,7.0,505.0,8,9.541491454001516e-05,Low
23_3214,6.352958e-05,7,8,7,7.0,3461.0,8,9.529437011224218e-05,Low
23_2083,6.340569e-05,,,,,2368.0,8,9.510853851679713e-05,Low
23_1316,9.510389e-05,7,7,7,7.0,433.0,,9.510388917988166e-05,Low
23_0269,6.318134e-05,7,7,7,7.0,1940.0,,9.47720072872471e-05,Low
23_6204,4.716546e-05,6,6,6,6.0,157.0,5,9.433092054678127e-05,Low
23_1412,6.2349325e-05,,,,,3160.0,8,9.352398774353787e-05,Low
23_0200,9.3402006e-05,8,8,8,8.0,632.0,8,9.340200631413609e-05,Low
23_2082,6.221319e-05,,,,,2368.0,8,9.331978799309582e-05,Low
23_3099,9.3262184e-05,7,7,7,7.0,261.0,8,9.326218423666432e-05,Low
23_2867,6.189536e-05,9,9,9,9.0,3454.0,8,9.284304542234167e-05,Low
23_0215,6.1569874e-05,7,7,7,7.0,3005.0,8,9.235481047653593e-05,Low
23_5126,9.171377e-05,7,6,6,6.0,504.0,8,9.171377314487472e-05,Low
23_3957,9.127231e-05,8,8,8,8.0,258.0,5,9.127231169259176e-05,Low
23_2475,6.078353e-05,,,,,4336.0,8,9.117529771174304e-05,Low
23_5035,9.1125075e-05,,,,,359.0,8,9.112507541431114e-05,Low
23_3471,9.099864e-05,,,,,916.0,8,9.099864109884948e-05,Low
23_1142,6.0297258e-05,7,7,6,6.0,1650.0,,9.044588659889996e-05,Low
23_5438,6.018449e-05,7,7,7,7.0,2872.0,8,9.027673695527483e-05,Low
23_2445,8.996121e-05,8,8,7,7.0,463.0,8,8.996121323434636e-05,Low
23_5019,8.988044e-05,8,8,8,8.0,790.0,8,8.988044282887131e-05,Low
23_2385,5.9895236e-05,,,,,1641.0,8,8.984285341284703e-05,Low
23_2638,5.9847567e-05,,,,,7918.0,8,8.977135075838305e-05,Low
23_0087,5.9833354e-05,8,8,8,8.0,1738.0,8,8.975003038358409e-05,Low
23_5952,5.9825827e-05,7,7,7,7.0,9990.0,,8.973873991635628e-05,Low
23_0089,8.958421e-05,,,,,819.0,8,8.958420949056745e-05,Low
23_3714,5.9716673e-05,,,,,3461.0,8,8.957500904216431e-05,Low
23_2195002P0000000,8.947373e-05,7,7,7,7.0,250.0,,8.947373135015368e-05,Low
23_0623,8.912732e-05,7,7,7,7.0,284.0,8,8.912732300814241e-05,Low
23_2190,5.8864e-05,8,8,8,8.0,3600.0,8,8.829599937598687e-05,Low
23_6452,5.8853842e-05,8,8,7,7.0,1880.0,,8.828076352074277e-05,Low
23_2522,5.8824273e-05,8,8,8,8.0,2081.0,8,8.82364092831267e-05,Low
23_2781,5.88084e-05,,,,,1410.0,8,8.821260053082369e-05,Low
23_2003,5.873481e-05,8,8,8,8.0,3239.0,8,8.810221697785892e-05,Low
23_1421,5.8706704e-05,,,,,4610.0,8,8.806005644146353e-05,Low
23_3907,5.8676083e-05,7,8,8,7.0,9150.0,,8.80141251400346e-05,Low
23_5143,5.8580594e-05,,,,,1009.0,8,8.787089063844178e-05,Low
23_3287,5.850623e-05,9,9,9,9.0,3500.0,8,8.775934475124814e-05,Low
23_0181,8.758707e-05,,,,,461.0,8,8.758706826483831e-05,Low
23_2904,5.8332414e-05,8,8,8,8.0,4779.0,8,8.74986217240803e-05,Low
23_3840,5.8068566e-05,,,,,8650.0,8,8.71028496476356e-05,Low
23_3212,8.66632e-05,7,7,7,7.0,248.0,8,8.666320354677737e-05,Low
23_2917,5.7526766e-05,8,8,8,8.0,9795.0,8,8.629014882899355e-05,Low
23_0817,5.726017e-05,7,6,7,6.0,1830.0,,8.589025674154982e-05,Low
23_2187,5.7176032e-05,8,7,8,7.0,5884.0,8,8.57640479807742e-05,Low
23_3881,5.703314e-05,7,7,6,6.0,4270.0,5,8.554970918339677e-05,Low
23_3490,8.551905e-05,8,8,8,8.0,690.0,8,8.551905193598941e-05,Low
23_5346,5.7002253e-05,8,8,8,8.0,2445.0,8,8.550337952328846e-05,Low
23_5264,5.6933317e-05,,,,,3655.0,8,8.539997543266509e-05,Low
23_1518,5.691671e-05,7,7,6,6.0,1049.0,8,8.537506437278353e-05,Low
23_0040,8.532168e-05,7,7,7,7.0,611.0,,8.532167703378946e-05,Low
23_2668,5.6763416e-05,,,,,1189.0,8,8.514512410329189e-05,Low
23_2217,8.472641e-05,7,7,6,6.0,821.0,8,8.472640911350027e-05,Low
23_2273,5.6351953e-05,7,7,7,7.0,4261.0,8,8.452793008473236e-05,Low
23_3368,5.6148114e-05,7,7,7,7.0,1530.0,5,8.422217069892213e-05,Low
23_2239,4.2079504e-05,,,,,10799.0,8,8.41590081108734e-05,Low
23_3528,5.608358e-05,9,9,6,6.0,4800.0,,8.412536953983363e-05,Low
23_2324,5.595398e-05,,,,,7445.0,8,8.393097050429787e-05,Low
23_2127,4.187698e-05,,,,,11370.0,8,8.375396282644942e-05,Low
23_3228,5.581169e-05,7,7,7,7.0,1901.0,8,8.371753756364342e-05,Low
23_3563,5.5803765e-05,7,7,7,7.0,4940.0,8,8.370564682991244e-05,Low
23_1325,8.351181e-05,7,7,7,7.0,870.0,,8.351181168109179e-05,Low
23_3256,5.5521483e-05,8,8,8,8.0,1030.0,,8.328222429554444e-05,Low
23_5009,5.5247947e-05,7,7,7,7.0,4004.0,8,8.287192031275481e-05,Low
23_2975,5.5241464e-05,8,8,8,8.0,2765.0,8,8.286219599540345e-05,Low
23_000053530-TMP06,8.271607e-05,,,,,1.0,5,8.2716069300659e-05,Low
23_2870,5.512837e-05,,,,,3767.0,8,8.269255522463936e-05,Low
23_0253,8.239197e-05,,,,,903.0,4,8.239196904469281e-05,Low
23_2029,5.4884455e-05,9,9,9,9.0,2396.0,8,8.232668187702075e-05,Low
23_0806,8.2303704e-05,8,8,8,8.0,266.0,8,8.230370440287516e-05,Low
23_3163,5.484485e-05,7,8,8,7.0,3840.0,8,8.226727732107975e-05,Low
23_2910,5.480867e-05,7,7,7,7.0,3662.0,8,8.221300231525674e-05,Low
23_3250,8.1847254e-05,7,7,6,6.0,350.0,8,8.184725447790697e-05,Low
23_2349,8.173611e-05,,,,,720.0,8,8.17361069493927e-05,Low
23_0998,8.1088256e-05,7,7,7,7.0,550.0,,8.108825568342581e-05,Low
23_3899,5.3754884e-05,8,8,7,7.0,1153.0,8,8.063232598942704e-05,Low
23_2673,5.3699656e-05,7,7,7,7.0,3096.0,8,8.054948375502136e-05,Low
23_1388,5.3689975e-05,,,,,2410.0,8,8.053496276261285e-05,Low
23_2378,5.367011e-05,7,7,7,7.0,3032.0,8,8.050516771618277e-05,Low
23_2403,8.0498256e-05,7,7,7,7.0,950.0,8,8.04982555564493e-05,Low
23_0801,8.039123e-05,7,7,8,7.0,774.0,8,8.039123349590227e-05,Low
23_2942,5.346068e-05,9,9,9,9.0,4540.0,8,8.019102097023278e-05,Low
23_0321,5.3228505e-05,,,,,6578.0,8,7.98427572590299e-05,Low
23_1286,7.980159e-05,8,8,8,8.0,780.0,8,7.980158989084885e-05,Low
23_0054,7.9674755e-05,8,8,8,8.0,770.0,,7.96747553977184e-05,Low
23_0050,5.306177e-05,7,7,7,7.0,2401.0,5,7.959265349199995e-05,Low
23_2688,5.302307e-05,7,7,8,7.0,3145.0,8,7.95346077211434e-05,Low
23_1405,5.297344e-05,,,,,2460.0,8,7.946015830384567e-05,Low
23_3516,7.9379526e-05,8,8,8,8.0,195.0,8,7.937952614156529e-05,Low
23_000053530-TMP07,7.921045e-05,,,,,1.0,5,7.92104474385269e-05,Low
23_2384,7.888533e-05,7,8,8,7.0,200.0,8,7.888532854849473e-05,Low
23_3976,7.879827e-05,8,8,8,8.0,132.0,8,7.879827171564102e-05,Low
23_5078,7.8743215e-05,8,8,7,7.0,330.0,8,7.87432145443745e-05,Low
23_5243,7.864693e-05,7,7,7,7.0,767.0,8,7.8646931797266e-05,Low
23_3216,7.799127e-05,8,8,8,8.0,720.0,8,7.79912734287791e-05,Low
23_5760,7.7658944e-05,7,8,7,7.0,453.0,,7.765894406475127e-05,Low
23_3801,5.170475e-05,8,8,8,8.0,2030.0,8,7.755712249490898e-05,Low
23_2194,5.1595103e-05,8,8,8,8.0,2051.0,8,7.739265493000858e-05,Low
23_5500,5.141936e-05,8,8,8,8.0,1925.0,8,7.71290397096891e-05,Low
23_1329,5.1406365e-05,7,7,7,7.0,2760.0,,7.71095474192407e-05,Low
23_2370,3.8518574e-05,,,,,11922.0,8,7.703714800300077e-05,Low
23_2874,5.1153736e-05,7,8,8,7.0,1312.0,8,7.67306046327576e-05,Low
23_5723,5.1139647e-05,7,8,6,6.0,7894.0,8,7.67094697948778e-05,Low
23_1350,5.0630082e-05,,,,,4420.0,8,7.594512317155022e-05,Low
23_6375,5.0575458e-05,7,7,7,7.0,4630.0,,7.58631867938675e-05,Low
23_2527,5.049758e-05,,,,,2230.0,8,7.574636947538238e-05,Low
23_2545,5.0279712e-05,7,7,7,7.0,1425.0,8,7.541956802015193e-05,Low
23_2570,5.026346e-05,7,8,7,7.0,8456.0,8,7.539519174315501e-05,Low
23_5108,5.002022e-05,7,7,6,6.0,2360.0,8,7.503032793465536e-05,Low
23_2157,4.9965867e-05,8,8,8,8.0,5097.0,8,7.494880082958844e-05,Low
23_3494,4.9821276e-05,7,8,7,7.0,5070.0,8,7.473191362805665e-05,Low
23_2341,4.944471e-05,,,,,3892.0,8,7.416706284857355e-05,Low
23_5902,4.935958e-05,,,,,2890.0,8,7.403936979244463e-05,Low
23_0183,7.346352e-05,7,7,6,6.0,870.0,8,7.346351776504889e-05,Low
23_3468,4.884558e-05,8,9,9,8.0,3610.0,8,7.326837112486828e-05,Low
23_2693,4.8809863e-05,8,8,8,8.0,6153.0,8,7.321479461097624e-05,Low
23_6435,4.841554e-05,,,,,2310.0,,7.262330836965702e-05,Low
23_3388,7.2365634e-05,7,7,7,7.0,998.0,8,7.236563396872953e-05,Low
23_3546,7.168485e-05,7,7,7,7.0,402.0,8,7.168485171860084e-05,Low
23_5047,7.1051785e-05,,,,,300.0,8,7.105178519850597e-05,Low
23_6571,4.729468e-05,,,,,3020.0,8,7.09420219209278e-05,Low
23_3202,4.7080528e-05,7,7,7,7.0,2483.0,8,7.062079203024041e-05,Low
23_6487,7.058439e-05,,,,,795.0,8,7.058439223328605e-05,Low
23_3867,4.7030408e-05,,,,,1871.0,,7.054561137920246e-05,Low
23_2934,4.6563433e-05,8,8,8,8.0,1410.0,8,6.98451494827168e-05,Low
23_2719,4.5793113e-05,,,,,9253.0,8,6.868966920592356e-05,Low
23_0165,6.823267e-05,7,7,6,6.0,450.0,8,6.823267176514491e-05,Low
23_3219,4.5133085e-05,8,8,8,8.0,1447.0,8,6.769962783437222e-05,Low
23_0141,6.699928e-05,,,,,700.0,8,6.6999280534219e-05,Low
23_3500,4.4638185e-05,7,8,8,7.0,2670.0,8,6.695727824990172e-05,Low
23_2754,4.4456534e-05,8,8,8,8.0,1722.0,8,6.668480091320816e-05,Low
23_6436,4.4341665e-05,,,,,2567.0,8,6.651249714195728e-05,Low
23_3975,6.64418e-05,8,8,7,7.0,970.0,8,6.644179666182026e-05,Low
23_2464,4.427503e-05,8,8,8,8.0,2734.0,8,6.641254731221125e-05,Low
23_5007,6.6390625e-05,8,8,8,8.0,382.0,8,6.639062485191971e-05,Low
23_2914,4.38513e-05,,,,,4050.0,8,6.577695239684545e-05,Low
23_2151,6.507699e-05,7,8,8,7.0,430.0,8,6.507698708446696e-05,Low
23_1525,4.3024676e-05,8,8,8,8.0,4031.0,8,6.453701462305617e-05,Low
23_2290,4.295969e-05,8,7,7,7.0,2832.0,8,6.443953679990955e-05,Low
23_2405,4.259134e-05,8,8,7,7.0,1732.0,8,6.388700785464607e-05,Low
23_2955,4.2576314e-05,8,8,8,8.0,1407.0,8,6.386447057593614e-05,Low
23_2317,6.3179476e-05,8,8,8,8.0,236.0,8,6.317947554634884e-05,Low
23_2993,4.204252e-05,8,8,6,6.0,1660.0,7,6.306378054432571e-05,Low
23_2063,4.202124e-05,7,7,6,6.0,3504.0,8,6.303185728029348e-05,Low
23_2927,4.2011623e-05,7,7,7,7.0,1570.0,8,6.301743451331276e-05,Low
23_3734,6.281386e-05,8,8,8,8.0,420.0,8,6.281385867623612e-05,Low
23_2350,4.1813775e-05,,,,,4281.0,8,6.272066275414545e-05,Low
23_1221,4.1652707e-05,7,7,7,7.0,1050.0,5,6.247906094358768e-05,Low
23_3159,4.1646235e-05,9,9,9,9.0,1106.0,8,6.246935299714096e-05,Low
23_5310,4.1574174e-05,7,7,7,7.0,1362.0,5,6.236126137082465e-05,Low
23_3426,4.1131123e-05,8,8,8,8.0,2631.0,8,6.169668449729215e-05,Low
23_5160,6.163332e-05,8,8,8,8.0,410.0,8,6.163332000141963e-05,Low
23_6362,4.094886e-05,8,8,7,7.0,4060.0,8,6.142329038993921e-05,Low
23_3987,4.093812e-05,,,,,4321.0,8,6.140718141978141e-05,Low
23_3586,6.125983e-05,8,8,8,8.0,529.0,8,6.125983054516837e-05,Low
23_3170,6.110317e-05,7,7,7,7.0,567.0,8,6.110317190177739e-05,Low
23_6449,3.0442223e-05,8,8,8,8.0,10120.0,,6.088444570195861e-05,Low
23_3882,6.056067e-05,7,7,7,7.0,57.0,8,6.0560669226106256e-05,Low
23_2177,4.0332994e-05,7,7,7,7.0,8559.0,8,6.04994911554968e-05,Low
23_3143,4.0056166e-05,7,7,6,6.0,6620.0,8,6.008424861647654e-05,Low
23_2747,3.961977e-05,8,8,8,8.0,4126.0,8,5.94296525378013e-05,Low
23_5159,5.923893e-05,7,7,7,7.0,510.0,8,5.9238929679850116e-05,Low
23_2807,3.9277733e-05,8,8,8,8.0,4210.0,8,5.891659930057358e-05,Low
23_2318,3.920805e-05,7,7,6,6.0,7935.0,8,5.881207653146703e-05,Low
23_6135,5.6759192e-05,7,7,7,7.0,480.0,8,5.675919237546623e-05,Low
23_3620,3.7705493e-05,,,,,2814.0,8,5.65582395211095e-05,Low
23_5658,5.6379744e-05,7,7,7,7.0,270.0,8,5.637974390992895e-05,Low
23_3234,5.619831e-05,7,7,8,7.0,480.0,8,5.619831063086167e-05,Low
23_2112,5.6002937e-05,7,8,8,7.0,772.0,8,5.6002936617005616e-05,Low
23_3738,3.6965266e-05,7,8,8,7.0,5026.0,8,5.544789928535465e-05,Low
23_0150,5.5376226e-05,7,7,7,7.0,368.0,8,5.5376225645886734e-05,Low
23_2555,3.6653833e-05,,,,,2977.0,8,5.498075006471481e-05,Low
23_3857,3.6168654e-05,8,8,7,7.0,2275.0,8,5.425298149930313e-05,Low
23_1243,5.4217347e-05,7,7,7,7.0,544.0,8,5.421734749688767e-05,Low
23_2596,5.3821255e-05,7,8,6,6.0,515.0,8,5.3821255278307945e-05,Low
23_2084,5.306607e-05,8,8,7,7.0,533.0,8,5.306606908561662e-05,Low
23_5912,3.511097e-05,8,9,9,8.0,1395.0,8,5.266645530355163e-05,Low
23_1223,5.2647505e-05,7,7,7,7.0,854.0,8,5.264750507194549e-05,Low
23_3783,5.2632142e-05,8,8,7,7.0,942.0,8,5.263214188744314e-05,Low
23_3623,3.47525e-05,,,,,2988.0,8,5.2128747483948246e-05,Low
23_3103,3.4566907e-05,8,8,8,8.0,1720.0,8,5.185036025068257e-05,Low
23_5128,5.1098355e-05,7,8,8,7.0,379.0,8,5.1098355470458046e-05,Low
23_3369,5.087668e-05,7,7,7,7.0,540.0,8,5.087667886982672e-05,Low
23_3286,3.3741344e-05,8,8,8,8.0,3303.0,8,5.06120159116108e-05,Low
23_2565,5.060856e-05,8,8,8,8.0,898.0,8,5.060855983174406e-05,Low
23_3070,4.9389146e-05,8,8,8,8.0,694.0,8,4.938914571539499e-05,Low
23_5061,3.2920234e-05,,,,,7186.0,8,4.9380350901628844e-05,Low
23_0987,4.9221995e-05,7,7,7,7.0,598.0,,4.922199514112435e-05,Low
23_2199,3.2793272e-05,8,8,8,8.0,2190.0,8,4.9189908168045804e-05,Low
23_6411,3.2770262e-05,7,7,6,6.0,6590.0,,4.915539284411352e-05,Low
23_6412,3.2770262e-05,7,7,6,6.0,6590.0,,4.915539284411352e-05,Low
23_2692,4.9066166e-05,7,7,7,7.0,630.0,8,4.9066165956901386e-05,Low
23_2856,4.810526e-05,7,7,7,7.0,848.0,5,4.810525933862664e-05,Low
23_6443,3.1995445e-05,7,7,8,7.0,2239.0,,4.799316775461193e-05,Low
23_5988,3.1872503e-05,,,,,8120.0,,4.7808754970901646e-05,Low
23_2228,3.1777206e-05,7,7,7,7.0,1425.0,8,4.7665809688623995e-05,Low
23_2230,3.1722495e-05,8,8,7,7.0,9490.0,8,4.7583742343704216e-05,Low
23_2248,3.1670294e-05,8,8,7,7.0,1570.0,8,4.750544030684978e-05,Low
23_2898,3.1490858e-05,8,8,7,7.0,1220.0,8,4.72362862637965e-05,Low
23_2916,4.6790803e-05,7,8,8,7.0,629.0,8,4.6790803025942296e-05,Low
23_0707,4.648322e-05,8,8,8,8.0,77.0,8,4.6483219193760306e-05,Low
23_3719,4.565058e-05,8,8,8,8.0,926.0,8,4.5650580432266e-05,Low
23_3044,3.0122104e-05,,,,,4848.0,8,4.518315654422622e-05,Low
23_5444,2.9981995e-05,7,8,7,7.0,2580.0,8,4.497299232752994e-05,Low
23_3215,4.4953365e-05,8,8,8,8.0,918.0,8,4.495336543186568e-05,Low
23_0367,4.4731125e-05,8,8,8,8.0,790.0,5,4.473112494451925e-05,Low
23_3265,4.402129e-05,9,9,9,9.0,629.0,8,4.402128979563713e-05,Low
23_3562,4.3358592e-05,8,8,8,8.0,221.0,8,4.33585919381585e-05,Low
23_3736,4.319895e-05,7,8,8,7.0,930.0,8,4.31989501521457e-05,Low
23_2233,2.8638948e-05,,,,,5863.0,8,4.295842154533602e-05,Low
23_5069,2.8610884e-05,8,8,8,8.0,2364.0,8,4.2916326492559165e-05,Low
23_3113,4.276064e-05,7,8,7,7.0,960.0,8,4.2760639189509675e-05,Low
23_1246,2.8469818e-05,7,7,7,7.0,1420.0,8,4.270472709322348e-05,Low
23_2663,2.839528e-05,,,,,7103.0,8,4.259291927155573e-05,Low
23_1751,4.1827094e-05,8,8,8,8.0,407.0,8,4.182709380984306e-05,Low
23_5764,3.9979306e-05,7,7,8,7.0,765.0,8,3.997930616606027e-05,Low
23_2848,2.6451415e-05,8,8,8,8.0,1410.0,8,3.9677122003922705e-05,Low
23_1273,2.5316831e-05,7,7,7,7.0,2712.0,,3.7975246414134745e-05,Low
23_3063,2.4938176e-05,9,9,7,7.0,2644.0,8,3.7407263334898744e-05,Low
23_3951,3.7093097e-05,8,8,8,8.0,906.0,8,3.709309748956002e-05,Low
23_5176,2.379922e-05,7,7,7,7.0,1910.0,8,3.56988311978057e-05,Low
23_0218,1.8397288e-05,7,7,8,7.0,3310.0,8,2.7595931896939874e-05,Low
23_2930,2.7094973e-05,8,8,8,8.0,860.0,8,2.7094973120256327e-05,Low
23_5578,2.6964055e-05,8,8,8,8.0,900.0,8,2.696405499591492e-05,Low
