bridge_id,state,logistic_regression_pred,logistic_regression_proba,random_forest_pred,random_forest_proba,xgboost_pred,xgboost_proba,true_label
ME_0002,ME,0,1.801736283554287e-05,0,0.0010249410349242268,0,0.0007969418,0
ME_0007,ME,0,1.9874317267502644e-05,0,0.0006363459663305854,0,0.0005659544,0
ME_0011,ME,0,0.47206946713114145,0,0.16866867199927377,0,0.042682685,0
ME_0012,ME,0,3.051981792689209e-05,0,0.00043020227029885245,0,0.00033399506,0
ME_0017,ME,0,1.2380208444916333e-07,0,0.003871979846846658,0,0.0005134776,0
ME_0019,ME,0,1.1120258911834323e-06,0,0.03270900521868636,0,0.0015002056,0
ME_0028,ME,0,8.128264625458406e-07,0,0.046396977719434795,0,0.001744604,0
ME_0030,ME,0,0.4101523470449761,0,0.16231437283287903,0,0.013829991,0
ME_0034,ME,0,5.470802571056925e-06,0,0.0406301027409532,0,0.00028444256,0
ME_0035,ME,0,4.72981126413513e-06,0,0.06285879019478526,0,0.0004566514,0
ME_0036,ME,0,2.108072655967026e-06,0,0.003620044361021098,0,0.00015597521,0
ME_0037,ME,0,2.171014544683022e-06,0,0.029372011507348837,0,0.00027420305,0
ME_0038,ME,0,8.438667475908718e-05,0,0.10058742141053534,0,0.0008193678,0
ME_0039,ME,0,3.2478984726115563e-06,0,0.09641170616693197,0,0.00038556507,0
ME_0040,ME,0,8.022448731770067e-07,0,0.007640114808550516,0,7.532991e-05,0
ME_0041,ME,0,1.661455761134825e-06,0,0.1478679961976575,0,0.0015833925,0
ME_0047,ME,0,0.0008837860589531522,0,0.06328432257759409,0,0.0035015247,0
ME_0048,ME,0,0.0011589512171111902,0,0.02427329466477531,0,0.0041910745,0
ME_0050,ME,0,2.0879022378362206e-05,0,0.04294226024001835,0,0.0002323195,0
ME_0053,ME,0,0.00028304237622575254,0,0.13688119464931287,0,0.0005549687,0
ME_0054,ME,0,7.334127424307786e-07,0,0.00194548893617365,0,0.00018284908,0
ME_0057,ME,1,0.9650360287891013,1,0.8948588801410218,1,0.990031,1
ME_0059,ME,0,0.0003530122214949186,0,0.014875412929155705,0,0.0004835397,0
ME_0060,ME,0,0.0005204944637806965,0,0.06602265773579225,0,0.00048152762,0
ME_0063,ME,1,0.9640604128235061,0,0.41603900109364517,0,0.13218829,0
ME_0070,ME,0,0.04010380460233848,0,0.36789911398772335,0,0.056746457,0
ME_0072,ME,0,3.029146938693352e-05,0,0.016210166155812167,0,0.00013999672,0
ME_0073,ME,0,2.1290334616187313e-06,0,0.051009461607635,0,0.0025079849,0
ME_0074,ME,0,1.9305952044430694e-07,0,0.01651049882559943,0,0.0008615239,0
ME_0076,ME,1,0.9205799062882609,0,0.3869731585140425,0,0.16384453,0
ME_0077,ME,0,1.758686993899273e-05,0,0.0037500627962415963,0,0.00063716393,0
ME_0079,ME,1,0.5643889063315118,0,0.40397911069544584,0,0.04213692,0
ME_0080,ME,0,0.016048999637235842,0,0.11606855027840077,0,0.0018480064,0
ME_0081,ME,0,4.206607501099057e-06,0,0.010672050752584993,0,5.07028e-05,0
ME_0082,ME,0,1.2109409839393052e-06,0,0.010233568543904644,0,0.00010356425,0
ME_0083,ME,0,2.16908192759775e-06,0,0.028859172902879784,0,0.00018654743,0
ME_0084,ME,0,5.427295171405165e-06,0,0.06618410335254699,0,0.000561782,0
ME_0085,ME,0,2.409445574581813e-06,0,0.03623669946846117,0,0.0003921958,0
ME_0086,ME,0,2.3108423094311394e-06,0,0.03641509916371407,0,9.1062706e-05,0
ME_0087,ME,0,1.0048337399258693e-06,0,0.020040498525863083,0,0.00023935527,0
ME_0088,ME,0,0.0002754034610240408,0,0.23314874085721632,0,0.013899837,0
ME_0089,ME,0,2.1750294352494287e-05,0,0.00024276847802867435,0,0.0002720083,0
ME_0090,ME,0,2.770067610654758e-05,0,0.0016718168303589342,0,0.00012988126,0
ME_0095,ME,0,1.243953278665532e-05,0,0.000134663997683216,0,0.00032832532,0
ME_0096,ME,0,4.613276175597868e-06,0,0.025353400694643178,0,0.0003505599,0
ME_0097,ME,0,2.851191488388497e-06,0,0.02338344951806381,0,0.00019147531,0
ME_0098,ME,0,2.344668941762455e-06,0,0.009714818029723167,0,0.0001410456,0
ME_0099,ME,0,1.657218065574652e-06,0,0.004238310199237147,0,5.6748104e-05,0
ME_0100,ME,0,3.777569416658309e-06,0,0.00923666478216999,0,0.00016229492,0
ME_0101,ME,0,0.00016423521891651232,0,0.14555925571301345,0,0.0029802236,0
ME_0102,ME,0,5.621191648231725e-06,0,0.09902555356115124,0,0.0005134414,0
ME_0119,ME,0,7.148648914266234e-05,0,0.003394747158578252,0,0.0007137692,0
ME_0122,ME,0,8.540382737431212e-05,0,0.017115780102912818,0,0.0006759366,0
ME_0126,ME,0,7.207572838991007e-06,0,0.0003478305601681204,0,0.0012604388,0
ME_0127,ME,0,5.23849023134026e-05,0,0.0053495085254438675,0,0.007978992,0
ME_0128,ME,0,0.00016236243988538966,0,0.08725470828561974,0,0.0006250958,0
ME_0131,ME,0,4.152808716519521e-05,0,0.004092149300010042,0,0.00052658597,0
ME_0135,ME,0,0.2831189045146309,0,0.437687180834725,0,0.20586832,1
ME_0139,ME,0,1.3798478332872449e-05,0,0.0002968426697920847,0,0.00054171233,0
ME_0141,ME,0,2.574621215809992e-05,0,0.0002968426697920847,0,0.00065770757,0
ME_0149,ME,1,0.9619234577291158,1,0.6700979913375681,0,0.38351226,0
ME_0150,ME,0,4.982613079879617e-05,0,0.033774611127421965,0,0.00033994482,0
ME_0151,ME,0,0.0015734220061080343,0,0.03895794205239135,0,0.00053127087,0
ME_0153,ME,0,0.006727532680463682,0,0.144432586646407,0,0.002703514,0
ME_0158,ME,0,0.005119439352688982,0,0.029908778111415676,0,0.00024131032,0
ME_0160,ME,0,2.0889414678013393e-05,0,0.00031194539270400554,0,0.00049612386,0
ME_0163,ME,1,0.8831076440065158,1,0.9434303458415023,1,0.9842874,1
ME_0165,ME,0,6.818839041775671e-05,0,0.10463869438869401,0,0.0004878685,0
ME_0167,ME,0,0.000988940996702196,0,0.013844456913818396,0,0.0007111724,0
ME_0171,ME,0,0.0821074366712234,0,0.35906724573872484,0,0.30466238,0
ME_0174,ME,0,5.963457014531939e-05,0,0.00026826728108534194,0,0.0008160178,0
ME_0177,ME,0,8.576664559541391e-08,0,0.015926312798085623,0,0.00025556184,0
ME_0181,ME,0,0.00010018483278442935,0,0.00025393463587479833,0,0.0003085398,0
ME_0182,ME,0,0.0002631204361924786,0,0.09386847756368959,0,0.0008807833,0
ME_0183,ME,0,7.78486521397741e-05,0,0.09282967333505611,0,0.00020245387,0
ME_0188,ME,0,0.0035368784315736677,0,0.1224989035854116,0,0.0005111814,0
ME_0189,ME,1,0.9987885273801673,1,0.8987063570982887,1,0.99875975,1
ME_0190,ME,0,0.0007521254140125433,0,0.16876764377380782,0,0.011306603,0
ME_0192,ME,0,0.3418513828413101,0,0.30702001754329944,0,0.048568398,0
ME_0193,ME,0,1.3833461592906353e-05,0,0.001656945841115629,0,0.000288313,0
ME_0194,ME,0,1.4076470417891293e-05,0,0.0009047762298728599,0,0.00046063864,0
ME_0197,ME,1,0.9981130716245009,1,0.9115646125190879,1,0.9983119,1
ME_0198,ME,0,0.00010979990950785162,0,0.0003478305601681204,0,0.0005680283,0
ME_0200,ME,0,7.809740532615244e-06,0,0.028844028130378358,0,0.0007551681,0
ME_0201,ME,0,2.496530495644919e-05,0,0.0003478305601681204,0,0.0005754316,0
ME_0202,ME,0,0.0013837036508430563,0,0.007853492319561887,0,0.0009304694,0
ME_0203,ME,0,0.09161300206182525,0,0.13994724297639613,0,0.04627063,0
ME_0204,ME,0,0.0001044167039451237,0,0.07000169414131246,0,0.0014099819,0
ME_0206,ME,0,4.491575257444671e-06,0,0.0888185283671655,0,0.0005988117,0
ME_0208,ME,0,4.692474515468092e-06,0,0.0059791310901529116,0,0.00034262514,0
ME_0209,ME,1,0.9991073703731067,1,0.9562833794604197,1,0.9987245,1
ME_0210,ME,0,0.005141012388036249,0,0.06358537839899177,0,0.0005356812,0
ME_0213,ME,0,6.575829553566284e-05,0,0.03038397652699798,0,0.0010768976,0
ME_0214,ME,0,3.255821601718066e-05,0,0.0004930793941885357,0,0.0006696079,0
ME_0215,ME,0,2.9930714101686117e-06,0,0.01292105735114183,0,0.0006190207,0
ME_0216,ME,0,4.287566321294145e-05,0,0.0016929522193726162,0,0.0004706947,0
ME_0218,ME,0,5.186530889038118e-06,0,0.015759367038322585,0,0.0004580611,0
ME_0230,ME,0,7.107429042285473e-05,0,0.14448805379925897,0,0.0016032044,0
ME_0233,ME,0,2.5752953307795937e-05,0,0.00024276847802867435,0,0.0007986337,0
ME_0237,ME,0,9.761799168372373e-06,0,0.043122854167707794,0,0.0038018478,0
ME_0238,ME,0,0.19008730119710054,0,0.25657076606678986,0,0.012740623,0
ME_0246,ME,0,0.004438934840124806,0,0.07816203246260528,0,0.0015546106,0
ME_0247,ME,0,5.204358968389177e-05,0,0.004495185877095978,0,0.0007838047,0
ME_0248,ME,0,4.7712846011292387e-05,0,0.006319759667909955,0,0.00034656038,0
ME_0250,ME,0,0.00017648662060535197,0,0.11784943758573649,0,0.008176406,0
ME_0253,ME,0,6.139348371093979e-06,0,0.0005158449357296657,0,0.0005895428,0
ME_0254,ME,0,6.912195725206824e-05,0,0.005378480929173349,0,0.00038239034,0
ME_0257,ME,1,0.9995395695623844,1,0.8938204144071743,1,0.9945819,1
ME_0268,ME,0,8.593995170667443e-07,0,0.02796463084284026,0,0.00022081827,0
ME_0269,ME,0,3.208188009655653e-05,0,0.04605894216275243,0,0.00062333693,0
ME_0270,ME,0,1.0616010152078478e-06,0,0.02296712032758841,0,0.00014609336,0
ME_0271,ME,0,2.442287651004525e-06,0,0.006566355588871147,0,0.00012705963,0
ME_0272,ME,0,0.001175398535900846,0,0.0012381626394365247,0,8.554238e-05,0
ME_0276,ME,0,3.610165916051677e-08,0,0.03865337262885352,0,0.0005830117,0
ME_0277,ME,0,7.268119278827459e-07,0,0.0032978866950812663,0,8.8148285e-05,0
ME_0278,ME,0,6.514092423620229e-05,0,0.039470736904275994,0,8.7399174e-05,0
ME_0279,ME,0,5.133404903114016e-05,0,0.010486873346263647,0,0.00052447186,0
ME_0280,ME,0,3.4780528010531322e-06,0,0.09886260529306397,0,0.00026196218,0
ME_0281,ME,0,1.1848946818908592e-06,0,0.03116318104100662,0,0.00020332982,0
ME_0283,ME,0,3.957824305531935e-06,0,0.05559547120809218,0,0.0007195731,0
ME_0284,ME,0,3.7071573585389165e-05,0,0.016679527797788585,0,0.00031977898,0
ME_0285,ME,0,2.4220149856487246e-06,0,0.10169358037656699,0,0.0005723052,0
ME_0286,ME,0,2.0093683074589602e-06,0,0.03381295791887508,0,0.00026704633,0
ME_0287,ME,0,4.522877723835618e-06,0,0.06941380066700535,0,0.00051713025,0
ME_0288,ME,0,2.506952615864211e-06,0,0.13390546963758887,0,0.00042176744,0
ME_0289,ME,0,3.6964043118821903e-06,0,0.07187283629257003,0,0.0009712023,0
ME_0291,ME,0,3.4930920463212138e-06,0,0.05208703008360264,0,0.0010921551,0
ME_0292,ME,0,2.9752126130567303e-06,0,0.06042321578865762,0,0.00039207225,0
ME_0293,ME,0,5.932762571981742e-07,0,0.013891188940208599,0,0.00014301446,0
ME_0294,ME,0,9.235919165730107e-05,0,0.22835030219279892,0,0.0012263195,0
ME_0295,ME,0,7.584844302727086e-05,0,0.09984081979790142,0,0.00084328733,0
ME_0296,ME,0,8.042756296339923e-05,0,0.09933856974647479,0,0.0007668385,0
ME_0297,ME,0,3.7296355232500022e-06,0,0.03294020851268062,0,8.778825e-05,0
ME_0298,ME,0,0.00037548223162022084,0,0.061916319576987934,0,0.0015462472,0
ME_0306,ME,0,1.3528675779478242e-06,0,0.026993452398343852,0,0.00015015076,0
ME_0316,ME,0,0.0011833500283458956,0,0.19733310423347789,0,0.0042723157,0
ME_0317,ME,0,3.916490062036772e-06,0,0.2738597131618562,0,0.0024423536,0
ME_0318,ME,1,0.99106218028258,1,0.9525307661697585,1,0.99891174,1
ME_0321,ME,0,2.0802252666227613e-05,0,0.0007126098921572332,0,0.00021480027,0
ME_0324,ME,0,9.666865144237166e-05,0,0.00848578542559195,0,0.0004558679,0
ME_0328,ME,0,7.907313152817602e-06,0,0.0017703582436625553,0,0.001321074,0
ME_0332,ME,0,0.00024379693341693398,0,0.06511914537368621,0,0.010093197,0
ME_0340,ME,0,4.2221401467574626e-05,0,0.0007357199669862312,0,0.00028947808,0
ME_0343,ME,0,0.00029968419088292317,0,0.004286199970203583,0,0.00031411467,0
ME_0344,ME,0,3.4841728938103148e-06,0,0.0076207930099425865,0,0.00012007223,0
ME_0345,ME,0,6.318468107494309e-07,0,0.0038459269944184455,0,0.00023522394,0
ME_0346,ME,0,4.3992360197994785e-06,0,0.011422807855386592,0,0.00018950336,0
ME_0347,ME,0,3.5906549750616346e-07,0,0.007521043473690184,0,9.999332e-05,0
ME_0348,ME,0,4.9754754139923406e-05,0,0.01555424062457878,0,7.332606e-05,0
ME_0349,ME,0,2.9825766511982986e-06,0,0.011480942153724288,0,0.00020167608,0
ME_0350,ME,0,0.023079060991172205,0,0.05781818303074224,0,0.0048420676,0
ME_0351,ME,0,4.23161823249555e-06,0,0.05946359177607878,0,0.0001400202,0
ME_0352,ME,0,0.00030263386420157094,0,0.24063976977567839,0,0.00045012266,0
ME_0358,ME,1,0.9991934926765799,1,0.8993389778763395,1,0.9981906,1
ME_0361,ME,0,0.00020601931832994868,0,0.22341645638175972,0,0.0028576616,0
ME_0362,ME,0,5.924371102383329e-06,0,0.11470626911497381,0,0.0030396727,0
ME_0363,ME,0,3.7001088670161805e-06,0,0.008609216552597073,0,7.167985e-05,0
ME_0364,ME,0,4.6048110247938136e-08,0,0.02968357828155825,0,0.00021087521,0
ME_0365,ME,0,7.781362718350768e-05,0,0.21478098577552024,0,0.0025120347,0
ME_0366,ME,0,5.1804185079335024e-05,0,0.00810192796682749,0,0.0005792947,0
ME_0367,ME,0,1.443692369703489e-07,0,0.024217263062588004,0,0.00045131645,0
ME_0369,ME,0,0.0017204276103360428,0,0.05768791941575068,0,0.00074508326,0
ME_0370,ME,0,8.452283465970084e-08,0,0.020364444921329602,0,8.757512e-05,0
ME_0373,ME,0,0.1833987184252247,0,0.43057247783542085,0,0.05268154,0
ME_0379,ME,0,0.008990260447794187,0,0.10112767318319697,0,0.004398993,0
ME_0382,ME,0,6.388254878846497e-05,0,0.00012564066111932993,0,0.00091841543,0
ME_0383,ME,0,9.670666188142617e-06,0,0.16473729727317077,0,0.0030607225,0
ME_0386,ME,0,3.177140114723477e-05,0,0.26066396912323453,0,0.0017417512,0
ME_0394,ME,0,0.0816050381236181,0,0.3474557257390126,0,0.28459704,0
ME_0399,ME,0,0.0012104926869605725,0,0.30048787924997533,0,0.022750752,0
ME_0401,ME,0,5.898586530143248e-05,0,0.00026826728108534194,0,0.00061346166,0
ME_0406,ME,0,0.0003169036451471399,0,0.2548311162004485,0,0.014497787,0
ME_0407,ME,0,7.256081896381302e-05,0,0.37808909307108635,0,0.0030476511,0
ME_0408,ME,0,0.0003651635994360477,0,0.09706673902529628,0,0.0020004066,0
ME_0416,ME,0,0.02793230188233996,0,0.2633560546855174,0,0.0188234,0
ME_0417,ME,0,5.028333596270491e-05,0,0.03286400428646252,0,0.0003969877,0
ME_0422,ME,0,2.0156225310635734e-05,0,0.2216162415276133,0,0.014603184,0
ME_0424,ME,1,0.8940587571603293,1,0.6442123842325537,0,0.54787296,0
ME_0430,ME,0,0.0004340832216018011,0,0.10442235021950187,0,0.05707418,0
ME_0432,ME,0,0.00253073794961326,0,0.30606887299352,0,0.013310203,0
ME_0439,ME,0,3.753963493248754e-07,0,0.03883129914825231,0,0.000842725,0
ME_0441,ME,0,1.182817398826429e-06,0,0.00043628165664688726,0,0.00032768832,0
ME_0452,ME,0,0.28807353853454964,0,0.34443173216388606,0,0.02982125,1
ME_0455,ME,0,3.1881641189482766e-06,0,0.020128374901252744,0,0.010135343,0
ME_0484,ME,0,0.029353238855698554,0,0.28876676947229,0,0.0064432654,0
ME_0485,ME,0,0.0010775472443973423,0,0.014333420660589838,0,0.0008025293,0
ME_0487,ME,1,0.9999757752214249,1,0.9401852133375929,1,0.99871016,1
ME_0490,ME,1,0.8407175236865728,1,0.5678949231587941,0,0.28957057,0
ME_0495,ME,1,0.9999763896853153,1,0.9569040317648672,1,0.9958306,1
ME_0498,ME,0,4.8536786481454063e-05,0,0.10004884510369293,0,0.0036580402,0
ME_0500,ME,1,0.9970227417894187,1,0.9336496784343732,1,0.9989405,1
ME_0506,ME,0,4.668265742048581e-05,0,0.09124783916456934,0,0.00071050005,0
ME_0509,ME,0,0.0001866757017852488,0,0.003317508302985702,0,0.0019485859,0
ME_0511,ME,1,0.9968631301193607,1,0.9503659098152321,1,0.998563,1
ME_0517,ME,0,9.127842296792078e-09,0,0.04205352760374697,0,0.0043051974,0
ME_0525,ME,0,0.010804662904883034,0,0.27759884353678044,0,0.0024027776,0
ME_0526,ME,0,0.0006287432085784545,0,0.0009269018192379523,0,0.00083222415,0
ME_0532,ME,0,1.1835362129377565e-05,0,0.0005158600615309551,0,0.0007706662,0
ME_0533,ME,0,7.53760685180645e-08,0,0.010344093518116328,0,0.0017816492,0
ME_0537,ME,0,0.00021571514816591696,0,0.00020736132711249354,0,0.00042539646,0
ME_0540,ME,0,0.00014990284955964322,0,0.07340031066585402,0,0.001325747,0
ME_0541,ME,0,2.866246786045927e-06,0,0.09648186487554901,0,0.00051830796,0
ME_0542,ME,0,8.695091314557207e-05,0,0.10299796327115533,0,0.00092495565,0
ME_0543,ME,0,2.8959188592060812e-08,0,0.07674897504096977,0,0.00044649598,0
ME_0544,ME,0,8.921918617910238e-05,0,0.08660969325282544,0,0.0011644446,0
ME_0545,ME,0,2.908867471277714e-06,0,0.12991593635523133,0,0.0004183472,0
ME_0546,ME,0,9.37743456049105e-05,0,0.1541335703207955,0,0.00112113,0
ME_0547,ME,0,6.310950077404153e-06,0,0.07547826350351168,0,0.0005467349,0
ME_0548,ME,0,0.00035719895698713415,0,0.08631484019957138,0,0.0028532327,0
ME_0550,ME,0,3.306564244303112e-06,0,0.08262797699256437,0,0.00090045313,0
ME_0551,ME,0,0.00031888072836720873,0,0.021828903759728038,0,0.0012735849,0
ME_0552,ME,0,0.00022833257980663576,0,0.11784167626879999,0,0.0023948846,0
ME_0553,ME,0,7.59012797902119e-05,0,0.08857150952631665,0,0.00082642294,0
ME_0554,ME,1,0.5902096776168976,0,0.38616048919493845,0,0.28112265,0
ME_0555,ME,0,9.208008391365218e-07,0,0.10651064709755456,0,0.0026565252,0
ME_0557,ME,0,3.120280774649335e-05,0,0.0021010200383383055,0,0.00096068735,0
ME_0561,ME,1,0.9979156445917171,1,0.9278484890735149,1,0.9986045,1
ME_0563,ME,1,0.9993881306137723,1,0.9573841378800748,1,0.9990025,1
ME_0565,ME,0,0.0001053957647258444,0,0.19555987442433825,0,0.0028017182,0
ME_0567,ME,1,0.9884448995993007,1,0.9583765766497051,1,0.9985678,1
ME_0569,ME,0,7.112421950889095e-08,0,0.0073239706866187505,0,0.0007603934,0
ME_0576,ME,0,1.6077735417471582e-07,0,0.042539568402035294,0,0.00049241673,0
ME_0578,ME,0,0.014246149150933016,0,0.0391842199021908,0,0.0069657806,0
ME_0585,ME,0,0.005683083302778869,0,0.09061839709136692,0,0.0013171799,0
ME_0587,ME,0,2.336910325567081e-05,0,0.006637572129523893,0,0.00069564336,0
ME_0589,ME,0,0.43350470680123887,0,0.2950253610663258,0,0.07281001,0
ME_0591,ME,0,5.076617891682481e-05,0,0.0035599410238177616,0,0.0010811528,0
ME_0592,ME,0,0.00012489239035034415,0,0.046305513426295006,0,0.018384192,0
ME_0594,ME,0,2.6540341031204483e-05,0,0.0029735636493574756,0,0.00089523,0
ME_0603,ME,0,3.895187785824454e-05,0,0.0061613363012622815,0,0.0012182646,0
ME_0604,ME,0,2.3905838837524814e-05,0,0.005260380188843577,0,0.00052551145,0
ME_0605,ME,0,0.190287490590659,0,0.26193788355651826,0,0.012748513,0
ME_0606,ME,0,5.609319290254124e-05,0,0.06659783398692806,0,0.0018260282,0
ME_0607,ME,0,3.0441653505742776e-06,0,0.0005383067506443108,0,0.0003243332,0
ME_0611,ME,1,0.9976225552385578,1,0.8938600437220802,1,0.99874216,1
ME_0613,ME,0,0.004476054309913114,0,0.42242779433852784,0,0.0042006834,0
ME_0614,ME,1,0.9998140190602,1,0.9250288182846909,1,0.9959416,1
ME_0621,ME,0,4.6821371900293997e-07,0,0.013431903258012265,0,0.002015863,0
ME_0623,ME,0,0.00011735956391140742,0,0.08210991440881796,0,0.0009460489,0
ME_0625,ME,0,0.01650397503027436,0,0.12024220149762736,0,0.0028340006,0
ME_0626,ME,0,0.0002305835437071248,0,0.12267882332083178,0,0.0054295845,0
ME_0627,ME,1,0.8939683999798338,1,0.5241188589017094,0,0.38431782,0
ME_0631,ME,0,2.4099779075355887e-07,0,0.09780464892725578,0,0.004006697,0
ME_0632,ME,0,1.7314636835169297e-07,0,0.05261964670523542,0,0.002089125,0
ME_0641,ME,0,2.708074738686739e-07,0,0.015746701777235524,0,0.0010284631,0
ME_0642,ME,0,8.712872733512393e-07,0,0.18173078429966885,0,0.0028247756,0
ME_0649,ME,1,0.934144895944285,1,0.5429605102548237,0,0.5015426,0
ME_0651,ME,0,9.601704644726614e-05,0,0.0006899535066241094,0,0.0010248149,0
ME_0652,ME,0,3.126365296279195e-05,0,0.2736073388840426,0,0.020347493,0
ME_0658,ME,0,3.134860271162458e-05,0,0.00038225677812882915,0,0.000705339,0
ME_0662,ME,0,2.332506008320513e-05,0,0.0008577249045626212,0,0.0005780138,0
ME_0663,ME,0,0.004744813617178016,0,0.08060174103855836,0,0.005810214,0
ME_0665,ME,0,1.7347633084820392e-06,0,0.019780434381075736,0,0.0014180412,0
ME_0672,ME,0,5.602729401927944e-05,0,0.0003253838710547646,0,0.00065306074,0
ME_0673,ME,0,1.9698859636557176e-08,0,0.01423273198099116,0,0.0003451862,0
ME_0676,ME,1,0.9950300556660178,1,0.9377355335596333,1,0.9987191,0
ME_0679,ME,0,5.562426568167727e-06,0,0.0017558774621602101,0,0.00043734565,0
ME_0681,ME,0,1.9448504110613988e-05,0,0.0003253838710547646,0,0.001022868,0
ME_0685,ME,0,0.0002376061655484403,0,0.23026115683201676,0,0.0017949134,0
ME_0688,ME,0,3.0866398052787665e-07,0,0.020022497004166924,0,0.004019946,0
ME_0690,ME,0,9.01391435335471e-08,0,0.022088942885339025,0,0.0005455038,0
ME_0697,ME,0,1.973746982894304e-05,0,0.0009269018192379523,0,0.000886352,0
ME_0698,ME,0,2.191166603409163e-05,0,0.005972987635278887,0,0.0007318572,0
ME_0701,ME,0,0.012320937972915086,0,0.059533758798615694,0,0.01388113,0
ME_0703,ME,0,6.508180415069589e-06,0,0.0007632556258999345,0,0.00097285066,0
ME_0705,ME,0,1.0266211304120332e-05,0,0.0009269018192379523,0,0.0005216587,0
ME_0707,ME,0,2.9087688492869274e-07,0,0.0130989289873204,0,0.0008443527,0
ME_0708,ME,0,1.2213632880095146e-06,0,0.010935227858611854,0,0.0013371431,0
ME_0710,ME,0,0.0004634892710699173,0,0.11354136831429198,0,0.0025278437,0
ME_0712,ME,0,6.43277507105187e-06,0,0.01125167254569492,0,0.0010351342,0
ME_0714,ME,1,0.927393630690583,1,0.6239000273202667,0,0.40812,0
ME_0720,ME,0,3.501603365783568e-05,0,0.10374508862903241,0,0.0013329369,0
ME_0721,ME,0,0.005408323947455485,0,0.27825258775046896,0,0.016495856,1
ME_0726,ME,0,5.104448547011514e-05,0,0.12928967634897856,0,0.003569912,0
ME_0731,ME,0,5.378825002453121e-07,0,0.037587508278710734,0,0.0072294604,0
ME_0735,ME,0,3.992266825346156e-05,0,0.1280582601586459,0,0.003799914,0
ME_0736,ME,0,7.928514823181237e-06,0,0.025401773024557414,0,0.0034887898,0
ME_0740,ME,0,0.0003292113625508776,0,0.06914505219723034,0,0.01718319,0
ME_0744,ME,1,0.9928305713483968,1,0.9469520382387138,1,0.99847287,1
ME_0745,ME,0,0.0018424656235259203,0,0.05223037645358171,0,0.00085071236,0
ME_0748,ME,0,7.476918955719661e-05,0,0.08459003930495464,0,0.009697407,0
ME_0756,ME,0,4.77193696391048e-05,0,0.0017226809447535155,0,0.00062962354,0
ME_0757,ME,1,0.9996749001808407,1,0.8750737042436038,1,0.9980293,1
ME_0758,ME,0,0.007710372212519857,0,0.1354555729470054,0,0.023262193,0
ME_0759,ME,0,1.406777055770099e-05,0,0.03640696018463995,0,0.0056466423,0
ME_0760,ME,0,2.7090794888319835e-06,0,0.03609449450699354,0,0.0015146349,0
ME_0761,ME,0,2.348668984738835e-06,0,0.05782743633837199,0,0.011653016,0
ME_0762,ME,0,2.3067589932249663e-06,0,0.1082556135702494,0,0.002827388,0
ME_0763,ME,0,6.641354208917238e-05,0,0.0750009372476201,0,0.00090319116,0
ME_0769,ME,1,0.8754678278714855,1,0.5739767380944897,0,0.20270343,0
ME_0781,ME,0,3.2151302856252213e-06,0,0.26481275865411563,0,0.0030777082,0
ME_0786,ME,0,0.0006025344337915691,0,0.2383374122760636,0,0.011076368,0
ME_0788,ME,0,0.002490638516254486,0,0.27565006042473095,0,0.06758712,0
ME_0794,ME,1,0.5106724109059111,0,0.4959821049667908,0,0.42356718,0
ME_0795,ME,1,0.9992542326269488,1,0.9296603598444582,1,0.99763894,0
ME_0798,ME,0,9.422845971951527e-05,0,0.22543293968766862,0,0.012237442,0
ME_0799,ME,0,0.0004033374222325862,0,0.22218590972178476,0,0.013945392,0
ME_0801,ME,0,1.2495449116186959e-05,0,0.005700790200492881,0,0.00020756501,0
ME_0802,ME,0,0.002457046243419002,0,0.013027178612829511,0,0.0006888529,0
ME_0803,ME,0,1.1655434431586758e-05,0,0.34389562565166554,0,0.012894046,0
ME_0806,ME,0,8.793544810405875e-07,0,0.03782155202319362,0,0.00087358867,0
ME_0807,ME,0,0.0002352603972865463,0,0.026636739755546493,0,0.00019584884,0
ME_0808,ME,0,0.00022269739676072868,0,0.01916343226552818,0,0.00014269653,0
ME_0809,ME,0,0.0009371497798368783,0,0.013581336637592487,0,0.0010531081,0
ME_0810,ME,0,0.004313960749508107,0,0.010620713889212619,0,0.0005066526,0
ME_0811,ME,0,0.004396530059789678,0,0.011346786496473344,0,0.00064470724,0
ME_0812,ME,0,0.004565632080491361,0,0.008083201043965637,0,0.0004846668,0
ME_0813,ME,0,0.004585525651865966,0,0.01009425357962432,0,0.00038889455,0
ME_0815,ME,0,2.668541992710693e-05,0,0.06677542123121025,0,8.266159e-05,0
ME_0816,ME,0,0.00023453297605073142,0,0.004015402802156139,0,0.00018323846,0
ME_0817,ME,0,1.3010992629832178e-06,0,0.00857177392792797,0,4.8228958e-05,0
ME_0818,ME,0,0.00025807807114879217,0,0.07251034395049201,0,0.0014072118,0
ME_0820,ME,0,0.001508345719869769,0,0.014628187787627074,0,0.0003492536,0
ME_0822,ME,0,0.0023009898767187035,0,0.04207804539564949,0,0.00089140824,0
ME_0824,ME,0,2.413188199174881e-05,0,0.0005159925217445214,0,0.00073144276,0
ME_0827,ME,1,0.530930280768587,1,0.5029474336665348,0,0.15557541,1
ME_0828,ME,0,4.819408207519472e-07,0,0.059626027170651054,0,0.0066738734,0
ME_0831,ME,0,0.001833252658641712,0,0.14286580174489877,0,0.020056797,0
ME_0833,ME,1,0.9981537057282772,1,0.9258867430965004,1,0.99861383,1
ME_0834,ME,0,2.1229322536188007e-05,0,0.002959652682274051,0,0.0007677412,0
ME_0836,ME,0,3.078444982934518e-09,0,0.001587593475409616,0,0.0002253682,0
ME_0837,ME,0,4.381438618667947e-06,0,0.13175922590824704,0,0.007399437,0
ME_0844,ME,1,0.9981301858198712,1,0.91287053326015,1,0.99829966,1
ME_0848,ME,0,0.0004675478348956343,0,0.12912062689568843,0,0.0023722507,0
ME_0849,ME,0,2.263089193035723e-05,0,0.007964327787230892,0,0.00062022515,0
ME_0855,ME,0,0.0007029518347564057,0,0.22051824106521636,0,0.0047918074,0
ME_0856,ME,0,1.8239753436089986e-05,0,0.0004576455393657614,0,0.00048063774,0
ME_0863,ME,0,5.710854552754672e-06,0,0.00031194539270400554,0,0.00047187848,0
ME_0864,ME,0,0.01206773660571915,0,0.2682075418759457,0,0.0042786207,0
ME_0879,ME,0,2.7193800846416874e-05,0,0.0003478305601681204,0,0.0015063373,0
ME_0884,ME,1,0.9392285371203931,0,0.4989566760672116,0,0.27930063,0
ME_0896,ME,0,4.3918627715480874e-05,0,0.050626000525998825,0,0.00043773666,0
ME_0902,ME,1,0.9940193008147535,1,0.9225989559298874,1,0.99789965,1
ME_0909,ME,0,0.025932691701820308,0,0.4429850577738915,0,0.047722004,0
ME_0914,ME,1,0.6964200391762353,0,0.33168384038153526,0,0.24073368,0
ME_0915,ME,0,7.494005849351548e-06,0,0.004434098185139804,0,0.00049605157,0
ME_0918,ME,0,1.956737766303605e-05,0,0.000850277863095924,0,0.0018765008,0
ME_0921,ME,0,9.410336227325923e-05,0,0.06061706727169902,0,0.00077367347,0
ME_0923,ME,0,0.005193925107742854,0,0.050086850086493516,0,0.002638485,0
ME_0924,ME,0,0.009001662855685155,0,0.1419956147393103,0,0.0027548713,0
ME_0932,ME,0,1.54267708726511e-05,0,0.03333512967117169,0,0.0040071956,0
ME_0934,ME,0,3.444490552012758e-05,0,0.0002907139701986977,0,0.0019396095,0
ME_0939,ME,0,0.0002293867560831883,0,0.0575288375249095,0,0.010081403,0
ME_0940,ME,1,0.9996263867076738,1,0.8609260005191374,1,0.9956678,0
ME_0941,ME,0,4.9173547517057135e-06,0,0.057161550357596076,0,0.018734701,0
ME_0945,ME,1,0.9584311524912724,1,0.6705446015601921,0,0.5742717,0
ME_0952,ME,0,0.017672340865546265,0,0.2356373105231553,0,0.05516284,0
ME_0953,ME,0,2.4126253208700585e-05,0,0.0026808665577493116,0,0.0008784558,0
ME_0954,ME,1,0.999690390147387,1,0.9345632809954263,1,0.9987004,1
ME_0955,ME,1,0.9995712966594538,1,0.8104597568013293,1,0.9973346,0
ME_0959,ME,0,0.0001303353717541664,0,0.004183611196429258,0,0.0031636984,0
ME_0972,ME,0,0.2802461819826479,1,0.5433904992515438,0,0.074126594,0
ME_0976,ME,0,9.268081516353044e-05,0,0.004355198157914243,0,0.0005589773,0
ME_0978,ME,0,3.056631138594183e-05,0,0.008047778990708663,0,0.0032509028,0
ME_0980,ME,0,3.5764016804061823e-06,0,0.00026826728108534194,0,0.0003018133,0
ME_0982,ME,0,1.7597824989075082e-08,0,0.03413237263081792,0,0.00041384736,0
ME_0984,ME,0,1.9994438795472083e-05,0,0.0009269018192379523,0,0.00067073456,0
ME_0986,ME,0,0.00015564507273677398,0,0.0020643772447241555,0,0.0064679654,0
ME_0987,ME,0,4.61102735380453e-05,0,0.027296673235148207,0,0.00026848566,0
ME_0988,ME,0,2.9967702510826644e-05,0,0.00034080769371494887,0,0.00034320002,0
ME_0990,ME,0,7.781262688473703e-05,0,0.007162399371461676,0,0.0005321481,0
ME_0993,ME,0,8.419429316465904e-09,0,0.28214525644421473,0,0.0033331253,0
ME_0996,ME,0,1.017362922328882e-06,0,0.018415495457950994,0,0.00061303354,0
ME_0997,ME,0,0.0025509689823625657,0,0.047838720143783285,0,0.00085725024,0
ME_0998,ME,0,1.8898021341923675e-05,0,0.008474850825042372,0,0.000197195,0
ME_1001,ME,1,0.589401410019591,0,0.32691530838789845,0,0.024512036,0
ME_1003,ME,0,0.45213133514706183,0,0.41401724366189785,0,0.12647773,0
ME_1004,ME,0,0.27247117190660075,0,0.31023951136438865,0,0.011349471,0
ME_1005,ME,0,0.0033782831429940343,0,0.2943146219669288,0,0.0076478748,0
ME_1008,ME,0,0.002926114052409114,0,0.16098337020392844,0,0.0081476625,0
ME_1009,ME,0,0.10528629171345909,0,0.3428139108011571,0,0.1335534,1
ME_1013,ME,0,0.0006102357672574043,0,0.07848781174276548,0,0.0005594656,0
ME_1017,ME,0,0.0005152944740022194,0,0.07895081973340239,0,0.013544841,0
ME_1018,ME,0,5.282056648398813e-05,0,0.0016929522193726162,0,0.00076259975,0
ME_1020,ME,0,7.217055110464874e-05,0,0.05697946544820924,0,0.00290441,0
ME_1026,ME,0,2.175082900694069e-05,0,0.10777420691056867,0,0.009330336,0
ME_1029,ME,0,5.7437008722894876e-05,0,0.017381192112932667,0,0.0064449874,0
ME_1034,ME,0,0.0002202829222831775,0,0.20018525016861788,0,0.006228682,0
ME_1037,ME,0,8.012396911159774e-05,0,0.008917813895617438,0,0.00043813518,0
ME_1043,ME,0,0.0001185149438087377,0,0.00026826728108534194,0,0.0009764577,0
ME_1044,ME,0,0.020900432247566263,0,0.09276237949046322,0,0.01432152,0
ME_1046,ME,0,0.0016409267800339684,0,0.18181094534734618,0,0.002992365,0
ME_1051,ME,0,3.0227683183287963e-06,0,0.019103173733540986,0,0.0019662168,0
ME_1052,ME,0,1.8259470021091406e-07,0,0.02139817705583053,0,0.0010221297,0
ME_1055,ME,0,1.00961226169528e-06,0,0.07865303664403762,0,0.0027450586,0
ME_1056,ME,1,0.9985598746599321,1,0.9462340357476038,1,0.9982528,1
ME_1057,ME,0,1.3487489451216868e-05,0,0.00043324466850486486,0,0.0010893885,0
ME_1059,ME,0,0.000132161203717282,0,0.0856661867181129,0,0.007056705,0
ME_1060,ME,0,6.132382390560025e-05,0,0.0009627869867020671,0,0.00056892936,0
ME_1061,ME,0,0.0017417570646007926,0,0.2502131559557376,0,0.003508613,0
ME_1064,ME,0,1.3100250246458663e-05,0,0.010960138534314455,0,0.0012642262,0
ME_1072,ME,0,2.2683042984483624e-05,0,0.0010249410349242268,0,0.000518174,0
ME_1075,ME,1,0.6753121227464162,1,0.5910551160856005,0,0.22081165,0
ME_1076,ME,0,0.33227128655452565,1,0.6449837680076075,0,0.5641762,0
ME_1077,ME,0,0.47154314349286147,0,0.48556531770789424,0,0.4032596,0
ME_1078,ME,1,0.5338251238308802,1,0.6964340708353925,0,0.48230746,0
ME_1084,ME,0,6.65054480523182e-05,0,0.017642879742146372,0,0.00089011644,0
ME_1088,ME,0,1.4940933216187321e-05,0,0.0003253838710547646,0,0.0007709655,0
ME_1096,ME,0,0.008419749248054928,0,0.25788117962756135,0,0.0023548678,0
ME_1097,ME,1,0.9622779345678012,1,0.9629771199051601,1,0.99762744,1
ME_1102,ME,0,0.006410387208726236,0,0.12510968065875658,0,0.003929218,0
ME_1104,ME,0,0.005881499745215902,0,0.12277843388879539,0,0.0006136953,0
ME_1109,ME,0,0.21756545409705197,1,0.5213016075139666,0,0.40206066,0
ME_1110,ME,0,0.010428357143970925,0,0.05832873195343103,0,0.0012467359,0
ME_1113,ME,1,0.9999544796191501,1,0.9027708839575798,1,0.99581355,1
ME_1114,ME,0,0.0001700662261805339,0,0.22002525890674685,0,0.009983669,0
ME_1117,ME,0,2.7793165344776858e-05,0,0.0027823944530653466,0,0.005445901,0
ME_1119,ME,0,8.390754890602672e-06,0,0.0008090065966091716,0,0.00069262844,0
ME_1123,ME,1,0.9998254036506273,1,0.9285740777816492,1,0.9977724,1
ME_1126,ME,0,0.01213366741700021,0,0.14068928462010222,0,0.004108669,0
ME_1135,ME,0,1.0773476969278593e-05,0,0.0010249410349242268,0,0.0005405041,0
ME_1137,ME,0,0.00881049573749697,0,0.06848567341750468,0,0.00038010353,0
ME_1138,ME,0,0.30758419166168666,0,0.07816804455197485,0,0.0019188265,0
ME_1141,ME,0,7.492394846077968e-05,0,0.027738601670277696,0,0.00025995783,0
ME_1142,ME,0,0.00023134311357727482,0,0.05008883741641426,0,0.0003094132,0
ME_1144,ME,0,7.553818383264394e-06,0,0.00036630649677161646,0,0.00026857015,0
ME_1149,ME,0,5.570587309402037e-06,0,0.0002907139701986977,0,0.0009431613,0
ME_1162,ME,0,2.539512749348852e-06,0,0.01815980924852102,0,0.002815815,0
ME_1168,ME,0,3.5769654805279886e-05,0,0.0009298411421787024,0,0.001881361,0
ME_1169,ME,0,1.4779100280540767e-06,0,0.03383389703034869,0,0.005661817,0
ME_1170,ME,0,5.839673085720441e-07,0,0.04640519637229324,0,0.0016763007,0
ME_1175,ME,0,0.23123885128650506,0,0.4032719506105655,0,0.105225176,0
ME_1195,ME,0,0.03407529260912827,0,0.3734683247393851,0,0.0067212093,0
ME_1198,ME,0,0.001299651233579766,0,0.23700640571984835,0,0.010971678,0
ME_1199,ME,0,0.4994655796813468,0,0.27801296216459853,0,0.074664585,0
ME_1200,ME,0,0.00333179829941254,0,0.15471610353144868,0,0.041713502,0
ME_1202,ME,0,8.440877943133852e-05,0,0.005387701310067297,0,0.001609607,0
ME_1203,ME,0,0.011032433073590569,0,0.1073971000773181,0,0.0037611322,0
ME_1204,ME,0,5.544156862432123e-05,0,0.0029030515878277676,0,0.0005241565,0
ME_1205,ME,0,0.00010200258029749287,0,0.005564156852254479,0,0.0021652645,0
ME_1206,ME,0,0.00012805654170292103,0,0.04191159888588122,0,0.00049837906,0
ME_1211,ME,0,6.217267859289013e-05,0,0.1713858058553245,0,0.0015101065,0
ME_1213,ME,0,0.015442128361868994,0,0.38377104018033137,0,0.020427939,0
ME_1214,ME,0,2.9280398820760856e-07,0,0.06596861538149662,0,0.00034688084,0
ME_1216,ME,1,0.8570974726593542,1,0.6107739576515469,0,0.51375407,0
ME_1218,ME,0,0.06292287174903627,0,0.10491431175631154,0,0.06939025,0
ME_1219,ME,0,0.1478199397811162,0,0.2724746963516822,0,0.031653643,0
ME_1220,ME,0,0.010294165181593255,0,0.07997860194509175,0,0.005318513,0
ME_1221,ME,0,6.384736717327306e-05,0,0.03284072956939837,0,0.00031612965,0
ME_1223,ME,0,8.795515769629852e-05,0,0.056329542949463435,0,0.00040282533,0
ME_1227,ME,1,0.9995480542766603,1,0.9584167884990522,1,0.99732226,1
ME_1228,ME,0,6.271082495754259e-05,0,0.0003589967180142444,0,0.00035467398,0
ME_1233,ME,0,0.0006474784123438171,0,0.03931917635388338,0,0.00019608503,0
ME_1234,ME,1,0.9923317124774567,1,0.9694036418193148,1,0.9980868,1
ME_1236,ME,0,1.1453783847249772e-06,0,0.035164045480718505,0,0.00088729925,0
ME_1238,ME,0,2.480189421575887e-07,0,0.01206461551887997,0,0.0008403034,0
ME_1240,ME,0,0.0002441472320740344,0,0.04864053034054429,0,0.0020938085,0
ME_1243,ME,0,0.00010467211342067391,0,0.03445713608165462,0,0.0004608266,0
ME_1245,ME,1,0.7414080490953509,0,0.46389307925486206,0,0.6568841,0
ME_1246,ME,0,2.8334338356024205e-05,0,0.013872920333326277,0,0.00040688252,0
ME_1252,ME,0,0.0002535844063682882,0,0.1877842611737847,0,0.002764899,0
ME_1260,ME,0,0.00010882033673930138,0,0.06271511027942261,0,0.0013139998,0
ME_1262,ME,0,0.009173806138331516,0,0.031023886764960807,0,0.0021629434,0
ME_1264,ME,0,0.033124351700734946,0,0.3086182218249163,0,0.013682384,0
ME_1265,ME,0,0.0004719724914429211,0,0.09120787333813542,0,0.00522719,0
ME_1267,ME,0,0.00010303338834420455,0,0.0002609575023279699,0,0.0003911755,0
ME_1269,ME,0,0.0019899891489991127,0,0.28906166673159606,0,0.00987915,0
ME_1271,ME,0,0.03658125651795675,0,0.03967946432081778,0,0.007614149,0
ME_1272,ME,0,8.249166567176746e-05,0,0.0019129788233329806,0,0.0007875782,0
ME_1273,ME,0,4.806382527023701e-06,0,0.013164014204787685,0,8.8374436e-05,0
ME_1275,ME,0,3.5555706207091064e-05,0,0.010305982265699131,0,0.00012513855,0
ME_1280,ME,0,8.833664358383526e-05,0,0.0009198789527847809,0,0.00091861014,0
ME_1281,ME,0,4.794191108829432e-05,0,0.00043020227029885245,0,0.0006463123,0
ME_1286,ME,0,2.601655449291543e-07,0,0.009576499750451013,0,0.00032104363,0
ME_1301,ME,0,7.988152775357285e-05,0,0.012067739053565915,0,0.001260251,0
ME_1304,ME,0,8.612957791244504e-06,0,0.00127253381536984,0,0.00084088335,0
ME_1308,ME,0,0.005393389600941617,0,0.0693261517102278,0,0.003477358,0
ME_1312,ME,0,6.896712366262825e-05,0,0.05487350857878147,0,0.00039208925,0
ME_1314,ME,0,7.879523289077922e-05,0,0.090970232091252,0,0.0007645153,0
ME_1315,ME,0,1.0708685552854077e-06,0,0.013419975435493748,0,8.91745e-05,0
ME_1316,ME,0,8.391778820684747e-07,0,0.009265947808365212,0,9.3963376e-05,0
ME_1317,ME,0,0.00012527139387037342,0,0.0020287745129485965,0,0.00025464589,0
ME_1318,ME,0,8.290467294513478e-07,0,0.005023875864983768,0,0.00010328387,0
ME_1319,ME,0,1.0714782173940127e-06,0,0.02410162366853197,0,0.00023472436,0
ME_1322,ME,0,2.0900702375904006e-06,0,0.052421450221715626,0,0.00077508076,0
ME_1323,ME,0,6.003533310948983e-07,0,0.0015503821719029898,0,5.8101683e-05,0
ME_1324,ME,0,7.320169362771348e-07,0,0.014924957232197963,0,0.00020745797,0
ME_1325,ME,0,8.971112025628223e-07,0,0.00907826788963489,0,0.000109811735,0
ME_1326,ME,0,0.00038881881979646696,0,0.0013432247215759707,0,0.00035943923,0
ME_1327,ME,0,6.530999797707607e-05,0,0.003978972878777363,0,0.00027990123,0
ME_1329,ME,0,2.2172966195236703e-07,0,0.008927691759719395,0,9.297794e-05,0
ME_1330,ME,0,7.907609640029885e-07,0,0.018857364895467646,0,0.0002516348,0
ME_1331,ME,0,0.00019152049954329717,0,0.015160703368282796,0,0.0002500804,0
ME_1332,ME,0,6.485237671766938e-07,0,0.015713924082036503,0,0.0001681492,0
ME_1333,ME,0,0.00036639464554690557,0,0.01500219387474707,0,0.00047907504,0
ME_1334,ME,0,1.2072244819011184e-06,0,0.026716462137330067,0,0.00014854528,0
ME_1335,ME,0,8.576729566569943e-07,0,0.015850192969508476,0,0.00013417377,0
ME_1336,ME,0,6.849291791877529e-07,0,0.009190798565790458,0,6.8669295e-05,0
ME_1338,ME,0,2.9215304001548305e-06,0,0.003982334703671247,0,0.0001327425,0
ME_1340,ME,0,6.644752654003282e-07,0,0.01597593614919138,0,0.00020215257,0
ME_1341,ME,0,6.074739146922515e-05,0,0.07340262940592904,0,0.0013635124,0
ME_1342,ME,0,9.159952860136094e-07,0,0.013725728815776024,0,0.00013205194,0
ME_1343,ME,0,0.00010031341474738463,0,0.01116626721936636,0,0.0009805706,0
ME_1345,ME,0,9.028258184064856e-07,0,0.003870077713041852,0,0.0001981366,0
ME_1347,ME,0,1.0479732644124906e-06,0,0.0304694655255235,0,0.00021954584,0
ME_1349,ME,0,0.003080255088415572,0,0.07086533435102509,0,0.003349653,0
ME_1350,ME,0,3.022423145847e-05,0,0.0024428725426537154,0,0.00032127876,0
ME_1358,ME,1,0.5383061789528545,0,0.4181131728336075,0,0.06122075,0
ME_1359,ME,0,0.00016108787003685468,0,0.09990561763639962,0,0.0051974608,0
ME_1360,ME,0,3.5005910971479445e-05,0,0.0068615865465073865,0,0.00037313215,0
ME_1362,ME,0,8.707004329189867e-06,0,0.02116540286141444,0,0.0003200486,0
ME_1370,ME,1,0.5919265093561713,0,0.22342951318391976,0,0.029319722,0
ME_1371,ME,1,0.9922729211320876,1,0.9032589012585517,1,0.994639,1
ME_1376,ME,1,0.9886277735777367,1,0.8461339673560136,1,0.9907884,1
ME_1377,ME,0,0.44727566651516737,0,0.11697507189619659,0,0.017190648,0
ME_1378,ME,0,0.003293694125702511,0,0.03914682824933809,0,0.0030219203,0
ME_1380,ME,0,0.007575079357263116,0,0.02721574378365185,0,0.00029344053,0
ME_1381,ME,0,0.0047498546329953735,0,0.03839837381246868,0,0.0006312191,0
ME_1382,ME,0,0.009497814865668492,0,0.18412284990785485,0,0.0011782179,0
ME_1383,ME,0,0.007654187546185864,0,0.07358683882585368,0,0.0014438033,0
ME_1384,ME,0,0.012031415783435763,0,0.28342888772710584,0,0.017136997,0
ME_1385,ME,0,0.37196293931054253,0,0.15764403601910926,0,0.027078535,0
ME_1386,ME,0,8.215933140742475e-05,0,0.00011098691616052296,0,0.00019514294,0
ME_1387,ME,0,0.007335633786281416,0,0.03533050765515899,0,0.0018512689,0
ME_1388,ME,0,8.05597354370531e-05,0,0.00011098691616052296,0,0.00019030696,0
ME_1389,ME,0,0.37734614766357605,0,0.09848234888702712,0,0.009199247,0
ME_1390,ME,0,0.0076465429234499555,0,0.011719788409914656,0,0.0007472289,0
ME_1391,ME,0,0.3931470304481583,0,0.43472105538683714,0,0.18206069,0
ME_1392,ME,0,3.4180041944608968e-06,0,0.0777833498957911,0,0.00037558304,0
ME_1394,ME,0,0.008642944495306068,0,0.0664195521713032,0,0.0011381318,0
ME_1395,ME,0,0.0066099064227258955,0,0.132138261984865,0,0.0008719957,0
ME_1396,ME,0,0.0055360959903874305,0,0.17856085836249785,0,0.0021169884,0
ME_1397,ME,0,0.008539879471541684,0,0.2601567604637811,0,0.0043633017,0
ME_1398,ME,0,0.004616972068815612,0,0.14180500546620928,0,0.0014978845,0
ME_1399,ME,0,2.1207988836697097e-05,0,0.00021604899829996897,0,0.00016859519,0
ME_1401,ME,0,0.19682841156322084,0,0.06747988394811445,0,0.0049551586,0
ME_1402,ME,0,0.007295195532904538,0,0.025840644616183735,0,0.0005566879,0
ME_1403,ME,0,0.14479939935284544,0,0.03592248621961324,0,0.0017745162,0
ME_1404,ME,0,5.7306303474281054e-05,0,0.00021604899829996897,0,0.00017968843,0
ME_1405,ME,0,7.240736830306436e-05,0,0.00011098691616052296,0,0.0001796893,0
ME_1406,ME,0,0.4315047877704829,0,0.3730758204685359,0,0.20871234,0
ME_1407,ME,0,0.4019110183300863,0,0.42793444598261393,0,0.22174382,0
ME_1409,ME,0,0.011769908850911996,0,0.025182240644443438,0,0.000520555,0
ME_1410,ME,1,0.9794457831752948,1,0.9211050252133369,1,0.9943784,1
ME_1411,ME,1,0.9890970336949477,1,0.9211879872375494,1,0.9941116,1
ME_1412,ME,0,9.416378490990052e-05,0,0.00021604899829996897,0,0.00022843567,0
ME_1414,ME,0,0.0062944922605035316,0,0.09120769467650951,0,0.0026543934,0
ME_1415,ME,0,0.004267225063359945,0,0.01662298607910813,0,0.0007298162,0
ME_1418,ME,0,0.006256997855094291,0,0.12205248937546202,0,0.0043573193,0
ME_1419,ME,0,0.3999827635056568,0,0.18407461912813236,0,0.035911836,0
ME_1420,ME,0,9.476257307592161e-05,0,0.0012453836507324506,0,0.00018504569,0
ME_1421,ME,0,7.635104812663506e-05,0,0.0016975304797814505,0,0.00025108145,0
ME_1422,ME,0,0.005967697330414605,0,0.052001948862925355,0,0.0011147424,0
ME_1423,ME,0,0.006655182002897669,0,0.035104239122122106,0,0.0010871493,0
ME_1424,ME,0,0.39031629950901164,1,0.5565438861175849,0,0.3592162,0
ME_1425,ME,0,0.48319270944301573,0,0.48970540173064675,0,0.40008044,0
ME_1427,ME,1,0.9846692625993703,1,0.9167666562710525,1,0.9931358,1
ME_1428,ME,0,3.212612412849642e-05,0,0.11044366352100522,0,0.00036756886,0
ME_1429,ME,0,0.07078660169181049,0,0.2844826233564694,0,0.15003118,0
ME_1430,ME,0,1.300672373366308e-09,0,0.028174902990935512,0,0.00032276742,0
ME_1431,ME,0,4.5466010832933534e-10,0,0.003792558746864472,0,6.94622e-05,0
ME_1432,ME,0,3.3510820116203903e-10,0,0.004473823953677124,0,9.3922885e-05,0
ME_1433,ME,0,5.74011799841663e-10,0,0.003831573621285345,0,7.717679e-05,0
ME_1435,ME,0,0.0001233252228515291,0,0.006670672573206935,0,0.00027749152,0
ME_1436,ME,0,0.00019680972563010458,0,0.0023113556645913066,0,0.00036003924,0
ME_1438,ME,0,2.858343441509335e-05,0,0.009385746467250931,0,0.0003243437,0
ME_1440,ME,0,0.49413740069961115,0,0.2862648349344049,0,0.07187439,0
ME_1441,ME,1,0.5669579056113804,1,0.5186685247709503,0,0.47899628,0
ME_1445,ME,0,0.0001027117093735839,0,0.2854845918953452,0,0.0019095123,0
ME_1446,ME,0,0.30733216023797105,0,0.416757656654969,0,0.14550532,0
ME_1447,ME,1,0.9838337329685368,1,0.948666802439555,1,0.9957957,1
ME_1449,ME,1,0.982540100573277,1,0.9482382859841376,1,0.9949804,1
ME_1452,ME,0,0.00012209016779809315,0,0.0013409106988843376,0,0.0002885682,0
ME_1454,ME,0,0.41684801873881594,1,0.5067662862565903,0,0.41790062,0
ME_1455,ME,0,0.41358491721090246,0,0.36472561088242433,0,0.23573215,0
ME_1456,ME,0,1.4342846659402654e-06,0,0.20573597844186634,0,0.0018427356,0
ME_1457,ME,0,0.011847984097815437,0,0.06607070478821472,0,0.00041850633,0
ME_1458,ME,0,5.599580658893015e-05,0,0.06762782939657547,0,0.00023917641,0
ME_1459,ME,0,0.010822369648938537,0,0.05542451607175944,0,0.0007476674,0
ME_1460,ME,0,0.4454904921412119,0,0.2658239384528148,0,0.013811656,0
ME_1461,ME,1,0.9832402226770487,1,0.8369418052230818,1,0.97697294,0
ME_1463,ME,0,0.32865213716477926,0,0.4936414838192209,0,0.08534871,1
ME_1465,ME,0,0.3425175753235175,0,0.3765138557629379,0,0.11662278,0
ME_1466,ME,0,0.00028356381593262715,0,0.018173257227442292,0,0.00023030724,0
ME_1467,ME,0,4.464791901470713e-08,0,0.01904616136826135,0,0.00034819488,0
ME_1468,ME,0,4.6716202173015135e-06,0,0.07221267759321794,0,0.00043998403,0
ME_1469,ME,0,1.5868491060186883e-05,0,0.0049847141618822935,0,0.0003023461,0
ME_1470,ME,0,1.173885985480146e-05,0,0.005918807891531736,0,0.00061978283,0
ME_1472,ME,1,0.9956653671428792,1,0.9357478700582644,1,0.99428445,0
ME_1473,ME,0,0.23879430238099708,1,0.530810709992053,0,0.04208587,0
ME_1474,ME,0,2.2168671893188837e-07,0,0.06032138383866149,0,0.00095490145,0
ME_1475,ME,0,0.00011747623477144568,0,0.008441611847145869,0,0.00062770233,0
ME_1477,ME,0,0.012596304302078427,0,0.04561028570501716,0,0.0034889884,0
ME_1478,ME,0,1.5197156095315077e-06,0,0.05475510097066607,0,0.00067888724,0
ME_1479,ME,0,1.7845317635757381e-07,0,0.0015503821719029898,0,6.3603475e-05,0
ME_1480,ME,0,8.449036500680254e-07,0,0.013378721992185346,0,0.00021959233,0
ME_1481,ME,0,3.18531412302982e-06,0,0.017711646535994063,0,0.0001095489,0
ME_1482,ME,0,0.0003665612177040958,0,0.01500219387474707,0,0.00047907504,0
ME_1483,ME,0,5.967970861598415e-05,0,0.07340262940592904,0,0.0013635124,0
ME_1484,ME,0,3.4921991726242516e-06,0,0.006907780532224226,0,0.00011566858,0
ME_1485,ME,0,4.409431019379554e-06,0,0.013941326373905112,0,0.00018950336,0
ME_1486,ME,0,2.989282681899569e-06,0,0.011480942153724288,0,0.00020167608,0
ME_1487,ME,0,0.023129751918892143,0,0.05781818303074224,0,0.0048420676,0
ME_1488,ME,0,1.869793513376415e-06,0,0.03270592584871363,0,0.00016199962,0
ME_1489,ME,0,1.4266526753176232e-06,0,0.0034217903047710834,0,0.00016445902,0
ME_1490,ME,0,4.5252464235933905e-06,0,0.06941380066700535,0,0.00051713025,0
ME_1491,ME,0,0.028978567092575073,0,0.2148014946526485,0,0.09407967,0
ME_1492,ME,0,0.016057052126492374,0,0.11227959341394675,0,0.0014802938,0
ME_1493,ME,0,1.211374867735653e-06,0,0.009995764707498708,0,0.00010356425,0
ME_1494,ME,0,2.3116702902692454e-06,0,0.03641509916371407,0,9.1062706e-05,0
ME_1495,ME,0,4.466472190766752e-06,0,0.013128423506682868,0,0.00033255765,0
ME_1496,ME,0,2.852213077197236e-06,0,0.023352283630544333,0,0.00019147531,0
ME_1497,ME,0,4.403076678465136e-06,0,0.01896003357764015,0,0.00016628658,0
ME_1498,ME,0,3.90474233220201e-06,0,0.014476349360486921,0,0.00025521315,0
ME_1499,ME,0,2.251468941787295e-06,0,0.01694019941523272,0,0.00019973962,0
ME_1500,ME,0,6.962455275127924e-08,0,0.0654528568487727,0,0.0005467349,0
ME_1501,ME,1,0.5822585248084745,0,0.3404652694662307,0,0.2184794,0
ME_1502,ME,0,0.34388815347922647,0,0.014692007631018035,0,0.0036397355,0
ME_1505,ME,1,0.6247069317286391,0,0.31801147976979377,0,0.05017391,0
ME_1507,ME,0,0.4790305667136147,0,0.23251776791851525,0,0.026887184,0
ME_1508,ME,1,0.6634296856013319,0,0.2239856659215954,0,0.059798367,0
ME_1509,ME,1,0.6409567107494052,1,0.5892378274909489,0,0.23271911,0
ME_1510,ME,0,0.38081981537599874,0,0.05864798790276909,0,0.0023364394,0
ME_1511,ME,0,0.41645756350633095,0,0.029205852426670863,0,0.004447493,0
ME_1512,ME,0,0.42942820000293946,0,0.07641975929478846,0,0.004970056,0
ME_1513,ME,0,0.00677174458166326,0,0.005225795648636257,0,0.0010015005,0
ME_1515,ME,1,0.7806882665004858,1,0.7213139380218001,1,0.87706983,0
ME_1516,ME,1,0.7024691392540441,1,0.7097829639608123,1,0.88626444,0
ME_1518,ME,0,3.320616545974244e-05,0,0.03367946829750998,0,0.0003474932,0
ME_1519,ME,0,7.340189122069132e-07,0,0.02531499979148706,0,0.0011563963,0
ME_1520,ME,0,0.00964799653823875,0,0.09818832255242027,0,0.00123178,0
ME_1522,ME,0,0.0001038526672485842,0,0.009463249812158346,0,0.00037912567,0
ME_1523,ME,0,7.928800296364752e-05,0,0.004931887397601025,0,0.00042241102,0
ME_1524,ME,1,0.9825948423382139,1,0.9306703692919708,1,0.99681914,1
ME_1525,ME,0,3.8745596047175083e-07,0,0.024149420396971082,0,0.00040156007,0
ME_1529,ME,0,0.40609549223379887,0,0.393742210514102,0,0.1553253,0
ME_1530,ME,0,0.0004458864362752437,0,0.030073290697631924,0,0.00039999155,0
ME_1531,ME,1,0.6412855643170758,0,0.3074266413140624,0,0.23691894,0
ME_1533,ME,0,0.003184993768083915,0,0.03722528550719011,0,0.002333659,0
ME_1534,ME,0,0.25822282433266497,0,0.16345725767779246,0,0.013444417,0
ME_1540,ME,0,0.007114302653887071,0,0.15775045277382324,0,0.008586825,0
ME_1545,ME,0,0.008479804697636604,0,0.1627033139318337,0,0.010339651,0
ME_1548,ME,0,0.01645740688289342,0,0.10792276060067368,0,0.001660842,0
ME_1551,ME,0,0.333794115913037,0,0.09044362766170579,0,0.025696188,0
ME_1552,ME,0,0.008098360220089933,0,0.024489123391501458,0,0.0012662086,0
ME_1553,ME,0,0.0055068748336055,0,0.07361836066783714,0,0.0013591192,0
ME_1558,ME,0,0.012818518203296924,0,0.03654228429456312,0,0.00034944742,0
ME_1559,ME,0,5.709923450423208e-05,0,0.0002633009173321691,0,0.00017018855,0
ME_1560,ME,0,0.005864162341186235,0,0.10916288734381199,0,0.0010911776,0
ME_1562,ME,0,0.19482734724839265,0,0.15391637076628042,0,0.011043757,0
ME_1563,ME,0,0.006647969860405997,0,0.1667213332578122,0,0.0023889407,0
ME_1564,ME,0,5.904772954583989e-08,0,0.016243365723941576,0,0.00025778217,0
ME_1565,ME,0,0.06362845243806727,0,0.08427406650534501,0,0.007247635,0
ME_1660,ME,0,1.4270947067754198e-06,0,0.030478622059688393,0,0.0009249428,0
ME_1722,ME,0,8.014235164449518e-06,0,0.28878762066902236,0,0.009004727,0
ME_1751,ME,0,1.291950524284904e-07,0,0.050242538877113115,0,0.00017980326,0
ME_1799,ME,1,0.9646675097171036,1,0.957036657772763,1,0.9943944,1
ME_1800,ME,1,0.9994678767710231,1,0.9587753469448185,1,0.997488,1
ME_2002,ME,0,1.0237678811415717e-05,0,0.0009269018192379523,0,0.00034382736,0
ME_2003,ME,0,1.005713006243301e-06,0,0.01735317721599548,0,0.0005586966,0
ME_2010,ME,0,0.1981939329911589,0,0.4913870657603919,0,0.04448505,0
ME_2013,ME,0,6.0308956624885995e-05,0,0.0003842109598763699,0,0.00032300013,0
ME_2014,ME,0,0.3331318974884363,0,0.1548738953912587,0,0.032470785,0
ME_2015,ME,0,0.007112579874193695,0,0.1560939399502372,0,0.018506378,0
ME_2016,ME,1,0.9999465603702246,1,0.9592893987446597,1,0.9945937,1
ME_2018,ME,1,0.7227293097231651,0,0.4514900303099018,1,0.69618064,0
ME_2019,ME,0,1.1295754634506092e-06,0,0.020094419903164722,0,0.00021668058,0
ME_2021,ME,0,8.826655452245238e-05,0,0.0016437444927730762,0,0.0016532973,0
ME_2023,ME,0,0.003509427922354328,0,0.18350485452625362,0,0.0016829955,0
ME_2024,ME,1,0.9909371750052847,1,0.8998977635342451,1,0.9967955,1
ME_2025,ME,0,0.0017325927178956286,0,0.20564374034914976,0,0.0083373515,0
ME_2026,ME,0,0.2882180795261401,1,0.575189820371747,0,0.17123836,0
ME_2027,ME,0,4.920920602826611e-05,0,0.1344031721052618,0,0.0017948766,0
ME_2029,ME,0,1.0884003495578411e-08,0,0.04724683583205365,0,0.0010887136,0
ME_2031,ME,0,0.011797779917955647,0,0.306834737081388,0,0.015911058,0
ME_2033,ME,0,1.8899357608054263e-06,0,0.10332576160270168,0,0.00542968,0
ME_2034,ME,0,0.3190011943939043,0,0.2627951623532626,0,0.114737935,0
ME_2035,ME,0,0.018358213291409003,0,0.29115795663675037,0,0.013753707,0
ME_2038,ME,0,0.0026847120783879963,0,0.022036945096611346,0,0.0007753563,0
ME_2039,ME,0,0.0016505400086534244,0,0.1150370072039657,0,0.0021184443,0
ME_2041,ME,0,1.9921846648149576e-05,0,0.03684773917485555,0,0.00053997326,0
ME_2043,ME,0,2.183456130254527e-05,0,0.0030268075726163214,0,0.00018538335,0
ME_2047,ME,0,2.0736418813821057e-07,0,0.0078072473860302605,0,0.00023838802,0
ME_2048,ME,1,0.5689120957668693,0,0.38118107219594477,0,0.22343457,0
ME_2050,ME,0,7.862645410632785e-06,0,0.0002894987035906498,0,0.00025082543,0
ME_2055,ME,0,0.3899326682526791,0,0.2710733649204971,0,0.11261843,0
ME_2059,ME,1,0.9691513043490187,1,0.5119713533242739,0,0.1589657,0
ME_2062,ME,0,0.009684474389956906,0,0.15839723723937718,0,0.012276241,0
ME_2063,ME,0,4.327031610717906e-05,0,0.038621355932058364,0,0.00069412583,0
ME_2065,ME,1,0.9935835997880783,1,0.9639804787207389,1,0.99928015,1
ME_2068,ME,0,2.896315573943251e-07,0,0.03948737752244373,0,0.00025110968,0
ME_2069,ME,0,0.020345231181162604,0,0.326871833798527,0,0.014345361,0
ME_2070,ME,0,0.4321401091584398,0,0.3168795420681603,0,0.029918153,0
ME_2076,ME,0,0.0035633214687397913,0,0.0275222075652345,0,0.00088695856,0
ME_2082,ME,0,4.54449093765853e-05,0,0.0008067370141865855,0,0.00034471712,0
ME_2083,ME,0,1.2335676144098997e-05,0,0.0009117990963260314,0,0.00029742147,0
ME_2084,ME,0,9.014783446386524e-07,0,0.008240548059617839,0,0.00047734554,0
ME_2085,ME,1,0.6292923722371526,0,0.2130338986238962,0,0.32777485,0
ME_2088,ME,0,0.4662492953295466,1,0.5462235982834434,0,0.09189351,0
ME_2089,ME,0,1.1221119263038493e-05,0,0.0006138992772172296,0,0.0005415076,0
ME_2090,ME,0,0.3968691372404547,1,0.5803492464630892,0,0.11483952,0
ME_2091,ME,0,8.319595660043221e-05,0,0.00107388395303654,0,0.0006094868,0
ME_2094,ME,0,8.487085002538704e-07,0,0.004803295140047008,0,0.00031325876,0
ME_2098,ME,0,0.00013771610583153757,0,0.00017249361975050216,0,0.0008661245,0
ME_2100,ME,0,0.3542926546048812,0,0.40552949506947156,0,0.30861124,0
ME_2101,ME,0,4.577693230308036e-08,0,0.014088539100797047,0,0.00013130183,0
ME_2102,ME,1,0.9961471130369429,1,0.9628377467610229,1,0.99566084,1
ME_2105,ME,1,0.5835316529838382,1,0.5050468814681895,0,0.2564558,0
ME_2106,ME,1,0.5432756131730244,0,0.3108388600351369,0,0.058933396,0
ME_2108,ME,1,0.5603089101302217,0,0.45195716302385874,0,0.23372075,0
ME_2112,ME,0,5.016972394197617e-05,0,0.04165986521370659,0,0.0005901342,0
ME_2114,ME,1,0.5817808117717781,1,0.5275893238827163,0,0.3682053,0
ME_2116,ME,1,0.7339196467471899,1,0.547870535477352,0,0.605747,0
ME_2117,ME,0,1.395344721618771e-06,0,0.015989344426815363,0,0.0012573028,0
ME_2120,ME,0,7.532085600523996e-10,0,0.014158107229193573,0,0.0005587624,0
ME_2121,ME,0,5.3529981154521936e-05,0,0.018175537162147745,0,0.0005291064,0
ME_2122,ME,1,0.9999471926082029,1,0.941703848817227,1,0.9982843,1
ME_2123,ME,0,0.28848080023853784,0,0.2806345012211848,0,0.063933305,0
ME_2124,ME,1,0.996571471833983,1,0.954052304221706,1,0.99837226,1
ME_2126,ME,0,1.3008049145476149e-08,0,0.0007568086395413706,0,5.7961126e-05,0
ME_2127,ME,0,8.855037333316428e-06,0,0.003198998553064233,0,0.0003307535,0
ME_2130,ME,0,0.41721979266473963,1,0.6047599181378203,0,0.29661953,0
ME_2133,ME,0,3.101581495015878e-07,0,0.03164793015195776,0,0.0008379542,0
ME_2134,ME,0,0.00020848566182583102,0,0.005238956570128196,0,0.00045176968,0
ME_2135,ME,0,0.00015450549477935614,0,0.0004425428164538405,0,0.00018470212,0
ME_2137,ME,0,0.000157612396101675,0,0.19384647885923517,0,0.005080092,0
ME_2138,ME,0,0.27270411061488536,0,0.4055843794389915,0,0.06137765,0
ME_2139,ME,0,5.532295008698884e-05,0,0.00046500463136848563,0,0.00038546894,0
ME_2140,ME,0,3.874241195086977e-05,0,0.0157407129705901,0,0.00087788806,0
ME_2141,ME,0,0.006953224772678442,0,0.10076167176902187,0,0.005689558,0
ME_2146,ME,0,2.3005376595254304e-05,0,0.015828618681447713,0,0.00017139217,0
ME_2149,ME,0,0.41065004248777837,0,0.45690864881931903,0,0.07776682,0
ME_2150,ME,0,0.007239008422150586,0,0.08377230524274887,0,0.0012380949,0
ME_2151,ME,0,4.241464651716828e-05,0,0.03029024361975813,0,0.000580121,0
ME_2152,ME,0,0.4178252961227947,0,0.32067003054594984,0,0.16280447,0
ME_2157,ME,0,1.6032246796805405e-07,0,0.01172844070515572,0,0.00034393914,0
ME_2159,ME,1,0.9909013282191946,1,0.9193613680384358,1,0.9935502,1
ME_2160,ME,0,0.44315402496984635,0,0.31443063844288893,0,0.28815645,0
ME_2162,ME,0,5.470466299545088e-05,0,0.05746740073195377,0,0.00019055845,0
ME_2163,ME,1,0.6565741096269885,1,0.5604909594770068,0,0.5090465,0
ME_2165,ME,0,0.007851452291144225,0,0.2720657147140468,0,0.008232784,0
ME_2166,ME,0,7.566356925944885e-05,0,0.0028617738989577127,0,0.00034195505,0
ME_2167,ME,0,0.00021925850503770543,0,0.00412487360389288,0,0.0009623179,0
ME_2168,ME,1,0.9995576539314767,1,0.9027259953512051,1,0.9900411,1
ME_2172,ME,0,0.48962717641325704,1,0.619459155282735,0,0.21334824,0
ME_2173,ME,0,0.2833392792957541,0,0.2609519709646964,0,0.22086081,0
ME_2175,ME,0,0.00023024279968671284,0,0.00299763296155421,0,0.00211299,0
ME_2176,ME,0,1.8972260748908788e-07,0,0.08369661953344124,0,0.00060957856,0
ME_2177,ME,0,0.0004036887124205035,0,0.012224732579683248,0,0.00043654864,0
ME_2180,ME,0,0.00016944947538697884,0,0.004775841636319035,0,0.0020415422,0
ME_2183,ME,0,0.4883124202558658,1,0.5212370015938718,0,0.08811645,0
ME_2186,ME,0,0.0061589362981511585,0,0.05351885228370963,0,0.0017376753,0
ME_2187,ME,0,8.777927599094137e-09,0,0.018510632712917703,0,9.234229e-05,0
ME_2189,ME,0,0.0021718621784318853,0,0.006782515777851247,0,0.00093251513,0
ME_2190,ME,0,2.28046589481718e-06,0,0.07724313509429565,0,0.0010093647,0
ME_2191,ME,0,1.5731759984447545e-05,0,0.0049847141618822935,0,0.0002318042,0
ME_2192,ME,1,0.9775623466345627,1,0.8899689095337161,1,0.99561787,1
ME_2194,ME,0,7.02427577547192e-07,0,0.02202454425016445,0,0.00046523724,0
ME_2199,ME,0,5.1006415228991556e-09,0,0.010558775516199851,0,0.00022871613,0
ME_2200,ME,0,0.4441099554670642,1,0.5275286425674648,0,0.27297026,0
ME_2201,ME,0,0.0003145504159034179,0,0.12514764006317666,0,0.003443614,0
ME_2207,ME,1,0.9898784030698395,1,0.9598376716705591,1,0.9969289,1
ME_2210,ME,0,6.096184522014572e-08,0,0.022594689083205947,0,0.0005439394,0
ME_2215,ME,1,0.5037847172402883,1,0.5441185407206907,0,0.378139,0
ME_2217,ME,0,7.174576797195948e-06,0,0.021678686401867014,0,0.0005674871,0
ME_2219,ME,0,8.985158515261841e-05,0,0.06390692998418142,0,0.0013297132,0
ME_2220,ME,0,0.010310498327677319,0,0.2935733127031374,0,0.014914012,0
ME_2221,ME,1,0.9832829900981892,1,0.9061812041763517,1,0.98769635,1
ME_2226,ME,0,0.39099358665480605,0,0.3007002208154401,0,0.023272308,0
ME_2228,ME,0,0.00031449854704364104,0,0.041512164116126425,0,0.0006770229,0
ME_2230,ME,0,1.1944447151121675e-08,0,0.02144131415775812,0,0.000326921,0
ME_2232,ME,0,0.01025230057432825,0,0.2538059891586446,0,0.005313281,0
ME_2233,ME,0,1.974895713165924e-05,0,0.0018293120416496016,0,0.0003258795,0
ME_2235,ME,0,8.828126118882887e-05,0,0.024748208137342128,0,0.0003404258,0
ME_2236,ME,0,1.3510401777338183e-05,0,0.0003253838710547646,0,0.00030806128,0
ME_2238,ME,0,0.28409525019575305,0,0.2140669773264564,0,0.14353222,0
ME_2239,ME,0,3.542659643674265e-05,0,0.000500438086772481,0,0.00035639494,0
ME_2240,ME,0,1.0291047556877018e-06,0,0.0005635910716574597,0,0.00013760569,0
ME_2242,ME,0,2.2009882007120056e-05,0,0.006139492505723007,0,0.0007590826,0
ME_2243,ME,0,0.248572306507373,0,0.4128140573634546,0,0.056753255,0
ME_2246,ME,0,6.774311684189263e-08,0,0.04510979825670479,0,0.00032456795,0
ME_2248,ME,0,7.555457776991366e-08,0,0.008138923414145264,0,0.00020769725,0
ME_2249,ME,0,5.376652639065028e-06,0,0.3730921497207046,0,0.0020092442,0
ME_2250,ME,0,0.46285004600065166,0,0.41116259525066157,0,0.15488271,0
ME_2252,ME,0,0.008168707175437443,0,0.049041391008148895,0,0.0018310307,0
ME_2253,ME,0,0.28732936890948146,0,0.3158754428020902,0,0.026837884,0
ME_2256,ME,0,5.809908882230228e-05,0,0.0332570178933091,0,0.0003815188,0
ME_2257,ME,0,1.3767919678422914e-05,0,0.002721577146496404,0,0.00047712197,0
ME_2258,ME,0,0.4376679916486659,1,0.5661448423670692,0,0.29233685,0
ME_2259,ME,1,0.9943059613119181,1,0.9454122162475361,1,0.99680734,1
ME_2261,ME,0,1.560413162852471e-07,0,0.012362055402714617,0,0.00038057417,0
ME_2262,ME,0,0.0014264681059177806,0,0.010880520534878568,0,0.00034849843,0
ME_2263,ME,0,0.007787529648788165,0,0.16305143224595003,0,0.0074705826,0
ME_2264,ME,0,0.257070268956595,0,0.17736271741844908,0,0.047144823,0
ME_2265,ME,0,0.007933660173883162,0,0.3606966675247373,0,0.011136345,0
ME_2266,ME,0,0.009069763930736604,0,0.033760808488757184,0,0.0017692626,0
ME_2267,ME,0,0.0003029406283993807,0,0.15874828970127652,0,0.004702368,0
ME_2268,ME,0,0.0006049182482866837,0,0.037887735459594646,0,0.0011594098,0
ME_2269,ME,0,4.0223833916026394e-08,0,0.05406016259583527,0,0.00073132874,0
ME_2271,ME,0,0.0072617974690055214,0,0.033852182473475254,0,0.0025140618,0
ME_2272,ME,1,0.9976446907473302,1,0.9626044880440539,1,0.9953205,1
ME_2273,ME,0,2.977812086924942e-06,0,0.10824357352213715,0,0.00092120195,0
ME_2275,ME,0,3.950144255399436e-05,0,0.0005675425157569455,0,0.00032609954,0
ME_2276,ME,1,0.9952147379904565,1,0.9407413592298227,1,0.99621683,1
ME_2278,ME,0,0.029588201747999594,0,0.1681755025989438,0,0.029595202,0
ME_2279,ME,1,0.6471591735656329,0,0.441960179911134,0,0.4450684,0
ME_2281,ME,0,0.19579038839964336,1,0.5464813014096922,0,0.12443813,0
ME_2282,ME,0,0.0004550624391822354,0,0.45656284863441887,0,0.004612052,0
ME_2284,ME,0,0.0002123820299047455,0,0.0063310224973662475,0,0.0019510671,0
ME_2285,ME,0,0.00025824692088625756,0,0.006013979769000159,0,0.0010440109,0
ME_2286,ME,0,0.4961703330741125,0,0.48130345053089696,0,0.3062223,0
ME_2287,ME,0,3.564991152209945e-05,0,0.004791579303897535,0,0.00015579254,0
ME_2290,ME,0,1.2903808436060004e-06,0,0.026852664874812082,0,0.0010152574,0
ME_2293,ME,1,0.5400582312525161,0,0.24069341295255073,0,0.2985736,1
ME_2294,ME,0,3.3838613566578082e-06,0,0.013930567155979193,0,0.000116255535,0
ME_2298,ME,1,0.5279686092641602,0,0.46790725029372404,0,0.19008484,0
ME_2300,ME,1,0.6065172815710227,1,0.539968547043019,0,0.16192311,0
ME_2304,ME,0,0.0015475844810795415,0,0.023275721956855715,0,0.00067195186,0
ME_2312,ME,0,2.5201517913963807e-06,0,0.03557299158273784,0,0.00054567726,0
ME_2313,ME,0,4.312312178361325e-07,0,0.028194611149738334,0,0.0007079742,0
ME_2314,ME,0,0.008935327127008327,0,0.14002413268066854,0,0.006432618,0
ME_2315,ME,0,0.00023954446772863562,0,4.367811161866363e-05,0,0.00062727596,0
ME_2317,ME,0,7.272161523506422e-09,0,0.006407113804086563,0,9.664776e-05,0
ME_2318,ME,0,3.414751726075605e-05,0,0.01909975852511508,0,0.00023936942,0
ME_2319,ME,0,2.1646943991531142e-05,0,0.000536524961048016,0,0.00014553248,0
ME_2322,ME,0,0.00011246766888473518,0,0.004731551249619086,0,0.0024355229,0
ME_2324,ME,0,1.993143269408662e-05,0,0.00046996127513488197,0,0.00019242574,0
ME_2328,ME,1,0.5138519983446675,0,0.11452293545305421,0,0.017415717,0
ME_2331,ME,0,0.3339721484813582,0,0.4477247024837895,0,0.112328805,0
ME_2332,ME,1,0.98732166611538,1,0.8757305572599341,1,0.99615604,1
ME_2333,ME,0,0.009944893351506098,0,0.19324466246684666,0,0.044606924,0
ME_2334,ME,0,1.1932823520883644e-09,0,0.033283439935945146,0,0.002235863,0
ME_2335,ME,0,9.352230569353e-05,0,0.0035047483323413574,0,0.001358121,0
ME_2336,ME,0,0.03397936348069599,0,0.28636134251384193,0,0.0060198284,1
ME_2337,ME,0,0.0003962039585871587,0,0.22275613924264737,0,0.0061301705,0
ME_2338,ME,1,0.9983223210577494,1,0.9204659986588065,1,0.9937211,1
ME_2339,ME,0,1.0327710635682382e-06,0,0.019918126687646285,0,0.0006295381,0
ME_2340,ME,0,0.00017576686121205338,0,0.149692874759982,0,0.003983129,0
ME_2341,ME,0,1.3004462150435086e-05,0,0.0013231081282817352,0,0.00013582947,0
ME_2344,ME,0,0.3021065072797693,0,0.41753074622323516,0,0.046234664,0
ME_2349,ME,0,8.646120885039978e-06,0,0.0007920832692277785,0,0.0002832294,0
ME_2350,ME,0,7.518691581928996e-06,0,0.00026703688867600465,0,0.00029110047,0
ME_2356,ME,1,0.9995714837262936,1,0.8931384088211195,1,0.99176824,1
ME_2358,ME,0,0.005047687416429756,0,0.1955259670270875,0,0.0023326313,0
ME_2362,ME,0,0.002885940090927938,0,0.08300725898227423,0,0.0013779314,0
ME_2368,ME,0,9.275236798953723e-05,0,0.0030932322402335293,0,0.00022082418,0
ME_2370,ME,0,4.131743589423872e-05,0,0.0027433411726954025,0,0.00019141306,0
ME_2372,ME,0,0.004131306675828952,0,0.014025053796770513,0,0.00077029946,0
ME_2373,ME,0,0.0056066927501564265,0,0.08331292933282547,0,0.0027479394,0
ME_2377,ME,0,0.21858681455819043,0,0.3723559641117872,0,0.05763939,0
ME_2378,ME,0,2.3690415642266575e-05,0,0.031074106363224104,0,0.0008101121,0
ME_2380,ME,1,0.9988635951053334,1,0.8790955883354958,1,0.99402064,1
ME_2384,ME,0,5.595136801947354e-05,0,0.02569951134905935,0,0.0003632554,0
ME_2385,ME,0,3.588468284055307e-05,0,0.0012092222850543315,0,0.00021013961,0
ME_2386,ME,1,0.6732466874005871,0,0.3511434712500643,0,0.34060234,0
ME_2388,ME,0,0.28690709790226443,1,0.5078563324784714,0,0.09568094,0
ME_2390,ME,0,0.0029552571481883745,0,0.2153784465572005,0,0.005755647,0
ME_2393,ME,0,6.015415891088531e-05,0,0.011294974848343612,0,0.00036386834,0
ME_2395,ME,0,0.10468883374672189,0,0.4627547723313401,0,0.20341821,0
ME_2397,ME,0,0.2750198201019395,1,0.5648874955104268,0,0.05493136,0
ME_2398,ME,0,1.0013888984142588e-06,0,0.04215577099569783,0,0.00037525003,0
ME_2399,ME,1,0.9962816699209935,1,0.9732007790113992,1,0.99263906,0
ME_2400,ME,0,0.07927863236120215,0,0.33049209310533323,0,0.04627981,0
ME_2401,ME,0,1.2293315781950018e-05,0,0.02417207826345442,0,0.00018881726,0
ME_2403,ME,0,2.2717118019167617e-06,0,0.02000484513922459,0,0.00016375877,0
ME_2404,ME,0,3.53350501616584e-05,0,0.027792094780405823,0,0.000827624,0
ME_2405,ME,0,6.874716548886977e-07,0,0.02390973955259249,0,0.0004763431,0
ME_2412,ME,0,6.917459715357245e-07,0,0.0041103959327093206,0,0.0006247328,0
ME_2414,ME,0,8.407944865554659e-05,0,0.0013174302062768117,0,0.0005116752,0
ME_2415,ME,1,0.9963154724189962,1,0.9465561917115234,1,0.99643886,1
ME_2416,ME,0,0.45900043602518004,1,0.6093355567614157,0,0.15444906,0
ME_2417,ME,1,0.9970196574864949,1,0.9102797612294761,1,0.99793327,1
ME_2421,ME,1,0.6504051648902299,1,0.5406956585299251,0,0.6449662,0
ME_2424,ME,0,0.4915224831563709,0,0.4046656480391609,0,0.29382566,0
ME_2425,ME,0,7.239510483189443e-07,0,0.005432892851711643,0,0.00040081106,0
ME_2428,ME,0,2.224120160763089e-05,0,0.001457926678291909,0,0.00029541136,0
ME_2431,ME,0,6.480067154171558e-07,0,0.00872855902245284,0,0.000132419,0
ME_2432,ME,0,0.00010268626367130861,0,0.0870710987109026,0,0.0013609877,0
ME_2435,ME,0,8.773098820634619e-07,0,0.002516570269548616,0,0.0004571719,0
ME_2438,ME,0,4.222005421078897e-07,0,0.014576192957189248,0,0.0004901981,0
ME_2440,ME,0,0.06906502199868943,0,0.4296445445855186,0,0.028577818,0
ME_2445,ME,0,9.612336622236344e-07,0,0.01444005511144017,0,0.0005170612,0
ME_2447,ME,0,0.004872832583187265,0,0.029203709684164043,0,0.0014064119,0
ME_2449,ME,0,0.00017775603039118737,0,0.004570247988623174,0,0.0010375788,0
ME_2450,ME,0,0.4584618982863907,1,0.5834482932287988,0,0.25092524,0
ME_2452,ME,1,0.9936084485156929,1,0.950752819136999,1,0.9970805,1
ME_2454,ME,0,0.33944662224736205,1,0.5463823961277976,0,0.0833153,0
ME_2457,ME,0,0.16574728937428748,0,0.4136127339473517,0,0.13804632,0
ME_2458,ME,0,0.00013453409904340681,0,0.009028357615890145,0,0.00072111253,0
ME_2460,ME,0,2.500249862419354e-06,0,0.003046049145854395,0,8.446093e-05,0
ME_2461,ME,0,3.907978797612626e-05,0,0.006080313512770676,0,0.0005107832,0
ME_2464,ME,0,4.922090536414704e-08,0,0.017604300724913258,0,0.00031464698,0
ME_2472,ME,0,3.378794477127063e-06,0,0.00030292205614011953,0,0.00025464903,0
ME_2475,ME,0,2.785534531195633e-05,0,0.002081832353918343,0,0.0002858731,0
ME_2478,ME,1,0.9702162599399643,1,0.9167274935436303,1,0.997074,1
ME_2479,ME,0,4.957900320899053e-05,0,0.009408508834370126,0,0.00021178961,0
ME_2480,ME,0,0.00017071112453559157,0,0.037080712279168836,0,0.00031563427,0
ME_2484,ME,0,0.32663351012813735,0,0.45262399293957695,0,0.19668168,0
ME_2489,ME,0,3.8621259844489995e-06,0,0.028727143516847,0,0.0012912528,0
ME_2490,ME,0,0.4702253048223743,1,0.5838311084722022,0,0.24903406,0
ME_2491,ME,0,0.48590695293085884,0,0.08204919938722573,0,0.21372527,0
ME_2494,ME,0,0.44302725753481975,0,0.2557977251955983,0,0.030901205,0
ME_2496,ME,1,0.9886371612022578,1,0.9510656158709954,1,0.99653506,1
ME_2497,ME,1,0.9853472729120984,1,0.9023191094845322,1,0.9925828,1
ME_2498,ME,0,0.20711256332688605,1,0.568215814046121,0,0.074903205,0
ME_2499,ME,1,0.999011183035552,1,0.9241474670081002,1,0.9977958,1
ME_2500,ME,1,0.6752841958182305,1,0.5361473813992147,0,0.5219097,0
ME_2501,ME,0,6.385806995225862e-05,0,0.0063390721842841065,0,0.00094309886,0
ME_2503,ME,0,0.00013064117738689006,0,0.09354549458606855,0,0.0027750651,0
ME_2504,ME,1,0.9869404061432427,1,0.9603405178952337,1,0.9960998,0
ME_2505,ME,0,0.4346639330423885,1,0.5370748126731808,0,0.24678467,0
ME_2506,ME,0,1.9657270298657924e-07,0,0.03270703159369869,0,0.00086259545,0
ME_2508,ME,1,0.9915707533484713,1,0.8974982605733813,1,0.99293596,1
ME_2510,ME,1,0.9769628863568413,1,0.8855937464245665,1,0.98635453,0
ME_2511,ME,0,2.2965747379919522e-07,0,0.0836700980400118,0,0.00083785166,0
ME_2512,ME,0,0.3529527754815637,0,0.31714780228012224,0,0.35762343,0
ME_2513,ME,0,0.019602528656756178,0,0.2661038437343987,0,0.011665963,0
ME_2514,ME,1,0.9899182327930993,1,0.9284788952864005,1,0.9977101,1
ME_2515,ME,0,1.451860338781866e-05,0,0.008884161722279509,0,0.0002165135,0
ME_2516,ME,0,1.407768609142482e-05,0,0.0004571942267244207,0,0.0006599831,0
ME_2518,ME,0,1.5024756816863775e-07,0,0.018733665634378657,0,9.154627e-05,0
ME_2519,ME,0,0.00020609872014126844,0,0.004460606676170805,0,0.00047789965,0
ME_2520,ME,1,0.9917576630457683,1,0.9179383262582159,1,0.99486005,1
ME_2522,ME,0,3.591047244695588e-07,0,0.05744345747319149,0,0.0007584113,0
ME_2523,ME,0,0.0036890439786876335,0,0.03182547455352222,0,0.00078604976,0
ME_2526,ME,0,0.4749543760895906,1,0.5191330617795306,0,0.34734038,0
ME_2527,ME,0,1.4703356018847974e-05,0,0.0002968426697920847,0,0.00016178875,0
ME_2529,ME,0,0.4458099172130479,1,0.6048199704702856,0,0.24109663,0
ME_2530,ME,1,0.9989695648142455,1,0.944824156444097,1,0.99543047,1
ME_2531,ME,0,4.369982686078035e-05,0,0.0010555491037253135,0,0.00037616657,0
ME_2540,ME,0,0.3502443009685614,0,0.3039744802566478,0,0.4506067,0
ME_2541,ME,0,0.25023795887710104,0,0.27122577950514326,0,0.060369253,0
ME_2542,ME,0,0.00281031723921862,0,0.03943983470778939,0,0.0010561293,0
ME_2545,ME,0,0.0001494744632953245,0,0.048095415120407665,0,0.0005751015,0
ME_2546,ME,0,7.844438413197627e-08,0,0.009954045829594882,0,0.00015945802,0
ME_2548,ME,0,0.00015355791254306845,0,0.0011159842142998222,0,0.000754097,0
ME_2550,ME,0,8.038680977995095e-06,0,0.00919725139865424,0,0.001849975,0
ME_2552,ME,0,0.20063535121692086,1,0.5625231217367506,0,0.25351018,0
ME_2555,ME,0,3.562419928336221e-05,0,0.0023045232655427178,0,0.0005547104,0
ME_2561,ME,0,0.02722375154950757,0,0.04442919687394338,0,0.0018891187,0
ME_2562,ME,0,0.00011437817099044483,0,0.0036018583830355524,0,0.00029343998,0
ME_2563,ME,0,6.370276070863883e-05,0,0.00021241352062867217,0,0.0005256572,0
ME_2565,ME,0,7.518107830628863e-07,0,0.0734695161490046,0,0.00058563653,0
ME_2570,ME,0,2.3108852006429722e-05,0,0.019240455265858596,0,0.00022845635,0
ME_2571,ME,1,0.9861464818773981,1,0.9100797132696673,1,0.99414045,1
ME_2572,ME,1,0.9979810205118677,1,0.9592667348887958,1,0.99880874,1
ME_2573,ME,1,0.998566598993875,1,0.9572515772527891,1,0.9994254,1
ME_2575,ME,1,0.9865503698415939,1,0.9116633308611303,1,0.9951132,1
ME_2577,ME,1,0.5269068460470115,0,0.3661442220161234,0,0.033026073,0
ME_2580,ME,0,0.2525674536996417,0,0.492061950759047,0,0.09058333,0
ME_2581,ME,0,0.07097788136708393,0,0.29431903957233424,0,0.044231284,0
ME_2582,ME,1,0.6236706371899622,0,0.3543037840886163,0,0.2769215,0
ME_2583,ME,0,1.247431551438382e-05,0,0.011346136640549112,0,0.00026923005,0
ME_2585,ME,0,0.16238609103637433,1,0.6025464930619716,0,0.36082575,0
ME_2587,ME,1,0.992346817147489,1,0.9038547153317777,1,0.9976242,1
ME_2588,ME,0,7.886545038390149e-05,0,0.004026085318221188,0,0.00026380992,0
ME_2589,ME,0,0.4879484670972211,1,0.5724577776374958,0,0.080754,0
ME_2590,ME,0,0.005553448071606091,0,0.2518907428615505,0,0.035000704,0
ME_2591,ME,0,0.00916061492254574,0,0.10423906571799668,0,0.0067339265,0
ME_2593,ME,0,0.03590511645009708,0,0.2528560461901407,0,0.11013119,0
ME_2595,ME,0,0.0001058947349395577,0,0.005422020433778451,0,0.0004974828,0
ME_2596,ME,0,5.983164575596378e-05,0,0.08033655955652552,0,0.00039376982,0
ME_2597,ME,0,0.004570771977615118,0,0.2537080174320498,0,0.004107081,0
ME_2599,ME,0,0.008326311966487745,0,0.11265218778469333,0,0.0017407268,0
ME_2600,ME,0,9.229399436580717e-06,0,0.0006708186511100187,0,0.00034876147,0
ME_2601,ME,0,0.3556274099827438,0,0.3729549931353122,0,0.08634059,0
ME_2602,ME,0,8.51174033532492e-05,0,0.008357334847259833,0,0.00029518135,0
ME_2603,ME,0,4.925044151096038e-05,0,0.10595406567919632,0,0.0010222684,0
ME_2604,ME,0,7.690040338581371e-07,0,0.025450552376882582,0,0.0009542388,0
ME_2605,ME,0,3.8098262298870944e-05,0,0.009099743799060317,0,0.00093196315,0
ME_2607,ME,0,0.009508845894009018,0,0.19075592403095287,0,0.012179816,0
ME_2610,ME,0,0.005722182426588571,0,0.25592816893435405,0,0.011368117,0
ME_2612,ME,0,8.17066835287947e-05,0,0.002225131285143292,0,0.0005631912,0
ME_2615,ME,0,0.025084973454403615,0,0.21810090234452248,0,0.026744917,0
ME_2616,ME,0,8.893866182790859e-05,0,0.046591529512207935,0,0.0006042568,0
ME_2617,ME,0,0.25590336060136243,0,0.059844918467616935,0,0.05545965,0
ME_2618,ME,0,0.4247769130405421,0,0.42080539261125827,0,0.05133992,0
ME_2619,ME,0,6.468795918447214e-05,0,0.05051588313496593,0,0.0017797083,0
ME_2621,ME,0,0.26887032315720033,0,0.3142063033069237,0,0.013849379,0
ME_2622,ME,1,0.5011767736978798,1,0.5843108486749939,0,0.3461323,0
ME_2623,ME,0,0.3111648236230616,0,0.30567352533964565,0,0.038978223,0
ME_2624,ME,0,0.30942058346938683,1,0.5530530273695494,0,0.10472906,0
ME_2625,ME,0,8.776633156140634e-09,0,0.003206445539751025,0,0.00016715456,0
ME_2628,ME,0,0.35317712939178847,1,0.5381490371583195,0,0.386463,0
ME_2629,ME,1,0.9726384172871815,1,0.9113525893722052,1,0.9915748,1
ME_2630,ME,0,0.0005570680157532167,0,0.01795647864738501,0,0.0005367305,0
ME_2631,ME,1,0.690549605094666,0,0.4571093061204194,0,0.3522003,0
ME_2632,ME,0,2.750732818859966e-07,0,0.018611932092149366,0,0.0007641067,0
ME_2635,ME,0,0.0070543907621060265,0,0.08787294740086718,0,0.0029463712,0
ME_2637,ME,0,0.006836006190238832,0,0.19507615728664282,0,0.013115228,0
ME_2638,ME,0,7.418523343105286e-05,0,0.0012092222850543315,0,0.00022800287,0
ME_2639,ME,0,0.004535164647895559,0,0.19634340346260704,0,0.00447444,0
ME_2645,ME,0,0.4001527070248611,1,0.5691798171101559,0,0.09905205,0
ME_2649,ME,1,0.6373147080388448,1,0.5047458864052475,0,0.19295818,0
ME_2650,ME,1,0.9958374566191198,1,0.9573159514613656,1,0.99832577,1
ME_2653,ME,0,0.009026492545077307,0,0.36154777457227866,0,0.017688463,0
ME_2660,ME,0,1.2870893497084025e-07,0,0.04233373717870861,0,0.0007551933,0
ME_2662,ME,0,0.004141343364692702,0,0.19389932507944116,0,0.002781741,0
ME_2663,ME,0,4.399457597472819e-05,0,0.002939713807886162,0,0.00065037503,0
ME_2665,ME,0,7.096478734713938e-05,0,0.0007821858791369824,0,0.00029482556,0
ME_2668,ME,0,8.71643442157501e-06,0,0.0002968426697920847,0,0.000251678,0
ME_2671,ME,0,7.431646779770996e-06,0,0.03649781465986929,0,0.00013483287,0
ME_2672,ME,1,0.9909210980052605,1,0.943999382882453,1,0.998061,1
ME_2673,ME,0,7.61890779505866e-06,0,0.014200991417363529,0,0.0002618246,0
ME_2674,ME,1,0.967917784336212,1,0.911802129507549,1,0.99656373,1
ME_2675,ME,0,7.642442066917165e-09,0,0.029220607514347102,0,0.0006773979,0
ME_2676,ME,0,3.922452972876928e-05,0,0.0002633009173321691,0,0.00026416202,0
ME_2677,ME,0,1.503735395502293e-08,0,0.08779408483470812,0,0.00033502036,0
ME_2678,ME,0,0.004957141911336578,0,0.11353016526541221,0,0.005142828,0
ME_2681,ME,0,0.0006498967451322856,0,0.0051964714826017,0,0.00058964506,0
ME_2682,ME,0,0.2731649144041336,0,0.34228561366504057,0,0.117838725,0
ME_2686,ME,0,0.1707485766968651,0,0.4281662071700135,0,0.04479499,0
ME_2687,ME,0,0.2557275305013134,0,0.3378107366036311,0,0.023467049,0
ME_2688,ME,0,4.314373417058501e-06,0,0.018366040162262384,0,0.0005733133,0
ME_2690,ME,0,0.2414368569913407,0,0.23414289130492824,0,0.011014911,0
ME_2691,ME,1,0.9861903547811804,1,0.9597879796588874,1,0.9957377,1
ME_2692,ME,0,1.1085512699819182e-05,0,0.017113768224800253,0,8.1700266e-05,0
ME_2693,ME,0,6.968822049498995e-10,0,0.0018184212746832833,0,0.0002547498,0
ME_2694,ME,1,0.9930802096712862,1,0.909814386408111,1,0.9960995,1
ME_2702,ME,0,3.523224701538782e-05,0,0.016665804155328107,0,0.0006263795,0
ME_2703,ME,0,4.100784951954764e-06,0,0.18574147977059408,0,0.0049448083,0
ME_2705,ME,0,0.0048319792816335985,0,0.07286620302394614,0,0.001406221,0
ME_2706,ME,0,0.11473639408051098,0,0.26512083497012245,0,0.008500778,0
ME_2707,ME,1,0.9908933475064984,1,0.9462134578853504,1,0.9963128,1
ME_2715,ME,0,0.0003082475482197369,0,0.01081139780244125,0,0.00082919287,0
ME_2719,ME,0,6.1048804258411065e-06,0,0.0010488589352765725,0,0.00010155466,0
ME_2724,ME,1,0.9894507864357094,1,0.9177578283497587,1,0.9985954,1
ME_2730,ME,1,0.9990817361409152,1,0.9480444468794794,1,0.9993793,0
ME_2732,ME,0,0.00868100802710243,0,0.21598715822316214,0,0.0042496324,0
ME_2733,ME,0,8.090956943284026e-06,0,0.007951502766469607,0,0.00012854983,0
ME_2734,ME,0,0.015165624622784176,0,0.13494217394249333,0,0.004815131,0
ME_2735,ME,0,0.29160990511354473,0,0.33943115959193637,0,0.048347566,0
ME_2738,ME,0,0.3594853183705814,1,0.5859441884963728,0,0.03807887,1
ME_2747,ME,0,1.0252203277063402e-08,0,0.010019541505992026,0,0.00016358742,0
ME_2750,ME,0,5.653910929010747e-05,0,0.01623828637052594,0,0.00026514736,0
ME_2753,ME,0,0.34281680789781566,0,0.1729531229830589,0,0.02707724,0
ME_2754,ME,0,4.976888030219505e-07,0,0.028260442431503698,0,0.0008771585,0
ME_2758,ME,0,0.004701969076618599,0,0.032574417038894014,0,0.0014038647,0
ME_2759,ME,0,0.26749333085415994,1,0.5769638854837932,0,0.15910907,0
ME_2760,ME,1,0.5393416605245379,0,0.441692751420253,0,0.35652536,0
ME_2761,ME,1,0.9917403783251729,1,0.9179797722417737,1,0.997696,1
ME_2765,ME,0,1.4881136177277675e-07,0,0.017432443076526704,0,0.00027874575,0
ME_2767,ME,0,3.772241084988865e-07,0,0.027055477159490245,0,0.0002279357,0
ME_2769,ME,0,3.457860524347944e-05,0,0.003854077432641874,0,0.0002772797,0
ME_2771,ME,0,0.32801824193112444,0,0.10056992544402792,0,0.052050646,0
ME_2778,ME,0,0.004931798312418076,0,0.02869804413951447,0,0.0008055872,0
ME_2780,ME,1,0.8337095434212234,1,0.6025447311897297,0,0.3577666,0
ME_2781,ME,0,2.9527444596187496e-05,0,0.00021604899829996897,0,0.00018948746,0
ME_2785,ME,0,0.27891231295026614,0,0.10528976368594291,0,0.083130725,0
ME_2786,ME,0,0.000146551712138111,0,0.02645232403725842,0,0.00032211636,0
ME_2787,ME,0,0.00018477575274896793,0,0.016997213580071727,0,0.0013158564,0
ME_2789,ME,0,0.2566734081293687,1,0.5557304063078693,0,0.13750972,0
ME_2791,ME,0,0.00952943115861801,0,0.22720365938062173,0,0.0048926948,0
ME_2796,ME,0,0.00010166462442815586,0,0.049597426112173514,0,0.0009466549,0
ME_2797,ME,1,0.5469216387455279,0,0.37003301957529816,0,0.07078344,0
ME_2799,ME,0,0.004069030178473979,0,0.024557634157224725,0,0.00077570404,0
ME_2801,ME,0,4.341939583605843e-05,0,0.03080789392932769,0,0.0009495834,0
ME_2802,ME,0,0.0001649719099239592,0,0.04647956220749827,0,0.0013952929,0
ME_2803,ME,0,0.00043630914523798083,0,0.011090022513655321,0,0.00047697328,0
ME_2806,ME,1,0.9999030810385884,1,0.9350410795084021,1,0.99515957,0
ME_2807,ME,0,3.858131987235322e-07,0,0.030250543080001056,0,0.00058794266,0
ME_2810,ME,0,4.164690242189531e-05,0,0.0037072876629294683,0,0.00043077138,0
ME_2811,ME,0,2.3418113116680345e-05,0,0.0005760398186325368,0,0.0001523748,0
ME_2812,ME,0,0.39876486515761844,0,0.26498870567217464,0,0.122677945,0
ME_2816,ME,0,0.15880813768379295,0,0.1670486822542366,0,0.005896329,0
ME_2817,ME,0,3.792867714258654e-05,0,0.0026711637275929944,0,0.00036039174,0
ME_2818,ME,1,0.7660593114591461,0,0.469729347168917,0,0.5505939,0
ME_2821,ME,1,0.988724904660212,1,0.8161490469356802,1,0.99494296,1
ME_2822,ME,0,0.015168087772215417,0,0.3885525900654665,0,0.011922148,0
ME_2825,ME,0,4.1035416552463594e-07,0,0.012313245663082915,0,0.00029746743,0
ME_2830,ME,0,2.91777304814103e-05,0,0.001539483252682996,0,0.0010268928,0
ME_2831,ME,1,0.5296682505287705,0,0.1611974668538738,0,0.054225452,0
ME_2832,ME,0,0.44493897455513404,1,0.5882656386350212,0,0.35555455,0
ME_2834,ME,0,0.00732801096685148,0,0.2795873513344415,0,0.0044410075,0
ME_2841,ME,0,0.0001737834704327537,0,0.02956632757003381,0,0.00022103058,0
ME_2842,ME,0,0.007637591019632709,0,0.24209787391673301,0,0.0048502656,0
ME_2844,ME,0,0.011226908377484733,0,0.19038610003270318,0,0.0063592996,0
ME_2845,ME,1,0.636686243830765,1,0.5813275781324524,0,0.30538654,0
ME_2847,ME,0,0.3366613127438719,0,0.3495625618910163,0,0.12324445,0
ME_2848,ME,0,1.3426789212946965e-07,0,0.03298255159045376,0,0.00028123712,0
ME_2849,ME,0,1.2323560800287478e-05,0,0.00026826728108534194,0,0.0007430373,0
ME_2851,ME,0,0.004676351055205221,0,0.1295261028074277,0,0.0018301769,0
ME_2852,ME,0,2.2280386325897418e-08,0,0.10535633801530374,0,0.004145543,0
ME_2853,ME,0,0.3158273897549664,0,0.44522453365201653,0,0.299477,0
ME_2854,ME,0,0.4544204269271279,0,0.25827865476896306,0,0.21700495,0
ME_2855,ME,1,0.6416374067216519,0,0.49081210516871865,0,0.19986978,0
ME_2856,ME,0,2.175764891313037e-05,0,0.021953372228880663,0,6.66345e-05,0
ME_2858,ME,0,0.3949730196875102,1,0.5472001463129862,0,0.16426943,0
ME_2862,ME,0,0.3106498515263127,0,0.49637667371225147,0,0.042981844,0
ME_2866,ME,0,0.0037473073535615026,0,0.023079902662770366,0,0.0017561452,0
ME_2867,ME,0,7.132708126362837e-09,0,0.024638001334746428,0,0.0006706735,0
ME_2870,ME,0,4.9091093834734004e-05,0,0.0011710937561725376,0,0.00019373155,0
ME_2872,ME,1,0.6327579587879172,1,0.5752342020089953,0,0.25453585,0
ME_2874,ME,0,0.00014068062260822047,0,0.08370476063923371,0,0.00050204113,0
ME_2875,ME,0,0.1660015165227459,0,0.09477663157254344,0,0.010193642,0
ME_2877,ME,0,1.962343309610819e-06,0,0.16905529769697836,0,0.0032703874,0
ME_2879,ME,0,0.4287795023942634,1,0.5676089365458046,0,0.15980743,0
ME_2881,ME,0,0.4562428858544695,1,0.6039050329830722,0,0.18794522,0
ME_2882,ME,0,0.0006361324136368719,0,0.054756764728642555,0,0.0014658162,0
ME_2883,ME,0,0.011672820462985185,0,0.20024169800796035,0,0.2028123,0
ME_2885,ME,0,0.4868901827345879,1,0.6312727454445525,0,0.16811198,0
ME_2889,ME,0,0.00018308472890014388,0,0.0024161737949055253,0,0.00071123947,0
ME_2890,ME,0,0.004648078560793725,0,0.23145243090048448,0,0.00231314,0
ME_2894,ME,0,0.13416328090394342,0,0.4911213983509866,0,0.35847723,0
ME_2895,ME,0,2.8987513922913457e-05,0,0.002645711655862179,0,0.00013737088,0
ME_2896,ME,1,0.5762115396129073,1,0.6846849506888011,0,0.39362782,0
ME_2897,ME,0,0.354352003415343,1,0.5993650828096215,0,0.17958553,0
ME_2898,ME,0,6.487158872165381e-07,0,0.029202899663214977,0,0.0012527824,0
ME_2899,ME,1,0.5350808200335192,0,0.4387742860145506,0,0.3797406,0
ME_2900,ME,0,0.40587227516760044,1,0.5222929519167024,0,0.04909372,0
ME_2904,ME,0,1.521960121035521e-08,0,0.028597615068887586,0,0.00037004,0
ME_2908,ME,0,0.007857251284375826,0,0.0855081759983125,0,0.0014579701,0
ME_2909,ME,0,4.8080314722414054e-06,0,0.00591889983190175,0,0.00020899365,0
ME_2910,ME,0,3.9187808657884046e-05,0,0.013584718173205538,0,0.00022719213,0
ME_2912,ME,0,2.93022619246199e-08,0,0.0023574661335250572,0,0.0002172331,0
ME_2913,ME,0,0.006347239357959182,0,0.13338923160885918,0,0.0039917114,0
ME_2914,ME,0,2.5467434112314217e-05,0,0.0005208429056491443,0,0.00019004241,0
ME_2916,ME,0,7.055314812487775e-06,0,0.028521860527844146,0,0.0005630863,0
ME_2917,ME,0,4.4664662620591173e-07,0,0.020657819705444974,0,0.000714434,0
ME_2918,ME,1,0.9955593720654964,1,0.9590603652231576,1,0.99590415,1
ME_2919,ME,0,0.33453500877214676,0,0.49618588473785724,0,0.3700013,0
ME_2921,ME,0,0.0022075047657801705,0,0.20082571652258194,0,0.003624598,0
ME_2922,ME,1,0.5116221383017714,0,0.44171650869402784,0,0.16390291,0
ME_2924,ME,1,0.5929769585649731,1,0.589330045830866,0,0.47190553,0
ME_2925,ME,0,0.004866389154754772,0,0.2676713813571554,0,0.02478522,0
ME_2927,ME,0,7.258958134143133e-06,0,0.024717686344928092,0,0.0001942415,0
ME_2928,ME,0,0.015362553281047048,0,0.18208615056084612,0,0.0057570655,0
ME_2930,ME,0,4.296308526138305e-09,0,0.006611993638561719,0,2.9816987e-05,0
ME_2931,ME,0,0.0006051024051743864,0,0.4735377668866611,0,0.6304634,0
ME_2932,ME,0,1.0241106314079664e-06,0,0.010738193054083255,0,8.002594e-05,0
ME_2933,ME,0,8.83881591243711e-06,0,0.012709741141979767,0,0.00041156687,0
ME_2934,ME,0,6.476211844286304e-06,0,0.017575116540188902,0,0.00019178611,0
ME_2936,ME,0,0.37553133518936904,0,0.3468064647545221,0,0.120220326,0
ME_2937,ME,0,0.17588881549248983,0,0.4279169070973858,0,0.109114654,0
ME_2942,ME,0,3.203244055552734e-10,0,0.0040209495145130565,0,0.00015486167,0
ME_2944,ME,0,0.39233225824329554,1,0.5600734271140937,0,0.19585516,0
ME_2945,ME,0,0.37844866766048524,1,0.5830068057013468,0,0.21026784,0
ME_2947,ME,0,5.646157774731703e-06,0,0.0014617520714377188,0,0.00015492416,0
ME_2948,ME,0,2.6684783313148778e-05,0,0.011361654161936944,0,0.00037979241,0
ME_2953,ME,0,2.2985663093712806e-05,0,0.0005383067506443108,0,0.0006693125,0
ME_2955,ME,0,9.364109810893221e-07,0,0.02663785321387352,0,0.0005620849,0
ME_2957,ME,1,0.5714113969454128,0,0.3863993261294119,0,0.26293078,0
ME_2960,ME,0,0.002306226373858255,0,0.11674107393693384,0,0.0077696037,0
ME_2961,ME,0,0.00010730917022849414,0,0.12526211235160217,0,0.0021745886,0
ME_2964,ME,0,2.7148241179556488e-05,0,0.0005081821171004565,0,0.00091016147,0
ME_2967,ME,0,0.014872183749182142,0,0.1078509525441329,0,0.0025128734,0
ME_2968,ME,0,0.1252851156606917,0,0.286686074548353,0,0.0054697907,0
ME_2973,ME,0,2.3792419340311347e-06,0,0.05123691795071067,0,0.0011974125,0
ME_2974,ME,0,0.27665047926498615,1,0.5532558087144821,0,0.082424745,0
ME_2975,ME,0,1.3132632702374248e-06,0,0.037672778504792684,0,0.0010858724,0
ME_2976,ME,0,2.5978630745125375e-07,0,0.006239051523926415,0,0.00035602378,0
ME_2977,ME,0,7.331130398174344e-05,0,0.07404005371225203,0,0.0009649599,0
ME_2978,ME,1,0.6035217407615222,1,0.5205618507753774,0,0.18167457,0
ME_2979,ME,0,0.00010398962264469555,0,0.11023816094862508,0,0.004527342,0
ME_2980,ME,0,3.622569287459456e-05,0,0.0005208429056491443,0,0.00029970377,0
ME_2981,ME,0,1.521417886400238e-08,0,0.03512110242314245,0,0.00079428,0
ME_2982,ME,0,0.044392087540788515,0,0.3692829662974527,0,0.021364233,0
ME_2986,ME,1,0.9997004333502801,1,0.9254940385757839,1,0.99716455,1
ME_2988,ME,0,0.3550694803261189,1,0.5146076035706525,0,0.32600653,0
ME_2989,ME,0,0.00422872174882246,0,0.022154345969682892,0,0.0016444479,0
ME_2990,ME,1,0.9019067945692392,1,0.5476345992800042,0,0.6034926,0
ME_2991,ME,1,0.9860275934349725,1,0.7703645590708015,1,0.9912747,1
ME_2993,ME,0,2.749545190982806e-09,0,0.004636432606769791,0,5.973188e-05,0
ME_2995,ME,1,0.9726723427531264,0,0.44003417079405094,0,0.20236108,0
ME_2996,ME,0,0.47229176997660294,1,0.614025294779289,0,0.20306711,0
ME_2997,ME,0,2.0799608871427976e-05,0,0.0007708518467224707,0,0.00045801068,0
ME_2998,ME,1,0.7001334894885186,0,0.45891756590689387,0,0.32733664,1
ME_2999,ME,0,3.0180153228959088e-05,0,0.037018282202719306,0,0.00019981714,0
ME_3009,ME,0,3.520321466137703e-07,0,0.06437885109355564,0,0.00034210357,0
ME_3010,ME,0,0.0062639679694334845,0,0.05708605469083556,0,0.00091849203,0
ME_3013,ME,0,2.700255625351204e-06,0,0.02877646774069855,0,0.0010376277,0
ME_3016,ME,0,3.895567111487634e-07,0,0.0228177723913635,0,0.00076365104,0
ME_3017,ME,1,0.9876274378652703,1,0.928966207346087,1,0.9959418,1
ME_3018,ME,1,0.9860144269189243,1,0.8982778796431908,1,0.99757856,1
ME_3021,ME,0,0.002769093334425495,0,0.04805158328631097,0,0.0005794234,0
ME_3023,ME,0,0.37795159432179987,0,0.4855905727221389,0,0.6525151,0
ME_3025,ME,0,5.757036652852752e-05,0,0.09278838376477842,0,0.0007726498,0
ME_3027,ME,0,5.89525274226766e-05,0,0.06760048755930974,0,0.0007651709,0
ME_3033,ME,0,0.001107144225813635,0,0.2085781616044725,0,0.0010232652,0
ME_3034,ME,0,0.1079407707989668,0,0.18966232606883154,0,0.0021943937,0
ME_3036,ME,0,0.002901381348112361,0,0.027338243396022015,0,0.0010696898,0
ME_3039,ME,1,0.98799727024799,1,0.9204291231937204,1,0.99733955,0
ME_3040,ME,0,1.6251866123599247e-05,0,0.01913646580246827,0,0.00043325548,0
ME_3042,ME,1,0.9636744566990146,1,0.9495070261915366,1,0.9925256,1
ME_3043,ME,1,0.692185745961861,1,0.7006408351823205,0,0.45769218,0
ME_3044,ME,0,1.3356789040094835e-05,0,0.001778324151273566,0,0.00038059667,0
ME_3045,ME,1,0.6665774001912391,0,0.4573467307247284,0,0.31311947,0
ME_3047,ME,0,2.912720910703254e-05,0,0.001812036992383903,0,0.0012627455,0
ME_3048,ME,0,0.4185583494728758,1,0.5920286354425806,0,0.095427334,1
ME_3049,ME,0,3.2362503125923864e-07,0,0.030650779026292506,0,0.0011388047,0
ME_3052,ME,1,0.6176778042703713,0,0.47463983041353514,0,0.39244416,0
ME_3053,ME,0,0.40035388139299566,0,0.45711412651166017,0,0.10399307,0
ME_3056,ME,1,0.9974769324429644,1,0.9038713519120476,1,0.99691474,1
ME_3057,ME,1,0.5403539086048256,1,0.5410810475052203,0,0.29608002,0
ME_3063,ME,0,1.0441990637434184e-10,0,0.008762041970698489,0,0.00010686168,0
ME_3064,ME,0,0.4059400022333549,1,0.5452898095431344,0,0.16683897,0
ME_3066,ME,0,0.42326303733058723,1,0.6284503220971782,0,0.10613424,0
ME_3067,ME,1,0.5146616277576671,1,0.6462436483014021,0,0.6370083,0
ME_3070,ME,0,1.2121243211398262e-07,0,0.02437427632162839,0,0.0004494112,0
ME_3072,ME,0,0.030745265679119664,0,0.049687232197513385,0,0.0068905186,0
ME_3073,ME,0,0.44349267880322235,1,0.5971531172315275,0,0.095541656,0
ME_3076,ME,0,0.0027513174460960205,0,0.00709322042982536,0,0.00037851234,0
ME_3077,ME,1,0.9825321461353819,1,0.7750025799780157,1,0.99117106,1
ME_3078,ME,0,0.01078437423069828,0,0.0491646488115592,0,0.005490821,0
ME_3079,ME,0,0.0035027255214076644,0,0.05152525167180273,0,0.002496171,0
ME_3080,ME,0,5.250987167233862e-05,0,0.04324320610478729,0,0.00050508574,0
ME_3081,ME,0,0.41987568268644243,0,0.4106210504035822,0,0.1821479,0
ME_3083,ME,0,0.0019869436044165057,0,0.02543854908748426,0,0.00035406553,0
ME_3085,ME,0,0.3482345350743094,0,0.37918735158189226,0,0.07646041,0
ME_3086,ME,0,8.399679539711299e-05,0,0.00011098691616052296,0,0.00037543214,0
ME_3087,ME,0,1.1396029792025377e-05,0,0.001457926678291909,0,0.0003797714,0
ME_3088,ME,1,0.598597644044759,0,0.08849660313703789,0,0.013683743,0
ME_3090,ME,0,1.2427908938687493e-06,0,0.005187442354758942,0,0.000566293,0
ME_3092,ME,0,3.2611889595300395e-05,0,0.0002968426697920847,0,0.00027654285,0
ME_3095,ME,1,0.5701118992920082,1,0.5671029672974647,0,0.26018542,0
ME_3096,ME,0,0.0006328042516846282,0,0.16230623123134874,0,0.0033457677,0
ME_3097,ME,0,0.22075439994223556,0,0.3282440459993909,0,0.036693104,0
ME_3098,ME,0,1.8996803770929118e-06,0,0.010241661513818189,0,0.00015798605,0
ME_3099,ME,0,2.3691826179088766e-05,0,0.03568179619703165,0,0.0004108693,0
ME_3101,ME,0,0.00454303336216319,0,0.1407106442531549,0,0.0016891942,0
ME_3103,ME,0,1.652834181699365e-07,0,0.020978868272316972,0,0.00010769099,0
ME_3105,ME,0,0.25377511919954354,0,0.1889408891190974,0,0.061331455,0
ME_3106,ME,0,0.00012312905274751326,0,0.007964573282915081,0,0.0003587691,0
ME_3107,ME,1,0.9293185378910178,1,0.6710230844410715,1,0.76432616,0
ME_3108,ME,0,0.30833565286830594,0,0.3976814056965068,0,0.07276666,0
ME_3109,ME,0,0.20633132616265493,0,0.3087354433539817,0,0.024653232,0
ME_3110,ME,0,8.395564306169354e-06,0,0.00026826728108534194,0,0.0002543564,0
ME_3111,ME,0,1.8778667123472996e-05,0,0.0008067370141865855,0,0.00039079774,0
ME_3112,ME,0,6.568866445308445e-08,0,0.016956354675395125,0,0.00015093511,0
ME_3113,ME,0,3.730826947526797e-05,0,0.02053313738280784,0,0.0002844648,0
ME_3121,ME,0,7.093905979268872e-06,0,0.17803330762633876,0,0.0037427226,0
ME_3122,ME,0,0.15598683328334578,0,0.30983714780873567,0,0.039007775,0
ME_3124,ME,0,5.911693652950303e-05,0,0.03764493464338285,0,0.00058905187,0
ME_3126,ME,0,1.3800744896998244e-05,0,0.00034080769371494887,0,0.00023941028,0
ME_3127,ME,1,0.5896466896298157,1,0.6407975529772706,0,0.25612217,0
ME_3128,ME,0,0.0007424346430410861,0,0.025032390546923803,0,0.0010014805,0
ME_3129,ME,0,3.3565669855439734e-05,0,0.0037286725960619578,0,0.0006985222,0
ME_3130,ME,0,0.4582407643547258,1,0.5018637141410656,0,0.21024704,0
ME_3134,ME,0,0.2537914537242846,0,0.34338118833105513,0,0.10947446,0
ME_3135,ME,0,5.988463652027784e-06,0,0.2756710640367839,0,0.0054980903,0
ME_3137,ME,0,0.23090620907135398,0,0.41650311526721295,0,0.022373676,0
ME_3138,ME,0,0.364707901335179,0,0.23846304408431773,0,0.0747275,0
ME_3139,ME,0,1.6021891171362323e-05,0,0.001118988746566002,0,0.0005780201,0
ME_3142,ME,1,0.5751660311671893,0,0.4234474060465452,0,0.18438554,0
ME_3143,ME,0,7.70615749830624e-05,0,0.06312760245387973,0,0.0009018913,0
ME_3144,ME,0,3.738975285589414e-07,0,0.05622295169298084,0,0.0044031073,0
ME_3146,ME,1,0.570282277832345,1,0.6052857431255506,0,0.20999005,0
ME_3148,ME,0,0.4848316084467485,0,0.4799772297158451,0,0.109825686,0
ME_3152,ME,1,0.997693851215696,1,0.9090730852138826,1,0.98808366,0
ME_3153,ME,0,3.9567598023790755e-05,0,0.0010952524203490504,0,0.0005579043,0
ME_3157,ME,0,0.013579335276569212,0,0.12906934642540427,0,0.09259813,0
ME_3158,ME,1,0.6153357398632575,1,0.5490907231106069,0,0.5521363,0
ME_3159,ME,0,1.1194624906973303e-08,0,0.02756807382411866,0,0.00046344483,0
ME_3163,ME,0,5.973152302004267e-05,0,0.04376075879665123,0,0.0012094842,0
ME_3165,ME,1,0.9844181177750596,1,0.9078223177515236,1,0.9936858,1
ME_3166,ME,0,0.427070051834694,1,0.6485081886857724,0,0.37324795,0
ME_3170,ME,0,7.400002333678372e-06,0,0.004576152505491813,0,0.0005510881,0
ME_3171,ME,0,0.00011969013907478668,0,0.002987242767081756,0,0.00042606768,0
ME_3172,ME,1,0.9918626569953943,1,0.9599772543079627,1,0.9943627,1
ME_3173,ME,1,0.9976853401090757,1,0.9703958113523226,1,0.99783057,1
ME_3175,ME,0,1.4170225565572742e-05,0,0.04100961015156912,0,0.0016006489,0
ME_3176,ME,0,2.6929481481180216e-06,0,0.16614748955086345,0,0.0011933573,0
ME_3179,ME,1,0.9811939219768224,1,0.8972000872644308,1,0.9988568,1
ME_3180,ME,0,0.009811082689035418,0,0.19026978509806142,0,0.0032115483,0
ME_3181,ME,1,0.9864044212532584,1,0.9482046236722245,1,0.99394774,1
ME_3186,ME,1,0.8682746484523862,1,0.6487194595037162,0,0.22164184,0
ME_3187,ME,0,0.44493458656090606,1,0.5950631185821736,0,0.23379262,0
ME_3188,ME,0,0.002825303170917477,0,0.03815241184615693,0,0.0012767841,0
ME_3190,ME,0,3.129906953243203e-05,0,0.0005383067506443108,0,0.0019732313,0
ME_3195,ME,0,3.28986270471185e-05,0,0.0021010200383383055,0,0.00084173953,0
ME_3200,ME,0,5.1021230661121955e-05,0,0.03827683887888455,0,0.00027929986,0
ME_3202,ME,0,1.8929433533141188e-07,0,0.01325807759622489,0,0.00017824613,0
ME_3205,ME,1,0.5346284088218137,0,0.42929896294608794,0,0.23316635,0
ME_3208,ME,0,8.158227801672622e-05,0,0.09378323959715616,0,0.000969516,0
ME_3212,ME,0,0.00010760458296034026,0,0.055298832106621065,0,0.0013714489,0
ME_3214,ME,0,8.930598128470204e-05,0,0.05879705238269529,0,0.0011672142,0
ME_3215,ME,0,4.6672041156417847e-07,0,0.03811968737624297,0,0.00047247167,0
ME_3216,ME,0,7.282679382147972e-07,0,0.01111249926593455,0,0.00014147245,0
ME_3219,ME,0,5.544241931701928e-07,0,0.022219079921680655,0,0.0004694296,0
ME_3222,ME,0,6.073195900431776e-07,0,0.004672221889311432,0,0.00015175885,0
ME_3225,ME,0,5.549755118375854e-08,0,0.004080199891482442,0,8.336397e-05,0
ME_3226,ME,1,0.6098121169122931,1,0.517666311670154,0,0.4616974,0
ME_3227,ME,0,1.1328039007844344e-05,0,0.031059226226111618,0,0.00077934866,0
ME_3228,ME,0,4.414572101308206e-05,0,0.026564917126447225,0,0.00063167856,0
ME_3229,ME,0,0.38306095605161083,0,0.16879746252466352,0,0.1222702,0
ME_3231,ME,0,0.3371774028611155,1,0.5434070719987666,0,0.22211015,0
ME_3232,ME,0,0.08338282369908431,0,0.12769249522666937,0,0.0026410937,0
ME_3234,ME,0,2.8343242665682758e-05,0,0.01999011956413328,0,0.00013394839,0
ME_3236,ME,0,0.004457023167130872,0,0.08707983402549005,0,0.00051281386,0
ME_3238,ME,1,0.7422320973085654,1,0.6599491755289625,0,0.5773061,0
ME_3243,ME,1,0.5784859659221603,1,0.6209841275533902,0,0.28525123,0
ME_3244,ME,0,3.2339792159708573e-09,0,0.01733898532498851,0,0.00024607044,0
ME_3245,ME,0,0.43308410020232324,0,0.49416888688467603,0,0.1524581,0
ME_3247,ME,0,0.026273768466779687,0,0.2639778197816947,0,0.005614302,0
ME_3248,ME,0,2.594851388370534e-06,0,0.018617956062396624,0,0.00013733355,0
ME_3249,ME,0,0.0155478926653476,0,0.055282596780494055,0,0.0053925207,0
ME_3250,ME,0,0.0001250946194379312,0,0.06518978969343632,0,0.0006953328,0
ME_3252,ME,1,0.5158933754003905,0,0.44779685498620336,0,0.14031191,0
ME_3256,ME,0,2.8029766568114037e-07,0,0.01957815407333868,0,0.0002742096,0
ME_3257,ME,0,0.001997490914348919,0,0.10800065337030636,0,0.0011613761,0
ME_3258,ME,1,0.5376225502420356,1,0.5397687094287277,0,0.1809527,0
ME_3259,ME,1,0.5592035702216164,1,0.5808272566145753,0,0.16235471,0
ME_3261,ME,0,0.356252339271382,0,0.4751925237003344,0,0.030412238,0
ME_3262,ME,0,4.281401105578515e-05,0,0.00026826728108534194,0,0.00045210053,0
ME_3263,ME,0,0.003646079443365388,0,0.028602618553505176,0,0.0008281186,0
ME_3264,ME,0,4.639685144059697e-06,0,0.0002907139701986977,0,0.00026979818,0
ME_3265,ME,0,4.724840028709123e-09,0,0.02396134264173776,0,0.00028934784,0
ME_3267,ME,0,0.02340106868188704,0,0.05309446689372203,0,0.000295395,0
ME_3268,ME,0,1.8126232389297115e-05,0,0.0009739531445481912,0,0.0005881038,0
ME_3270,ME,0,0.0002140786767487964,0,0.0009269018192379523,0,0.0007087745,0
ME_3279,ME,1,0.9681039018020815,1,0.9029494523121836,1,0.98879737,1
ME_3280,ME,0,1.266645469301287e-05,0,0.016046797032353417,0,0.0008819044,0
ME_3281,ME,0,4.23756308546852e-06,0,0.10842085800420627,0,0.0027174049,0
ME_3283,ME,1,0.9773719371701619,1,0.9252684581599048,1,0.99865556,1
ME_3284,ME,1,0.996319305765462,1,0.9255050679731348,1,0.9968652,1
ME_3285,ME,0,5.832202490198482e-07,0,0.07038968015699974,0,0.0018576398,0
ME_3286,ME,0,4.609462345418442e-07,0,0.04402487007027864,0,0.00069576706,0
ME_3287,ME,0,5.880797820067044e-09,0,0.01047277052755036,0,0.00016517407,0
ME_3289,ME,0,7.279230967758791e-05,0,0.05092938125267454,0,0.00052038534,0
ME_3290,ME,0,0.005811931606787872,0,0.2310148837209104,0,0.0051175,0
ME_3291,ME,1,0.9838359400415656,1,0.9096575097467587,1,0.9959441,1
ME_3293,ME,0,0.38256637203681393,0,0.46607050065385114,0,0.13695012,0
ME_3296,ME,0,0.39178758580316475,0,0.2225482837282578,0,0.048236333,0
ME_3297,ME,1,0.9841833048791654,1,0.9089927063381905,1,0.99080735,1
ME_3298,ME,1,0.5004580808062172,0,0.37493086127525427,0,0.2682405,0
ME_3301,ME,0,0.004212054171620726,0,0.06380996365936745,0,0.0018197873,0
ME_3304,ME,0,3.6838226548257e-05,0,0.0004066576489897257,0,0.00018864649,0
ME_3307,ME,0,0.32852479575043886,0,0.4723444615456167,0,0.055865567,0
ME_3308,ME,0,3.5257929691128415e-05,0,0.0009298411421787024,0,0.0018203277,0
ME_3309,ME,1,0.8227326381183864,1,0.6585228234481751,0,0.23183446,0
ME_3310,ME,0,0.0015458750214005746,0,0.36225550814564966,0,0.0011557951,0
ME_3313,ME,0,1.40007026588489e-06,0,0.0025883970101774445,0,0.0004435834,0
ME_3314,ME,1,0.6728594459698156,1,0.5363059656381743,0,0.4110744,0
ME_3316,ME,0,0.00782877165878849,0,0.15385202287813424,0,0.006352115,0
ME_3320,ME,0,0.010534721833848102,0,0.41479554621639914,0,0.013597439,0
ME_3321,ME,1,0.5176699645118417,1,0.660707161830142,0,0.5172887,0
ME_3322,ME,1,0.9969371655610624,1,0.9150362693033727,1,0.9979309,1
ME_3324,ME,1,0.9982641317731937,1,0.9235722278613152,1,0.9988776,1
ME_3326,ME,0,1.7649007611220381e-06,0,0.0848872007032109,0,0.0022422522,0
ME_3327,ME,0,6.770637687046485e-05,0,0.023160508678761016,0,0.0013523645,0
ME_3328,ME,0,5.902537890548951e-07,0,0.05580053506458162,0,0.0010769161,0
ME_3329,ME,1,0.7621440306486157,1,0.6196080473024486,0,0.45201352,0
ME_3330,ME,0,0.0034268481098818013,0,0.15121113646738402,0,0.00065788184,0
ME_3331,ME,1,0.7484301798691544,1,0.5521419569949134,0,0.27150342,0
ME_3332,ME,0,0.00018017674400941147,0,0.011682791104626868,0,0.0018089492,0
ME_3333,ME,0,4.198148404735729e-07,0,0.0489076126597802,0,0.00087721704,0
ME_3334,ME,0,3.8836152073865167e-07,0,0.026229552908287726,0,0.001112529,0
ME_3336,ME,1,0.995569479433814,1,0.9302570459694929,1,0.99398464,1
ME_3337,ME,0,0.22479078113977266,1,0.5077363609101428,0,0.029238481,0
ME_3338,ME,0,1.6867782277028446e-05,0,0.004565297933007926,0,9.106557e-05,0
ME_3339,ME,0,0.43924305072649944,0,0.4374598349395697,0,0.18549687,0
ME_3340,ME,0,0.3722159771714941,0,0.4622896355680255,0,0.018968279,0
ME_3341,ME,1,0.9869302180904286,1,0.9260823486587564,1,0.99717283,1
ME_3344,ME,0,0.32555033109079357,1,0.5978739230221737,0,0.3387791,0
ME_3345,ME,1,0.9993580962744788,1,0.8963310673288275,1,0.9830374,1
ME_3347,ME,1,0.9972582231747167,1,0.9174958284618993,1,0.9945057,1
ME_3348,ME,0,5.451424380641973e-06,0,0.19919013768663957,0,0.00639983,0
ME_3351,ME,1,0.6836192244051408,1,0.640627666638653,0,0.38273582,0
ME_3353,ME,0,0.007778584354956829,0,0.1287318221204244,0,0.0011337737,0
ME_3354,ME,1,0.7426631393668609,1,0.6554138693093641,0,0.37036183,0
ME_3355,ME,0,0.10756226840490021,0,0.42443738085981003,0,0.08994902,0
ME_3356,ME,0,0.4835470546118273,1,0.5518729424075961,0,0.10127162,0
ME_3357,ME,0,9.588015355609801e-05,0,0.015375083233709622,0,0.0010879465,0
ME_3359,ME,0,2.0533899950746603e-05,0,0.0009269018192379523,0,0.00082244317,0
ME_3360,ME,0,0.015070179504590133,0,0.13013605532256894,0,0.0021277294,0
ME_3361,ME,0,0.4848935982351501,0,0.28178820308132707,0,0.069501646,0
ME_3364,ME,1,0.9949309980343739,1,0.9028462795356794,1,0.99614906,1
ME_3365,ME,0,2.4971224109124327e-05,0,0.0011744945996835655,0,0.00059422303,0
ME_3366,ME,0,0.46520314797250856,1,0.5260820329843253,0,0.13556783,0
ME_3368,ME,0,4.280310711840432e-06,0,0.004992921888007449,0,0.00013957018,0
ME_3369,ME,0,0.00010876188834918963,0,0.03367446084237861,0,0.00036451186,0
ME_3371,ME,0,0.49938998623841946,1,0.6338961078967297,0,0.19721933,0
ME_3372,ME,0,5.483700865533308e-05,0,0.0008804296971002999,0,0.00050832826,0
ME_3373,ME,0,0.3373384186260956,1,0.5758743229184937,0,0.18129143,0
ME_3374,ME,0,0.008900004493609316,0,0.16499924662277213,0,0.00947315,0
ME_3376,ME,0,4.216002396727379e-05,0,0.0009269018192379523,0,0.00090501056,0
ME_3380,ME,1,0.9828573626852487,1,0.9116601545337143,1,0.99586356,1
ME_3381,ME,0,0.020590504027608397,0,0.2945861985531871,0,0.0111916205,0
ME_3382,ME,1,0.9965175012664474,1,0.9289668402609114,1,0.99665207,1
ME_3383,ME,0,0.2351667255124673,0,0.37037657987047706,0,0.06954548,0
ME_3384,ME,1,0.7426934998871844,1,0.6806421538559051,0,0.665081,0
ME_3385,ME,0,0.09303632702535439,0,0.42424096466318856,0,0.13105416,0
ME_3388,ME,0,0.0001326172677626995,0,0.037883473097096075,0,0.00079661375,0
ME_3389,ME,0,0.0039239051894687784,0,0.0505642643655808,0,0.0020881174,0
ME_3390,ME,1,0.5806777262556649,0,0.3871399051442153,0,0.5902645,0
ME_3391,ME,1,0.6738044333117149,1,0.5801047565831592,0,0.37073818,0
ME_3394,ME,0,9.81128975174598e-07,0,0.007355945521275187,0,0.0007311469,0
ME_3405,ME,0,9.623848685442685e-05,0,0.002895575135369216,0,0.0028962106,0
ME_3406,ME,0,0.005333952493246917,0,0.04500006548961784,0,0.0028562476,0
ME_3407,ME,0,0.009278270975782705,0,0.19367278984945976,0,0.0030579984,0
ME_3408,ME,0,0.01413803243225217,0,0.13845135084948737,0,0.0032464606,0
ME_3412,ME,0,4.484543720642636e-05,0,0.024479484962206487,0,0.0012008043,0
ME_3413,ME,1,0.9800020463958349,1,0.5951301903383073,0,0.3668463,0
ME_3417,ME,1,0.9876314862283516,1,0.9198861538934053,1,0.9974558,1
ME_3418,ME,0,3.158265597345831e-06,0,0.11125378023095457,0,0.003372781,0
ME_3419,ME,1,0.5441094367215774,0,0.4548559740113011,0,0.116681494,0
ME_3420,ME,1,0.7851334643517556,1,0.6236364920734907,0,0.2595418,0
ME_3423,ME,0,5.2841290636863207e-05,0,0.005782077941858572,0,0.0004814044,0
ME_3424,ME,0,1.1849753034534283e-07,0,0.008885660582849748,0,0.00079641305,0
ME_3425,ME,1,0.7953070194726888,1,0.5894048594453886,0,0.23438978,0
ME_3426,ME,0,1.0762467381537562e-07,0,0.015566557888694653,0,0.00033896457,0
ME_3427,ME,1,0.9923610363676237,1,0.906724244671809,1,0.9915074,1
ME_3430,ME,1,0.6248569380066198,1,0.5414638675616141,0,0.63588756,0
ME_3432,ME,1,0.9840812889214515,1,0.9410797244799469,1,0.9962436,1
ME_3435,ME,0,0.006351672332762909,0,0.16645940864987158,0,0.006671509,0
ME_3439,ME,0,6.580153734848442e-05,0,0.004406384227044992,0,0.0010711668,0
ME_3445,ME,1,0.6586918955669706,1,0.5340670652047295,0,0.38379824,0
ME_3447,ME,1,0.7152704988393328,1,0.6537051507901818,0,0.20783621,0
ME_3450,ME,1,0.9897192631367975,1,0.9138149927762859,1,0.9975625,1
ME_3454,ME,0,6.32008844150377e-05,0,0.0037753545991734,0,0.00042544713,0
ME_3458,ME,0,4.0809204016522536e-05,0,0.010480516153614878,0,0.00035363456,0
ME_3460,ME,0,1.3467962894191229e-06,0,0.0670197224220719,0,0.00047341394,0
ME_3461,ME,0,5.7199592478489e-05,0,0.0009627869867020671,0,0.00088177965,0
ME_3462,ME,1,0.9944774589360252,1,0.9180888438523336,1,0.9961356,1
ME_3463,ME,0,0.46127039963423316,1,0.5754450979573529,0,0.14750004,0
ME_3464,ME,0,0.0030618769647960033,0,0.22204693763379452,0,0.0051879087,0
ME_3465,ME,0,5.568066074976665e-05,0,0.004556843934271235,0,0.00083773787,0
ME_3466,ME,0,0.023470453564033617,0,0.19331984563440832,0,0.017077392,0
ME_3467,ME,0,1.4147261480696467e-05,0,0.0006010438538012203,0,0.00011107434,0
ME_3468,ME,0,6.1869953910352e-08,0,0.00224208970935787,0,8.100703e-05,0
ME_3470,ME,0,0.000122787657820115,0,0.1895496679112274,0,0.005250372,0
ME_3471,ME,0,5.2997471272075085e-06,0,0.000134663997683216,0,0.00027851967,0
ME_3472,ME,1,0.603017075245054,1,0.5424109281984285,0,0.53065693,0
ME_3475,ME,1,0.9952973417218803,1,0.9080329938188335,1,0.99773955,1
ME_3476,ME,0,0.18148931658220585,0,0.1804681518329326,0,0.0372439,0
ME_3478,ME,0,0.3770883157988105,1,0.5271765740709353,0,0.1447403,0
ME_3479,ME,0,4.076565482019614e-05,0,0.0029418101769264366,0,0.0011481215,0
ME_3480,ME,0,1.8244064573120038e-05,0,0.0003471315769663073,0,0.00041180116,0
ME_3483,ME,1,0.9718195130355839,1,0.9083727906448856,1,0.9938653,1
ME_3484,ME,0,0.005646687847326071,0,0.31220134176917874,0,0.0047977623,0
ME_3486,ME,0,0.1381325079838702,0,0.20435714145539924,0,0.06878564,0
ME_3487,ME,0,0.34598795519250186,0,0.45772582147714996,0,0.33903968,0
ME_3490,ME,0,5.147704832808706e-08,0,0.0055746719428934515,0,0.00022126253,0
ME_3491,ME,0,0.0001407021368950332,0,0.0019649884951813412,0,0.00064179156,0
ME_3492,ME,0,5.838477953860467e-06,0,0.0066985939227245115,0,0.0004856315,0
ME_3493,ME,1,0.9891155679397974,1,0.8468572700577551,1,0.99330056,1
ME_3494,ME,0,3.527110239476801e-05,0,0.032686087910134026,0,0.0005339956,0
ME_3495,ME,0,0.00881989108759459,0,0.06735225390131466,0,0.0013147233,0
ME_3496,ME,0,0.00010908701400514534,0,0.0014185245696909307,0,0.00087117136,0
ME_3497,ME,0,8.255100287894914e-05,0,0.00023487533554331728,0,0.0006157817,0
ME_3499,ME,1,0.8595206229863305,1,0.5434198779928108,0,0.5943704,0
ME_3500,ME,0,8.394295196880943e-07,0,0.005957933118927465,0,7.2433984e-05,0
ME_3505,ME,0,8.162512540226346e-05,0,0.2541351037214278,0,0.0017545443,0
ME_3506,ME,1,0.5298021165393836,1,0.5183988092266283,0,0.19486846,0
ME_3507,ME,0,0.3472244344776207,0,0.3927894458024182,0,0.008757848,0
ME_3508,ME,0,0.0001215191447685034,0,0.27368183379202443,0,0.007948646,0
ME_3509,ME,1,0.9906215501063469,1,0.9172126740421923,1,0.9982698,1
ME_3511,ME,1,0.9876295747043591,1,0.9642612806519355,1,0.99836856,1
ME_3513,ME,0,0.007849967014461282,0,0.11129728008801991,0,0.0028302611,0
ME_3514,ME,0,0.013208981715568191,0,0.21340217879271586,0,0.0049613905,0
ME_3515,ME,1,0.9558800065237314,1,0.8727236153074415,1,0.9946708,1
ME_3516,ME,0,3.1136422143687415e-07,0,0.0246746992432516,0,0.0002777316,0
ME_3523,ME,0,0.004379210818725737,0,0.019105226860358013,0,0.0015434986,0
ME_3524,ME,0,3.6405185539623556e-06,0,0.13839995815390793,0,0.0022843252,0
ME_3525,ME,0,0.15187722315911834,0,0.25124337835994076,0,0.01736397,0
ME_3527,ME,0,2.0020471941224026e-06,0,0.10646239496659449,0,0.0039881053,0
ME_3528,ME,0,1.1913918865682163e-09,0,0.013948034484320745,0,0.00017015464,0
ME_3534,ME,1,0.9953946501074554,1,0.7992856906874565,1,0.98184663,1
ME_3535,ME,0,1.100969074274405e-06,0,0.019034123898281328,0,0.00046518288,0
ME_3540,ME,0,0.008218946971673061,0,0.08481308730213383,0,0.001585541,0
ME_3541,ME,0,0.015755081393000407,0,0.18878050218667833,0,0.008784961,0
ME_3542,ME,0,0.01426715517100731,0,0.23417465081477226,0,0.008851462,0
ME_3544,ME,0,0.00012159111844809592,0,0.13625025329078538,0,0.0009122704,0
ME_3546,ME,0,6.742394019893444e-05,0,0.03288463043564631,0,0.0002146336,0
ME_3550,ME,0,0.0032610604764883363,0,0.04466703129537045,0,0.0017870986,0
ME_3551,ME,0,0.0001661774664809164,0,0.004802253045194586,0,0.00031944897,0
ME_3552,ME,1,0.506692516926188,1,0.5924638673156162,0,0.5642247,0
ME_3554,ME,0,0.1774518510203647,0,0.13234105630052995,0,0.035080597,0
ME_3555,ME,0,0.004345668146727641,0,0.02319573883720575,0,0.001523378,0
ME_3559,ME,0,0.43003393164858483,1,0.5704070117307127,0,0.08380667,0
ME_3560,ME,0,0.005579733851218246,0,0.09024113194682977,0,0.004019249,0
ME_3561,ME,0,0.01735481205639011,0,0.19635302025858395,0,0.0047125597,0
ME_3562,ME,0,4.716153929115903e-07,0,0.030318683497215067,0,0.00026296265,0
ME_3563,ME,0,2.550574674634302e-05,0,0.008676942737603915,0,0.0005875903,0
ME_3574,ME,1,0.8623898285784739,1,0.5785067065440593,1,0.74800384,0
ME_3575,ME,0,0.31155717874049316,0,0.48118396991490786,0,0.07340255,0
ME_3578,ME,0,6.271172093548093e-05,0,0.0075332736398724415,0,0.00040323165,0
ME_3580,ME,0,0.00922516428091741,0,0.05505670571337639,0,0.0017017428,0
ME_3581,ME,1,0.6934240384080134,0,0.48360092836940005,0,0.33944568,0
ME_3583,ME,1,0.9957960000631547,1,0.9635602138231514,1,0.9974464,1
ME_3584,ME,0,1.0545449104787872e-05,0,0.006877905191977599,0,0.0010159865,0
ME_3585,ME,1,0.6877825656871496,1,0.6900583955442924,0,0.6128046,0
ME_3586,ME,0,2.468080135139398e-07,0,0.028988268274448923,0,0.00042553982,0
ME_3587,ME,1,0.9969068246702261,1,0.9384413435725854,1,0.9961534,0
ME_3588,ME,0,2.86617480002006e-05,0,0.0001917805876526387,0,0.00019977141,0
ME_3591,ME,0,2.421648003963662e-05,0,0.0034069042179766585,0,0.0007065308,0
ME_3592,ME,0,2.862001200696667e-07,0,0.02102405976501942,0,0.0009710486,0
ME_3593,ME,1,0.9965487332164271,1,0.9405565227169427,1,0.99319845,1
ME_3597,ME,0,2.4723832982637733e-06,0,0.0017041892413346997,0,0.00011815703,0
ME_3605,ME,1,0.9939682425923303,1,0.8562678972372828,1,0.9942204,1
ME_3606,ME,0,1.3014487213840078e-05,0,0.0008534375843071432,0,0.0020566972,0
ME_3609,ME,1,0.5086652569504418,0,0.24809129491099574,0,0.053703103,0
ME_3610,ME,1,0.9767262121019995,1,0.9540531582749366,1,0.9938618,1
ME_3612,ME,1,0.9933063780546533,1,0.929587834979673,1,0.99800867,1
ME_3613,ME,1,0.6456362522976677,1,0.5294254261895495,0,0.19756609,0
ME_3614,ME,1,0.9288486377901988,1,0.5590892082653035,0,0.32318702,1
ME_3617,ME,0,7.036671143149496e-05,0,0.0005971338394659162,0,0.00022252304,0
ME_3620,ME,0,2.9690065823481626e-05,0,0.0033051756395591856,0,0.0003502891,0
ME_3622,ME,0,0.00015356777119252237,0,0.0014884802365056713,0,0.0021649986,0
ME_3623,ME,0,8.91486243073518e-06,0,0.00021604899829996897,0,0.00012242964,0
ME_3624,ME,0,5.0906636991581e-05,0,0.01673087878355566,0,0.00039908945,0
ME_3626,ME,0,0.00042075407539584605,0,0.2059251953722597,0,0.006696567,0
ME_3627,ME,0,0.010828192817977953,0,0.2227350519555797,0,0.0023294839,0
ME_3628,ME,0,5.156849280726757e-07,0,0.015493610668748265,0,0.0004481838,0
ME_3630,ME,0,0.00035369738114379484,0,0.0040882312600237,0,0.0003049675,0
ME_3636,ME,0,0.019472766574096162,0,0.10403306833200848,0,0.004650704,0
ME_3637,ME,1,0.9998969509093972,1,0.9578939014972806,1,0.99531245,1
ME_3638,ME,1,0.6832349207129934,0,0.48235504322669553,0,0.31605875,0
ME_3641,ME,0,6.715128683635276e-08,0,0.011727814694342724,0,0.00029073295,0
ME_3643,ME,1,0.9965567287231122,1,0.92642000610209,1,0.99715436,1
ME_3646,ME,0,1.2029627208139754e-06,0,0.15940149588092153,0,0.0004128658,0
ME_3648,ME,1,0.7684065668195309,1,0.5571542205344082,0,0.28749114,0
ME_3649,ME,0,8.847799783340538e-10,0,0.0091325747062574,0,0.00037251532,0
ME_3657,ME,0,0.020004084999058893,0,0.4611721957449677,0,0.023147333,0
ME_3658,ME,0,5.866983775760002e-06,0,0.07018192480495143,0,0.001017172,0
ME_3659,ME,1,0.6145127689729571,0,0.44545751370326514,0,0.33080167,0
ME_3664,ME,0,0.00878523169221969,0,0.16793761634047571,0,0.007414186,0
ME_3666,ME,0,2.4995869596296987e-10,0,0.08418066432784466,0,0.0005162991,0
ME_3667,ME,0,0.0032872409858209356,0,0.019265252793762865,0,0.0028834217,0
ME_3668,ME,1,0.9990542312144789,1,0.9567924064957297,1,0.99836606,1
ME_3674,ME,1,0.8913231168894604,0,0.4214995838974666,0,0.3414393,0
ME_3679,ME,0,0.011808790625005589,0,0.16612909036148002,0,0.0053523793,0
ME_3681,ME,0,0.003328578394015113,0,0.06095268427828779,0,0.0011979098,0
ME_3684,ME,0,0.3093815732900113,0,0.30254087495578214,0,0.010520476,0
ME_3686,ME,0,1.4723101938889434e-06,0,0.08470790435732123,0,0.0018957892,0
ME_3688,ME,0,7.318642801861443e-05,0,0.00019899016807920243,0,0.0005269794,0
ME_3693,ME,0,0.49143825106907957,0,0.4943589400311544,0,0.13159469,0
ME_3694,ME,0,0.23390787751158956,0,0.4562937923298481,0,0.029800663,0
ME_3695,ME,0,4.275227148138053e-05,0,0.002426437483032165,0,0.0004247625,0
ME_3696,ME,1,0.9911366106627634,1,0.9627276044524082,1,0.9952427,1
ME_3697,ME,0,0.00012100258074059635,0,0.00963107819545399,0,0.00068465626,0
ME_3699,ME,1,0.9946377074250461,1,0.9185499547189865,1,0.9965821,1
ME_3702,ME,0,0.010595441995265343,0,0.18059682769564464,0,0.002151295,0
ME_3703,ME,0,0.303461212712404,1,0.5042613487151777,0,0.0727858,0
ME_3705,ME,0,0.4022746899115525,1,0.5275255596923994,0,0.1032012,0
ME_3708,ME,1,0.996505486248672,1,0.9569964731296615,1,0.99880946,1
ME_3710,ME,0,0.0001108881184132119,0,0.00024167053442583335,0,0.0004666132,0
ME_3714,ME,0,3.217585745141466e-05,0,0.0018293120416496016,0,0.00035725065,0
ME_3718,ME,0,6.414100793345744e-06,0,0.009458956642764313,0,0.0014928884,0
ME_3719,ME,0,1.5430872732080693e-08,0,0.013665721091850332,0,6.5565844e-05,0
ME_3721,ME,1,0.9440277148236021,1,0.5480421404768776,0,0.34801373,0
ME_3722,ME,0,4.244486922864771e-05,0,0.00310877039224072,0,0.000627453,0
ME_3724,ME,1,0.683164268262371,1,0.5570791716478087,0,0.40506005,0
ME_3726,ME,0,8.550798795657754e-09,0,0.010016967645520595,0,0.00072958955,0
ME_3727,ME,0,0.017783374281746856,0,0.3091800534960209,0,0.025482833,0
ME_3728,ME,0,0.00016012325383028125,0,0.00013056629526010346,0,0.00093342277,0
ME_3730,ME,1,0.8690183953008174,0,0.47650329294004384,0,0.32912678,0
ME_3732,ME,0,0.0027355993919947327,0,0.1683818939108355,0,0.032090552,0
ME_3733,ME,0,0.006284324980827243,0,0.2837611840230053,0,0.007572567,0
ME_3734,ME,0,6.248023760250733e-07,0,0.035156601753326154,0,0.0006983684,0
ME_3735,ME,1,0.9930214324618898,1,0.9617175592372235,1,0.9978948,1
ME_3736,ME,0,0.00010643605871266779,0,0.021413723629320914,0,0.00014569492,0
ME_3738,ME,0,2.182194949075774e-06,0,0.04119768766981649,0,0.00028294412,0
ME_3741,ME,1,0.9992413145393225,1,0.8279015638718715,1,0.98747534,1
ME_3742,ME,0,0.006541756666095297,0,0.14641150521492466,0,0.001446177,0
ME_3743,ME,0,5.599035124081962e-09,0,0.0029848158202280964,0,0.0001373566,0
ME_3745,ME,1,0.9645849310824978,1,0.8240351041206863,1,0.99554694,1
ME_3750,ME,0,1.4958957111070459e-05,0,0.0007461609455282263,0,0.00023622926,0
ME_3751,ME,1,0.6687452275715031,1,0.5157260460717645,1,0.70034945,0
ME_3752,ME,1,0.6789537456944124,1,0.5859249320970655,0,0.4923427,0
ME_3753,ME,1,0.672370528162773,0,0.4827859946384344,0,0.5008554,0
ME_3758,ME,1,0.6579000662057412,1,0.6762505141171808,0,0.28100464,0
ME_3760,ME,0,0.3273363338703965,0,0.3777780251296367,0,0.049110353,0
ME_3761,ME,0,0.00816853409488161,0,0.09615095659022314,0,0.003993647,0
ME_3762,ME,0,5.127435709842996e-05,0,0.036550233331566005,0,0.0012282776,0
ME_3764,ME,0,1.58913151373351e-05,0,0.07740513464834901,0,0.00010022788,0
ME_3765,ME,0,1.4106366299204413e-07,0,0.00810514850625324,0,0.00093220244,0
ME_3766,ME,0,2.2891845293297992e-05,0,0.2165753299595584,0,0.0005888902,0
ME_3769,ME,0,9.617761343280466e-05,0,0.0217747561831665,0,0.0005080691,0
ME_3771,ME,0,0.0001615907432228569,0,0.07336357680065551,0,0.0072914273,0
ME_3773,ME,0,0.020238873159842838,0,0.293670352718935,0,0.012402063,0
ME_3776,ME,0,0.3142373716213092,1,0.6114436711663231,0,0.25594535,0
ME_3781,ME,0,0.00020629196732416317,0,0.32960307173110354,0,0.0017012713,0
ME_3783,ME,0,6.000120749155677e-07,0,0.024441593514984598,0,0.00015972997,0
ME_3784,ME,0,8.673435296819817e-05,0,0.003785051985605053,0,0.0007861018,0
ME_3785,ME,1,0.6783414685249772,1,0.5865322627672739,0,0.54257315,0
ME_3786,ME,1,0.9461786656619232,0,0.49748564043435883,0,0.2215838,0
ME_3787,ME,1,0.9878191733267043,1,0.9594538185998575,1,0.9990865,1
ME_3789,ME,0,0.00015602090658584441,0,0.002859209909701635,0,0.000953569,0
ME_3790,ME,0,4.862669829673779e-06,0,0.27792344042725814,0,0.0014757055,0
ME_3791,ME,0,0.00011168179561309578,0,0.39016758612528546,0,0.008061938,0
ME_3793,ME,0,0.004787165154121277,0,0.15274852556631205,0,0.0013796397,0
ME_3794,ME,0,0.37938276029016826,0,0.49332388296819346,0,0.32302302,0
ME_3797,ME,1,0.9953256489727145,1,0.9266151216107823,1,0.9962894,1
ME_3798,ME,0,0.018544501617885695,0,0.16804850538840105,0,0.019282587,0
ME_3800,ME,0,1.6320967067298018e-06,0,0.1360929515903806,0,0.0026037549,0
ME_3801,ME,0,4.2345189936814106e-07,0,0.02548769165184785,0,0.0005612452,0
ME_3804,ME,0,0.3665458253464975,1,0.6035268923617532,0,0.3202919,0
ME_3805,ME,1,0.9968412892253976,1,0.908955091690714,1,0.9941643,1
ME_3808,ME,1,0.9949849801875705,1,0.961539192359621,1,0.9977956,1
ME_3810,ME,0,4.268189312715466e-05,0,0.0002609575023279699,0,0.0002644077,0
ME_3813,ME,1,0.5398344824093251,0,0.4213155857167628,0,0.0904564,0
ME_3814,ME,0,0.00037930034379916606,0,0.024613932784404016,0,0.0033710408,0
ME_3817,ME,0,0.4747677580389101,1,0.5538869727411465,0,0.1429069,0
ME_3825,ME,1,0.9926969481013166,1,0.9261940446500031,1,0.99348974,1
ME_3827,ME,1,0.9884565010370462,1,0.9157227133781851,1,0.9830747,1
ME_3828,ME,1,0.5710841628435801,0,0.4270520418526483,0,0.3570172,0
ME_3831,ME,0,0.3344562521390526,1,0.5896693793809843,0,0.09724218,0
ME_3833,ME,1,0.5672171615491192,1,0.5504246617453084,0,0.21997096,0
ME_3834,ME,0,0.17996854773946014,0,0.37921036631599286,0,0.03292111,0
ME_3836,ME,0,2.1870586272984324e-07,0,0.0591016886329043,0,0.0025918533,0
ME_3837,ME,0,0.23720780593549098,0,0.2868325605596167,0,0.22986874,0
ME_3838,ME,0,4.5764015642990437e-07,0,0.01768503175136555,0,0.000213348,0
ME_3840,ME,0,8.950228026623382e-05,0,0.0016885686576183507,0,0.00044651495,0
ME_3841,ME,1,0.7794355890921273,1,0.6086168393550296,0,0.5883799,0
ME_3842,ME,0,0.00015409881310763748,0,0.268380398264443,0,0.0017005175,0
ME_3844,ME,0,0.019307114123353748,0,0.14569583229766225,0,0.014193388,0
ME_3848,ME,0,0.3590791837185808,1,0.591400930886608,0,0.18256585,0
ME_3849,ME,0,0.00010978064832924261,0,0.001539483252682996,0,0.0016425881,0
ME_3852,ME,0,0.4607980803487204,0,0.4882494031467932,0,0.4106814,0
ME_3857,ME,0,5.746338686503861e-07,0,0.03188829690190961,0,0.00034818109,0
ME_3859,ME,0,4.840666872511596e-05,0,0.002620175837216959,0,0.00040248656,0
ME_3860,ME,0,1.8292346512759323e-07,0,0.010157230979431687,0,6.577583e-05,0
ME_3865,ME,1,0.957660491665296,0,0.4274498937423395,0,0.27518746,0
ME_3867,ME,0,2.369767810009094e-05,0,0.004561801000845131,0,0.00027653863,0
ME_3873,ME,1,0.7682564217406085,1,0.539482166551973,0,0.36922926,0
ME_3874,ME,0,0.00030907233260325415,0,0.25690568497640076,0,0.015108262,0
ME_3879,ME,0,5.47380912729174e-06,0,0.00029899769222975714,0,0.0006754147,0
ME_3880,ME,0,0.4904579657160452,0,0.4787493844261032,0,0.2938489,0
ME_3881,ME,0,0.0001938405300180878,0,0.07081702363675943,0,0.00077336945,0
ME_3882,ME,0,0.00038245552372528273,0,0.017263152542527496,0,0.0007240833,0
ME_3883,ME,1,0.8082701148573036,0,0.4484573636568772,0,0.4531279,0
ME_3884,ME,1,0.8519799841241237,1,0.5149178632371263,0,0.26284376,0
ME_3886,ME,1,0.9701144301936686,1,0.8775714022261251,1,0.9953675,1
ME_3889,ME,0,7.752503277804283e-05,0,0.003246130475622176,0,0.0008984593,0
ME_3892,ME,1,0.6401610525513548,1,0.6677791846883213,0,0.24880163,0
ME_3893,ME,1,0.5446146731771326,1,0.5232788230421521,0,0.32621622,0
ME_3894,ME,0,0.00021528261647999736,0,0.3860621941803535,0,0.010355268,0
ME_3895,ME,0,0.0035338308849400153,0,0.1664738738132323,0,0.0006686409,0
ME_3897,ME,1,0.6076071370403275,1,0.6206346706552408,0,0.5856522,0
ME_3899,ME,0,3.5112731612465456e-07,0,0.010304700478147657,0,0.0006055835,0
ME_3900,ME,0,1.4044465344203203e-07,0,0.014045003196175439,0,0.0002363924,0
ME_3901,ME,1,0.9924871825455988,1,0.9294374041532779,1,0.99757916,1
ME_3902,ME,0,0.00017783479501865668,0,0.005161579071695405,0,0.0007354064,0
ME_3903,ME,1,0.6579618135946763,1,0.5446528600141078,0,0.28717878,0
ME_3904,ME,1,0.6389454588276786,1,0.6137444154850753,0,0.2780281,0
ME_3905,ME,1,0.5586971056636366,0,0.3836340652806609,0,0.2861929,0
ME_3906,ME,0,0.002448856167870091,0,0.06722301073637127,0,0.0006240068,0
ME_3907,ME,0,2.6332427119602017e-05,0,0.025853788189054202,0,0.00067605096,0
ME_3908,ME,0,1.8420388214889826e-06,0,0.003188161455384027,0,0.00019008317,0
ME_3909,ME,0,0.0024645231518046385,0,0.08040666839950013,0,0.0006704789,0
ME_3910,ME,0,5.140984179388086e-05,0,0.002320083750953047,0,0.00055187894,0
ME_3911,ME,0,3.7589309751071935e-05,0,0.05989691083359599,0,0.00036505456,0
ME_3912,ME,0,0.002948016300477598,0,0.049536410362618286,0,0.0012391921,0
ME_3914,ME,1,0.8763644431759495,1,0.6183866306372119,0,0.2150547,1
ME_3917,ME,1,0.5190011495422732,0,0.493169557607384,0,0.39229944,0
ME_3918,ME,0,0.02233895951286485,0,0.2701993555233042,0,0.015610267,0
ME_3921,ME,1,0.9898883428513972,1,0.8914235426933611,1,0.9970925,1
ME_3923,ME,1,0.5534753870075543,1,0.5497057967646146,0,0.39997005,0
ME_3925,ME,0,3.4680581535382884e-08,0,0.37510446790266383,0,0.0026772665,0
ME_3928,ME,1,0.5443011464890188,0,0.2033506529220538,0,0.106849715,0
ME_3929,ME,0,5.1727468428601166e-05,0,0.0024228948921118866,0,0.0007969707,0
ME_3933,ME,1,0.9922100310569272,1,0.9176897456725256,1,0.99867,1
ME_3935,ME,0,0.0023744670605098496,0,0.060229719379690974,0,0.0013144566,0
ME_3937,ME,0,0.001667023123423502,0,0.2578106901245081,0,0.0011803692,0
ME_3938,ME,0,0.008383119287949908,0,0.11628284015778428,0,0.002400503,0
ME_3941,ME,0,0.17644673740415817,0,0.18696267493768245,0,0.023428082,0
ME_3944,ME,1,0.7391756218058025,1,0.5827426184143141,0,0.29868868,0
ME_3945,ME,0,1.4496639529343923e-06,0,0.010239495649865154,0,0.00017046106,0
ME_3948,ME,0,7.1697127571407e-05,0,0.008757561201620247,0,0.00049700594,0
ME_3951,ME,0,2.1787394705608315e-08,0,0.009178254051192066,0,0.00018013,0
ME_3952,ME,1,0.992455238458251,1,0.9211109827258781,1,0.99622405,1
ME_3953,ME,0,0.44338250030372484,0,0.4340793474934217,0,0.10523215,0
ME_3955,ME,0,6.945661694115403e-07,0,0.03619230664160727,0,0.00022399054,0
ME_3956,ME,0,0.4105274132232628,1,0.5471345335809013,0,0.20155632,0
ME_3957,ME,0,5.267501547592838e-07,0,0.035281417289302675,0,0.00038038247,0
ME_3959,ME,0,0.007428831115677371,0,0.19590716179189074,0,0.0030160232,0
ME_3960,ME,0,2.1030988408559782e-05,0,0.00039488188547835923,0,0.00029796868,0
ME_3963,ME,1,0.5160499642677263,1,0.6226162461248708,0,0.19061676,0
ME_3964,ME,0,5.7719222197115214e-05,0,0.038062293272802014,0,0.0014206506,0
ME_3966,ME,0,0.008781039255322944,0,0.17783507059034767,0,0.0049464013,0
ME_3968,ME,0,0.010725643296082573,0,0.3275655239257238,0,0.020740213,0
ME_3969,ME,0,9.453613865165207e-05,0,0.001921369015804951,0,0.0008269657,0
ME_3970,ME,0,0.004734401140653312,0,0.23453084830458779,0,0.0057842624,0
ME_3971,ME,0,0.4128799066023264,1,0.5338972633700859,0,0.273391,0
ME_3974,ME,0,1.4968570560594292e-06,0,0.3236090430936078,0,0.0012434473,0
ME_3975,ME,0,3.512818630197542e-07,0,0.004133593000594522,0,0.00047444456,0
ME_3976,ME,0,9.160073840340821e-07,0,0.05647946714694074,0,0.0006038268,0
ME_3977,ME,0,0.2920577123271167,1,0.5895202867765822,0,0.11140645,0
ME_3980,ME,0,1.696330060759777e-05,0,0.00023972607982266202,0,0.0005211495,0
ME_3982,ME,1,0.7125910933318214,1,0.7227545050493108,0,0.42385438,0
ME_3983,ME,0,8.476384807561415e-06,0,0.4349114699440104,0,0.01607515,0
ME_3985,ME,0,2.619151065045099e-06,0,0.0003478305601681204,0,0.0002952047,0
ME_3987,ME,0,2.6378045557411166e-05,0,0.000494582782786435,0,0.00025691162,0
ME_3988,ME,0,0.006058279873404139,0,0.2565725305479818,0,0.017710706,0
ME_3989,ME,0,0.05501516616535799,0,0.1706916061488797,0,0.03529385,0
ME_3992,ME,0,0.32978051388985435,0,0.2370688361858958,0,0.01187499,0
ME_3994,ME,0,3.7356343038905454e-05,0,0.00028981980333891316,0,0.00023762937,0
ME_3995,ME,0,0.4465165374949251,0,0.4484985845936079,0,0.25532666,0
ME_3996,ME,0,7.326136654149907e-05,0,0.03629248615247558,0,0.0008676808,0
ME_5002,ME,1,0.9860699566866927,1,0.9606576458855947,1,0.99171793,1
ME_5003,ME,0,0.12714063817223967,1,0.5263984876594672,0,0.36051115,0
ME_5007,ME,0,1.5572966998156176e-07,0,0.016566868984210056,0,0.00021719084,0
ME_5008,ME,0,3.949214403984875e-06,0,0.00044586977585439494,0,0.00031784616,0
ME_5009,ME,0,6.835614379907177e-05,0,0.018022412244355444,0,0.00047361566,0
ME_5012,ME,1,0.9933951047049641,1,0.8480878329503715,1,0.996384,1
ME_5013,ME,0,5.4705589334972755e-05,0,0.00431428738846331,0,0.00063910155,0
ME_5016,ME,0,4.4060211900393216e-05,0,0.08303056344230285,0,0.0016621968,0
ME_5019,ME,0,5.016966876599902e-07,0,0.02703518930518251,0,0.0003442757,0
ME_5021,ME,1,0.9863492777436349,1,0.961614175888817,1,0.99668807,1
ME_5025,ME,0,0.19961892521261068,0,0.3291210970592346,0,0.02637044,0
ME_5027,ME,0,4.160280133303278e-05,0,0.009109759367165337,0,0.0005024945,0
ME_5029,ME,0,0.3468579637254603,0,0.4770118098055526,0,0.05803779,0
ME_5035,ME,0,9.426282825673894e-06,0,0.0007920832692277785,0,0.00031814267,0
ME_5037,ME,0,0.2673038072979548,0,0.46830868273582343,0,0.09924306,0
ME_5038,ME,0,8.015246750716937e-09,0,0.08281022934321777,0,0.005077731,0
ME_5047,ME,0,0.0012058874215966566,0,0.0322475559249411,0,0.0004130666,0
ME_5048,ME,0,0.4041822816823951,1,0.6049230336612931,0,0.32161778,0
ME_5049,ME,0,0.000141434020710978,0,0.0035072344636927254,0,0.001725731,0
ME_5052,ME,0,3.9393328006782534e-07,0,0.022361648599793837,0,0.00070621877,0
ME_5053,ME,0,5.67168995907146e-05,0,0.03859711190539513,0,0.0012233736,0
ME_5054,ME,0,0.41250468916709754,0,0.3355772347988356,0,0.122905284,0
ME_5060,ME,0,0.0013627891167621669,0,0.06005763793240803,0,0.0003572687,0
ME_5061,ME,0,6.130857438329733e-05,0,0.0009436329944674643,0,0.00032970106,0
ME_5063,ME,1,0.9984728334984423,1,0.9280981607110003,1,0.99755824,1
ME_5064,ME,1,0.998373908003362,1,0.9625066733339961,1,0.9978411,1
ME_5065,ME,1,0.5319321579874032,1,0.5443900451740183,0,0.3979683,0
ME_5066,ME,0,0.4282132285517897,1,0.5694712233583638,0,0.18877982,0
ME_5067,ME,1,0.9963856190260177,1,0.8857479498053266,1,0.9898197,1
ME_5069,ME,0,4.0195730598146784e-09,0,0.00911006709455475,0,0.00019184592,0
ME_5070,ME,0,0.00011958409051592609,0,0.15442063969962,0,0.0007583708,0
ME_5071,ME,0,0.37363309297211683,1,0.5055724814866766,0,0.13829637,0
ME_5073,ME,1,0.9538581450642165,1,0.8876414472613345,1,0.99274254,1
ME_5076,ME,1,0.579521483783464,1,0.5143053900250507,0,0.17122096,0
ME_5077,ME,0,2.0152284931925803e-07,0,0.005865415661723632,0,0.00029042878,0
ME_5078,ME,0,5.967210251659403e-07,0,0.05952306107671497,0,0.0005559243,0
ME_5079,ME,1,0.9878206894573986,1,0.877430003434903,1,0.9843247,0
ME_5081,ME,0,0.18604063146280467,0,0.3104166998885121,0,0.07838602,0
ME_5084,ME,0,0.031191186404307986,0,0.43423726566933124,0,0.016646203,0
ME_5087,ME,0,0.36146960461471234,1,0.5815303096206907,0,0.103320256,0
ME_5088,ME,1,0.5225748336477614,1,0.6284674844595655,0,0.18895346,0
ME_5090,ME,0,0.3803641626783521,0,0.42183568466318616,0,0.3184056,0
ME_5091,ME,1,0.7589871713118547,1,0.5504426129008055,0,0.6671208,0
ME_5094,ME,0,0.0012477040887881234,0,0.04530777812168265,0,0.0029429344,0
ME_5095,ME,0,0.4919738466035883,1,0.6407509975721059,0,0.29329708,0
ME_5098,ME,0,0.00011233740638956824,0,0.006954871839133607,0,0.00037253273,0
ME_5099,ME,0,8.411319152044172e-05,0,0.00906680648535481,0,0.0004001889,0
ME_5100,ME,0,1.0171663647631442e-05,0,0.12082826140448846,0,0.0063174055,0
ME_5102,ME,0,8.400701267983396e-07,0,0.005315280867152664,0,0.0006214319,0
ME_5105,ME,1,0.987145154041244,1,0.9625645773949335,1,0.99759656,1
ME_5106,ME,0,0.008361231505030191,0,0.0756204570266951,0,0.0019950715,0
ME_5107,ME,0,0.21381444249385953,0,0.3030919188143478,0,0.025601048,0
ME_5108,ME,0,8.79891022238988e-05,0,0.11685956835614972,0,0.00055885216,0
ME_5109,ME,0,0.25112020361472304,0,0.4552397408648513,0,0.059252977,0
ME_5110,ME,0,3.8634407324645905e-05,0,0.0007920832692277785,0,0.00044829253,0
ME_5114,ME,0,0.39240620431268036,0,0.4501939456042022,0,0.120230235,0
ME_5116,ME,1,0.9811073212558344,1,0.9596570124984235,1,0.99487513,0
ME_5117,ME,0,0.4870610087697555,0,0.4756808739724106,0,0.2515238,0
ME_5118,ME,1,0.9999356291333257,1,0.9617265314877746,1,0.9970548,1
ME_5123,ME,1,0.9891767634235097,1,0.9584136980526775,1,0.9987276,1
ME_5126,ME,0,6.427164969382434e-05,0,0.09761813100530005,0,0.00045987434,0
ME_5127,ME,0,0.365853487565476,1,0.5806889339357653,0,0.21963823,0
ME_5128,ME,0,4.4692508039199006e-05,0,0.03466142510055623,0,0.0005754908,0
ME_5129,ME,0,2.8091432975657424e-06,0,0.010646777930674764,0,0.0004813716,0
ME_5130,ME,1,0.7801914666487093,1,0.6362517400379772,1,0.7398329,0
ME_5131,ME,1,0.9997562459188145,1,0.9623217757501641,1,0.9982352,1
ME_5133,ME,1,0.5029421658555263,1,0.5130411829401955,0,0.28943193,0
ME_5140,ME,0,0.018021944189323017,0,0.06639899772096929,0,0.0055231564,0
ME_5143,ME,0,3.80164634228951e-05,0,0.0005971338394659162,0,0.00026258783,0
ME_5144,ME,1,0.9866404800947034,1,0.9158151943287233,1,0.9959986,1
ME_5150,ME,0,0.00043897730473559294,0,0.21830240342234067,0,0.032285962,0
ME_5153,ME,0,0.3295525832715199,1,0.5148007737311407,0,0.05835221,0
ME_5154,ME,0,0.01074584931874228,0,0.15570630794869678,0,0.016714692,0
ME_5155,ME,0,0.4753335528663622,1,0.6135230373747498,0,0.20455888,0
ME_5156,ME,0,0.00023654687290888788,0,0.019586521313432134,0,0.001055192,0
ME_5159,ME,0,5.7792928589914744e-05,0,0.05104108684930265,0,0.0004557097,0
ME_5160,ME,0,5.907817268909534e-07,0,0.02471569719830407,0,0.00038780982,0
ME_5161,ME,0,0.005311299098216738,0,0.28212803432662154,0,0.024093283,0
ME_5162,ME,0,1.1858852322266806e-06,0,0.07681630418614592,0,0.0005250451,0
ME_5164,ME,0,0.4264266973048565,0,0.3780523128382694,0,0.22463809,0
ME_5165,ME,1,0.5065446698656775,1,0.5713121410167193,0,0.18772475,0
ME_5170,ME,0,0.015216948370785442,0,0.2759986031077435,0,0.02354049,0
ME_5172,ME,0,0.2409441274422114,0,0.41404080512581903,0,0.172281,0
ME_5176,ME,0,3.94142428209906e-06,0,0.009509586292680335,0,0.00014707049,0
ME_5177,ME,0,0.0002528858529576462,0,0.007511039953983656,0,0.0050258143,0
ME_5179,ME,0,0.01924934021985684,0,0.21725957357698594,0,0.011903088,0
ME_5180,ME,1,0.6754982169469664,1,0.6241632129137825,0,0.48981953,0
ME_5182,ME,0,2.9760432409946147e-05,0,0.0010188491516193087,0,0.00010774964,0
ME_5183,ME,0,9.568591111666955e-05,0,0.0032773019019144358,0,0.00066188886,0
ME_5185,ME,0,4.0696547185707834e-05,0,0.0017069749102444573,0,0.0017664722,0
ME_5186,ME,0,0.009115499056970258,0,0.20172847472701486,0,0.011847186,0
ME_5188,ME,1,0.988399472703489,1,0.9558883286569816,1,0.99705696,1
ME_5189,ME,1,0.5748881309863372,0,0.4674856814974823,0,0.5661357,0
ME_5190,ME,0,0.4640790857041858,1,0.621480498493163,0,0.09897076,0
ME_5191,ME,0,0.1617694690870086,0,0.39964455151154604,0,0.10619361,0
ME_5192,ME,0,4.265390810667908e-06,0,0.153067464877662,0,0.0046970546,0
ME_5193,ME,1,0.6054047312093604,1,0.556775791219177,0,0.29767781,0
ME_5195,ME,0,0.0001237738138837943,0,0.0024498769706238805,0,0.0013945365,0
ME_5196,ME,0,0.00012339852287018797,0,0.10301342465541093,0,0.0016739945,0
ME_5199,ME,0,6.558942304910703e-05,0,0.00044586977585439494,0,0.00049359794,0
ME_5221,ME,0,1.4728037735441894e-05,0,0.0006481217298419519,0,0.00038213562,0
ME_5224,ME,1,0.5873147356524203,1,0.6357389458711137,0,0.2575286,0
ME_5225,ME,1,0.6286244801737092,1,0.5908494401135924,0,0.21941781,0
ME_5228,ME,0,9.578312662535743e-05,0,0.12900645748294248,0,0.004198957,0
ME_5229,ME,1,0.976448547961018,1,0.9589256768484558,1,0.9972047,1
ME_5230,ME,0,1.5322490135230597e-06,0,0.004785124020200591,0,0.00019592824,0
ME_5234,ME,0,0.0001266714991654306,0,0.0006316065242453493,0,0.00039640814,0
ME_5235,ME,0,0.003436239081850944,0,0.043568980412439916,0,0.003225428,0
ME_5236,ME,1,0.99469354775827,1,0.930520342720645,1,0.99548423,1
ME_5238,ME,0,3.1435258575881965e-05,0,0.0011337916803549409,0,0.00013044314,0
ME_5241,ME,1,0.9991408545080946,1,0.9282249747092667,1,0.99559397,1
ME_5243,ME,0,0.00010558607095925421,0,0.03957381949808014,0,0.00072507723,0
ME_5247,ME,0,0.43581480904246844,1,0.5167556290974045,0,0.1409534,0
ME_5249,ME,1,0.990966799720522,1,0.8553737096842796,1,0.9937504,1
ME_5253,ME,1,0.5996793438789236,0,0.43453849143476236,0,0.26209092,0
ME_5254,ME,0,0.0001447085309301106,0,0.0014344211705435502,0,0.0017001824,0
ME_5255,ME,0,4.401315968577006e-05,0,0.2622215710444681,0,0.004765103,0
ME_5257,ME,0,0.3682959728190307,0,0.4177262536613686,0,0.13712269,0
ME_5258,ME,0,0.005073828362835754,0,0.14837516363846587,0,0.0064138626,0
ME_5260,ME,0,6.852291994928675e-08,0,0.005671077926350433,0,0.00025582442,0
ME_5261,ME,0,1.0453396958245156e-05,0,0.0003253838710547646,0,0.00047928514,0
ME_5263,ME,1,0.9888750443218748,1,0.8539369342444925,1,0.99155664,1
ME_5264,ME,0,1.2248005471863782e-05,0,0.0018564573173824484,0,0.00028762553,0
ME_5265,ME,1,0.5667507076866147,0,0.4634014719113797,0,0.11254059,0
ME_5267,ME,0,0.020095086077763388,0,0.14741568888789672,0,0.013115302,0
ME_5270,ME,1,0.8153151022098566,1,0.6142470733902646,0,0.22038788,0
ME_5271,ME,1,0.6373146771769652,1,0.552211768850147,0,0.29092732,0
ME_5272,ME,1,0.6058094386050575,1,0.5832319424867676,0,0.63734037,0
ME_5275,ME,0,0.0029895548969780398,0,0.225071945084869,0,0.0010426298,0
ME_5276,ME,0,6.128998082383563e-08,0,0.007823038513466753,0,0.0003116757,0
ME_5277,ME,0,0.24181610129491563,0,0.4282729950107367,0,0.038152944,0
ME_5278,ME,0,6.752705420667179e-06,0,0.03229176553241272,0,0.0009084083,0
ME_5279,ME,1,0.8430732185026685,1,0.6562814012458917,0,0.32595462,0
ME_5281,ME,1,0.9919242322319007,1,0.9553381825031441,1,0.99682814,1
ME_5282,ME,0,3.027074858626637e-05,0,0.00040788804139906297,0,0.00019992194,0
ME_5284,ME,1,0.9943368667477571,1,0.9180798238256485,1,0.9977422,1
ME_5287,ME,1,0.5257308013248623,1,0.5273990030611457,0,0.14994292,0
ME_5289,ME,0,6.142073954411865e-06,0,0.0002685883808336053,0,0.0004069467,0
ME_5290,ME,0,2.2814662641825558e-05,0,0.0008112124201307596,0,0.001814507,0
ME_5291,ME,0,0.46677285923388995,0,0.47056416005269674,0,0.1701207,1
ME_5292,ME,0,0.00013711005805312643,0,0.0039008013509205324,0,0.0013568016,0
ME_5293,ME,0,1.961476459521704e-06,0,0.012120177874291503,0,0.0003604725,0
ME_5298,ME,1,0.6167974610635985,1,0.6606198733454791,0,0.48338482,0
ME_5303,ME,0,0.3558428271553247,0,0.41905419910640457,0,0.04147858,0
ME_5306,ME,1,0.5190790072020357,1,0.5459277915385488,0,0.36678815,0
ME_5309,ME,0,2.5220881178194543e-06,0,0.0019088458156608405,0,0.00056762644,0
ME_5310,ME,0,2.162573649345043e-05,0,0.02808126515561009,0,0.00013723865,0
ME_5311,ME,0,0.3111903552302389,1,0.5533294919471635,0,0.27683187,0
ME_5312,ME,0,0.027178008062830522,0,0.2062076652642951,0,0.006294765,0
ME_5313,ME,1,0.5862245962521193,1,0.5469321830572195,0,0.2555796,0
ME_5314,ME,0,0.4944163973598275,0,0.42475790430154525,0,0.22711667,0
ME_5315,ME,0,3.464580017670941e-10,0,0.048353834995607435,0,0.00019015188,0
ME_5326,ME,0,5.442604700149365e-06,0,0.26927211443882104,0,0.0026208838,0
ME_5335,ME,0,5.483877461531405e-05,0,0.002514595143400971,0,0.0004901544,0
ME_5338,ME,0,0.49841022284531383,1,0.5107807286770047,0,0.40930802,0
ME_5339,ME,1,0.7057802206660774,1,0.502335828673698,0,0.30275163,0
ME_5341,ME,0,0.3346742335123638,0,0.3842763163355091,0,0.17636125,0
ME_5342,ME,1,0.9922305735640643,1,0.9034505307081084,1,0.9967794,1
ME_5343,ME,0,0.41303969105206945,1,0.5214202807953169,0,0.10610342,0
ME_5345,ME,1,0.7111584768162209,0,0.471786519907962,0,0.14677468,0
ME_5346,ME,0,1.378433567847403e-07,0,0.0044511800386436515,0,0.000603042,0
ME_5347,ME,0,1.3109451264764264e-07,0,0.004377096889088805,0,0.0006918767,0
ME_5353,ME,1,0.5128270937924662,0,0.44501527845290817,0,0.08634721,0
ME_5361,ME,0,0.2144704026708373,0,0.38454710709857015,0,0.059136618,0
ME_5362,ME,1,0.5048020029806474,0,0.45704105020648483,0,0.10421223,0
ME_5364,ME,1,0.9951711010712412,1,0.9283866232038727,1,0.99894863,1
ME_5367,ME,0,7.33149858250724e-05,0,0.0008148262255049829,0,0.0005623078,0
ME_5377,ME,0,0.4753520374495666,0,0.2134043449189243,0,0.082475774,1
ME_5393,ME,1,0.9833865078763568,1,0.9150117072490805,1,0.99393845,1
ME_5399,ME,0,0.473807915914593,1,0.5192360808754963,0,0.13812271,0
ME_5404,ME,0,0.3686482074532646,0,0.45243281144940045,0,0.055224705,0
ME_5408,ME,0,0.2721383706806653,0,0.4935250023590195,0,0.06673831,0
ME_5410,ME,1,0.965449657816705,1,0.5771891728707306,0,0.15884598,0
ME_5416,ME,0,7.146431917987797e-05,0,0.00039488188547835923,0,0.000796366,0
ME_5418,ME,0,3.7323296764025593e-05,0,0.0025358265659062786,0,0.00036182557,0
ME_5423,ME,0,7.481945165317176e-05,0,0.003953695644173791,0,0.00025016768,0
ME_5427,ME,0,0.013469357274577628,0,0.346563887420458,0,0.007428605,0
ME_5429,ME,0,8.411255083676551e-05,0,0.07212650181771879,0,0.00668582,0
ME_5430,ME,0,9.438561478600734e-05,0,0.0005081821171004565,0,0.00091302604,0
ME_5431,ME,1,0.7304054078052785,0,0.10324466838969047,0,0.026258044,0
ME_5432,ME,0,0.4190716270042017,0,0.3861626399691877,0,0.08528236,0
ME_5438,ME,0,1.3763160990217939e-06,0,0.0074916166051199355,0,8.304359e-05,0
ME_5441,ME,0,2.4308381244290157e-05,0,0.001146479989440882,0,0.00086227903,0
ME_5442,ME,0,0.457566997128571,0,0.4762554164990927,0,0.067213655,0
ME_5444,ME,0,2.0838752838024806e-05,0,0.009586908755140934,0,0.00060696824,0
ME_5447,ME,0,0.11555997482929173,0,0.2100545071503545,0,0.0058082673,0
ME_5450,ME,1,0.5965061029235131,1,0.5324525127747528,0,0.16735698,0
ME_5451,ME,0,0.014039551988536614,0,0.0945333518041823,0,0.0028265344,0
ME_5452,ME,0,0.4060667606989225,0,0.4581744415593878,0,0.10597752,0
ME_5454,ME,1,0.5281116094150581,0,0.44816548322163463,0,0.07933193,0
ME_5455,ME,0,0.09618844306303521,0,0.1755691520888198,0,0.0016933444,0
ME_5457,ME,0,4.6821802306656717e-05,0,0.010034733494813871,0,0.00023415257,0
ME_5459,ME,0,0.025067770068702967,0,0.12633979818003271,0,0.00763751,0
ME_5461,ME,0,3.4880343138731565e-05,0,0.23678314454154384,0,0.00084922503,0
ME_5462,ME,0,2.731726163487901e-05,0,0.001812036992383903,0,0.001266123,0
ME_5463,ME,0,5.265415497036827e-05,0,0.0002673579884242681,0,0.00021360385,0
ME_5464,ME,1,0.6867110993341278,1,0.6671381745456257,0,0.37257236,0
ME_5465,ME,1,0.9912239929058917,1,0.9497614691725795,1,0.99509627,1
ME_5473,ME,0,0.005946546538544573,0,0.22584333637984638,0,0.010412322,0
ME_5479,ME,0,0.38420798168592113,0,0.4695647667323094,0,0.13941172,0
ME_5485,ME,0,0.4409873294228704,1,0.5893814196449015,0,0.4136478,0
ME_5489,ME,0,0.42741012126048095,1,0.5050330315692556,0,0.11133097,0
ME_5490,ME,0,7.669959519868788e-07,0,0.02153633664306826,0,0.000810682,0
ME_5493,ME,1,0.6418210880262996,1,0.6679857649308159,0,0.53075594,0
ME_5494,ME,0,0.1717839774021196,1,0.6094242743999908,0,0.50710326,0
ME_5497,ME,0,8.77381929385026e-05,0,0.0027823944530653466,0,0.004040769,0
ME_5500,ME,0,9.358968170461248e-08,0,0.025869032626246406,0,0.00023212688,0
ME_5505,ME,1,0.9969163173414034,1,0.7442861878093684,1,0.9886684,1
ME_5506,ME,0,2.3078916463714663e-08,0,0.160234775644908,0,0.003678528,0
ME_5507,ME,0,0.20746864696575093,1,0.6109775769959258,0,0.17701444,0
ME_5510,ME,1,0.5585871736309713,1,0.5449038694884816,0,0.17071587,0
ME_5512,ME,1,0.6393709842494965,1,0.5024246316186374,0,0.22719508,0
ME_5514,ME,0,0.010556475377617147,0,0.29135041452166743,0,0.005364418,0
ME_5518,ME,0,1.5893935602928046e-05,0,0.0017504891934419149,0,0.0007875211,0
ME_5521,ME,0,0.005504364172921399,0,0.21454320456232698,0,0.0074565597,0
ME_5522,ME,1,0.777791574907101,0,0.4214115537381227,0,0.14115173,0
ME_5523,ME,0,0.38741436444213523,1,0.645787469169301,0,0.23257598,0
ME_5525,ME,1,0.9517075353208716,1,0.5261274643609064,0,0.4524092,0
ME_5528,ME,0,0.34866970808230263,1,0.5459401720397253,0,0.23334126,0
ME_5529,ME,1,0.5625797824990212,1,0.6085828431596219,0,0.36178434,0
ME_5533,ME,1,0.7222633477812066,1,0.6544549102717864,0,0.29915562,0
ME_5535,ME,0,0.19562115823642126,0,0.3601931061354877,0,0.069812514,0
ME_5538,ME,1,0.5905198528154039,1,0.5612021260339433,0,0.21478221,0
ME_5543,ME,0,0.4438224431070123,1,0.5807855572205786,0,0.40408173,0
ME_5551,ME,1,0.63073450407946,1,0.5500498370110325,0,0.19906245,0
ME_5552,ME,1,0.5827757202205183,0,0.42314882756638417,0,0.3559926,0
ME_5553,ME,0,0.010929100709427007,0,0.4336503299276731,0,0.009563698,0
ME_5556,ME,0,0.005147521526517437,0,0.06360048441473481,0,0.0009310534,0
ME_5557,ME,0,3.5429763862655775e-05,0,0.0006376807512999567,0,0.00030128605,0
ME_5558,ME,0,0.2243097627291042,1,0.5121236594172937,0,0.19633159,0
ME_5559,ME,1,0.9888603004242525,1,0.8916822881057856,1,0.9869544,1
ME_5561,ME,0,0.31566381476229516,1,0.5224415929291022,0,0.13453472,0
ME_5563,ME,0,0.32861130435793706,0,0.45362371235046417,0,0.18679112,0
ME_5566,ME,0,2.1288580530273633e-05,0,0.00017728139502078957,0,0.00046791043,0
ME_5567,ME,1,0.5360719488363271,1,0.6070730223212715,0,0.27588242,0
ME_5568,ME,0,0.35738037600733275,0,0.4376382085398959,0,0.118135735,0
ME_5569,ME,0,0.3731199073902281,0,0.4202606717818958,0,0.13896349,0
ME_5570,ME,0,2.57022488847567e-05,0,0.0007940669493649912,0,0.00019554619,0
ME_5571,ME,0,0.0026421676696756096,0,0.24845510961314451,0,0.0022839743,0
ME_5572,ME,1,0.9951256070564966,1,0.9120348134601335,1,0.9968966,1
ME_5573,ME,0,1.8101330915922365e-05,0,0.0004066576489897257,0,0.00026252374,0
ME_5577,ME,0,0.38905741195030247,1,0.5500122987464734,0,0.10656507,0
ME_5578,ME,0,9.374394394165165e-08,0,0.01920120055627562,0,0.00027369297,0
ME_5580,ME,0,0.00011648370799884658,0,0.006261425044803028,0,0.0011928555,0
ME_5583,ME,0,4.981392796749548e-05,0,0.0016929522193726162,0,0.00026440492,0
ME_5585,ME,0,8.276820279979141e-05,0,0.005533705444177752,0,0.0013733441,0
ME_5586,ME,0,0.015355365695944994,0,0.28337354375919416,0,0.0054236474,0
ME_5588,ME,0,0.42502553499967893,1,0.5294704296482289,0,0.41197327,0
ME_5600,ME,0,0.09188479951538024,0,0.33538364454600106,0,0.014340885,0
ME_5603,ME,0,0.4704647194883908,1,0.5730372126771553,0,0.21845062,0
ME_5605,ME,0,0.2430927381616461,0,0.49469591168232097,0,0.55130166,0
ME_5607,ME,0,0.019926773786420025,0,0.15093810435776744,0,0.0058369683,0
ME_5608,ME,0,0.011098858857752752,0,0.19515555376526872,0,0.0011720792,0
ME_5610,ME,0,0.00011919801423544597,0,0.018735780967914163,0,0.00034412573,0
ME_5611,ME,0,1.1810612207564276e-05,0,0.00044586977585439494,0,0.0006241749,0
ME_5612,ME,1,0.7445767078743737,1,0.6207836935461203,0,0.20643052,0
ME_5616,ME,0,0.048632025651855204,0,0.10540895303445152,0,0.003457604,0
ME_5617,ME,0,0.1486192733133533,0,0.045323351039425835,0,0.0012909214,0
ME_5618,ME,0,0.14715373963089415,0,0.10221479609152898,0,0.0013297114,0
ME_5619,ME,0,0.0003002392310892856,0,0.16400138198238629,0,0.010621203,0
ME_5620,ME,0,8.639695501094786e-07,0,0.09194927654240834,0,0.0016139592,0
ME_5623,ME,0,1.204387599887577e-06,0,0.1240221603595895,0,0.0020660402,0
ME_5626,ME,1,0.6319325865629408,1,0.579735168382832,0,0.14377783,0
ME_5627,ME,0,1.0758067300014885e-05,0,0.0008279684366918934,0,0.0005824088,0
ME_5628,ME,0,0.41434506499156265,0,0.32739447103262637,0,0.025549313,0
ME_5629,ME,0,9.981482536430421e-06,0,0.0004234230867410392,0,0.00048399135,0
ME_5630,ME,0,2.178665936587204e-06,0,0.2131874883105559,0,0.0015085664,0
ME_5632,ME,0,0.02501197529815041,0,0.15012490616771842,0,0.022154763,0
ME_5635,ME,0,0.030356559871341917,0,0.224856162373638,0,0.113236174,0
ME_5638,ME,1,0.5303027206863886,0,0.45469622220388906,0,0.19245787,0
ME_5639,ME,0,2.8373799199055244e-09,0,0.0020301320771524745,0,0.00012853254,0
ME_5641,ME,1,0.643302888857472,0,0.3568862615890252,0,0.20108528,0
ME_5644,ME,0,6.619976331872991e-07,0,0.00766060603822597,0,0.00055713137,0
ME_5645,ME,0,0.00010268373746248789,0,0.0005440672845645713,0,0.00086858496,0
ME_5646,ME,0,3.291235919291589e-05,0,0.0010098383120123058,0,0.00032641026,0
ME_5648,ME,0,1.3398235300450912e-05,0,0.12633675394679358,0,0.0010657558,0
ME_5649,ME,0,0.0003848637639659102,0,0.04612388753528998,0,0.0005075275,0
ME_5651,ME,0,0.009826048385866537,0,0.06883092612763443,0,0.0021034481,0
ME_5652,ME,0,9.219292060350281e-05,0,0.0006960277336787167,0,0.00039743658,0
ME_5654,ME,1,0.996163068725058,1,0.9021491431202961,1,0.99321365,0
ME_5657,ME,0,7.843879882401092e-05,0,0.001812036992383903,0,0.0007018242,0
ME_5658,ME,0,5.855146906540668e-05,0,0.022854871410451637,0,0.00036744607,0
ME_5661,ME,0,6.32654880163651e-07,0,0.04082086000273002,0,0.0012505316,0
ME_5669,ME,0,3.4047464410511887e-06,0,0.02406786771244023,0,0.00016784851,0
ME_5675,ME,0,0.3374587601174706,1,0.5430103858616723,0,0.12327959,0
ME_5677,ME,0,5.025839096107486e-05,0,0.0006554808218446761,0,0.00058764406,0
ME_5679,ME,0,0.004776959391460247,0,0.061287302556155214,0,0.0013845547,0
ME_5685,ME,0,0.00010949878334092818,0,0.33508373591813145,0,0.0026003332,0
ME_5686,ME,1,0.9985392349427716,1,0.9534459081642067,1,0.9949314,1
ME_5688,ME,0,0.012843855973386324,0,0.11938824735280244,0,0.0077976757,0
ME_5689,ME,1,0.6327714772208559,0,0.28324385545837155,0,0.10921321,1
ME_5690,ME,1,0.8705904101399252,0,0.30345884118870736,0,0.10718559,0
ME_5694,ME,0,0.01485700947202644,0,0.2715786195792789,0,0.04685405,0
ME_5695,ME,0,0.0008291591678577764,0,0.21654093720824785,0,0.0020100237,0
ME_5696,ME,0,5.5926745951091166e-05,0,0.0004571942267244207,0,0.00080147584,0
ME_5697,ME,0,0.41649397530494264,0,0.35793937669467735,0,0.12536758,0
ME_5699,ME,1,0.5376735040584046,0,0.364828057049675,0,0.15394317,0
ME_5700,ME,1,0.7048129043299775,1,0.6400652171881372,0,0.45004383,0
ME_5707,ME,0,6.408887314645833e-05,0,0.0004066576489897257,0,0.0008274887,0
ME_5708,ME,0,0.008115955428055282,0,0.12759001378719428,0,0.0007607098,0
ME_5711,ME,0,0.25336233949931036,0,0.23903653004784103,0,0.022103366,0
ME_5712,ME,0,0.031793389603556946,0,0.3233910148891528,0,0.012843454,0
ME_5713,ME,0,0.01234921964045459,0,0.17510730833225213,0,0.0043166326,0
ME_5715,ME,0,0.43260887804465104,0,0.30554627815354796,0,0.07735289,0
ME_5716,ME,0,3.4972241272868204e-05,0,0.0013943431893731401,0,0.00079419295,0
ME_5718,ME,0,0.007519984876874614,0,0.24913143423627163,0,0.008729372,0
ME_5719,ME,1,0.6840994525358544,1,0.620707732933947,0,0.4042235,0
ME_5720,ME,1,0.9646700688256896,1,0.8216317126088665,1,0.9897321,0
ME_5721,ME,1,0.959586923252851,1,0.9337909845706979,1,0.9893833,0
ME_5722,ME,1,0.5924865788540842,0,0.4712744818011417,0,0.462368,0
ME_5723,ME,0,7.437638405249644e-05,0,0.01889891046748061,0,0.00027182736,0
ME_5724,ME,0,0.00012550380745751286,0,0.22731861484479093,0,0.0014456235,0
ME_5725,ME,0,0.00020704031031182707,0,0.12586341574328241,0,0.006703809,0
ME_5730,ME,0,2.544992180307892e-05,0,0.0017226809447535155,0,0.0003450987,0
ME_5732,ME,0,0.2839152358894833,0,0.38244989240450783,0,0.018666042,0
ME_5733,ME,0,0.014547949859036804,0,0.2011844375411304,0,0.006038205,0
ME_5736,ME,0,1.741158039665714e-05,0,0.0005652987070698791,0,0.000435719,0
ME_5737,ME,0,1.3781675379855083e-05,0,0.0008017069368586315,0,0.00061150495,0
ME_5738,ME,0,0.0001248912003373569,0,0.10419088920417956,0,0.0011050296,0
ME_5739,ME,0,0.013512211993154936,0,0.22466856406308053,0,0.0025204231,0
ME_5740,ME,0,0.49646059936637343,1,0.5071543156524342,0,0.20637378,0
ME_5741,ME,0,5.6220276442560324e-05,0,0.03750159723377159,0,0.00061207695,0
ME_5742,ME,0,0.015517472785978068,0,0.20838340287362897,0,0.003635529,0
ME_5747,ME,0,0.00967645887564241,0,0.10838727255972479,0,0.007896342,0
ME_5749,ME,0,0.00022773480322237267,0,0.0003338087180893763,0,0.0005566078,0
ME_5750,ME,0,8.677646297520494e-05,0,0.1362861242974182,0,0.002274696,0
ME_5751,ME,1,0.7886036215654503,1,0.5843752623863145,0,0.5624903,0
ME_5754,ME,1,0.9795429289363616,1,0.9090887315431085,1,0.9923632,1
ME_5756,ME,1,0.5231329861138991,1,0.5459329225564645,0,0.5377319,0
ME_5759,ME,0,0.3609033547484127,0,0.4449590516188157,0,0.07966013,0
ME_5760,ME,0,1.804657362840939e-05,0,0.03439394272716378,0,0.00024555108,0
ME_5763,ME,0,0.009646516300081273,0,0.14056556105477,0,0.001997879,0
ME_5764,ME,0,5.494580320838038e-05,0,0.036001649932295224,0,0.0005892178,0
ME_5765,ME,1,0.5490081066363963,0,0.3757100674871252,0,0.0714216,0
ME_5767,ME,0,0.008464994746071553,0,0.11923241035688886,0,0.00068682927,0
ME_5771,ME,0,1.5048468552137758e-05,0,0.00026826728108534194,0,0.00041449507,0
ME_5772,ME,0,0.008648068264571419,0,0.12091910392917704,0,0.0009988315,0
ME_5773,ME,0,0.00012186991550051258,0,0.10779443680016416,0,0.0012601257,0
ME_5774,ME,1,0.5207950337945766,0,0.413714557688616,0,0.06792443,0
ME_5778,ME,0,0.42748899552961234,0,0.3277535625920679,0,0.09028117,0
ME_5780,ME,0,0.47314538606412065,0,0.42029829728563306,0,0.033396237,0
ME_5781,ME,0,8.946388601173258e-05,0,0.18010297248782783,0,0.0013483512,0
ME_5782,ME,0,0.36847906432534033,0,0.46164442616861173,0,0.050887443,0
ME_5783,ME,1,0.9750547339198421,1,0.8948428358389352,1,0.9870064,1
ME_5784,ME,0,0.4746045168024578,1,0.6131798125410468,0,0.08072054,0
ME_5785,ME,0,0.4254606156659019,1,0.5342700642548763,0,0.068398856,0
ME_5786,ME,0,5.957428588356973e-06,0,0.02557186229882244,0,0.00018418331,0
ME_5787,ME,0,0.00033485931782542945,0,0.01775071539803785,0,0.0002204783,0
ME_5788,ME,0,0.4631698828378516,0,0.4586772879780109,0,0.19119528,0
ME_5789,ME,1,0.9834737684670941,1,0.9215377273675265,1,0.99500126,1
ME_5790,ME,0,5.015253988508093e-06,0,0.02114738814077223,0,0.00029760387,0
ME_5791,ME,0,0.03574027583799782,0,0.10078464979463768,0,0.14145373,0
ME_5792,ME,1,0.9856522766966777,1,0.9359105116364468,1,0.99727637,1
ME_5793,ME,0,0.0001221508301963275,0,0.10448730036699558,0,0.00013922671,0
ME_5794,ME,0,5.3682187963123214e-08,0,0.015100627074031184,0,0.00020719523,0
ME_5795,ME,0,3.4555023197435973e-05,0,0.12512439404768502,0,0.00024143806,0
ME_5796,ME,0,1.969465451318488e-05,0,0.0002633009173321691,0,0.00013541731,0
ME_5797,ME,0,2.0938339710913443e-06,0,0.017349207298666423,0,0.00034985945,0
ME_5798,ME,1,0.9930611523325148,1,0.9214008997353959,1,0.99728215,1
ME_5799,ME,0,0.0004976392913375381,0,0.04457375038034039,0,0.0011799415,0
ME_5800,ME,1,0.9858754615954356,1,0.9220212694768781,1,0.99641454,1
ME_5801,ME,0,0.4610301075528155,1,0.5301449367799503,0,0.21798484,0
ME_5804,ME,1,0.9812766796642555,1,0.9610978285947724,1,0.9962431,1
ME_5806,ME,0,0.46746202154552574,1,0.5822917527754624,0,0.30107245,0
ME_5807,ME,0,2.4263845141405235e-05,0,0.017964320708550304,0,0.00021895446,0
ME_5808,ME,1,0.992546629469994,1,0.8881818680997363,1,0.99822086,1
ME_5809,ME,0,0.00045758832511401496,0,0.01618896790990364,0,0.0008272774,0
ME_5812,ME,0,0.38862364978245795,0,0.4299345370093499,0,0.04122442,0
ME_5813,ME,0,2.961036339665132e-09,0,0.012413942603632041,0,0.00047383556,0
ME_5814,ME,1,0.5500888043864621,0,0.3081052344907006,0,0.05712279,0
ME_5815,ME,1,0.987723153500276,1,0.9123041191358536,1,0.9976793,0
ME_5816,ME,0,0.010871858942688243,0,0.07839112926488857,0,0.0007179709,0
ME_5817,ME,0,0.004308639838123094,0,0.06801935238508121,0,0.00056999375,0
ME_5818,ME,0,0.00015615857704581745,0,0.07674541729980504,0,0.0001480752,0
ME_5819,ME,0,6.441439947090467e-06,0,0.12399666972618816,0,0.0005824124,0
ME_5820,ME,0,3.0631945748116733e-06,0,0.10559830058724011,0,0.00026109992,0
ME_5821,ME,1,0.6399343383987343,1,0.5057394298631533,0,0.4412515,0
ME_5822,ME,0,6.25393450745895e-07,0,0.02675761059863607,0,0.0012338838,0
ME_5823,ME,1,0.9358310702506404,1,0.9496990900286598,1,0.9973634,1
ME_5828,ME,1,0.611768058138478,0,0.2842747371226822,0,0.06777841,0
ME_5829,ME,0,8.996067120891643e-08,0,0.015879989318693517,0,0.00049236487,0
ME_5830,ME,1,0.9879582308603936,1,0.935572552306716,1,0.9924442,0
ME_5831,ME,0,0.4654348008707977,0,0.40382023208327167,0,0.08032074,0
ME_5832,ME,0,0.47911309247826905,0,0.22666376193377213,0,0.026887184,0
ME_5833,ME,1,0.9928256546174867,1,0.9190116968218247,1,0.99806637,0
ME_5834,ME,1,0.6716259826829789,0,0.257984205919782,0,0.056838717,0
ME_5835,ME,0,0.00031801593632967823,0,0.2633219905643918,0,0.0036976156,0
ME_5838,ME,0,0.008688938278176553,0,0.1348162733808803,0,0.0014527182,0
ME_5839,ME,0,0.0016228760059444774,0,0.10097548325054588,0,0.001427464,0
ME_5841,ME,0,1.0203078818206697e-05,0,0.003084577040218846,0,0.00026704147,0
ME_5842,ME,1,0.5781406647045275,0,0.49275833970644545,0,0.24737006,0
ME_5843,ME,0,0.011199922524021086,0,0.20876753516087163,0,0.004965097,0
ME_5844,ME,0,0.006412718874525519,0,0.18467032767372252,0,0.001271181,0
ME_5845,ME,0,0.05336844164420148,0,0.1156241687502708,0,0.0017532835,0
ME_5846,ME,0,0.4440992407535867,0,0.45278390197017426,0,0.058843244,1
ME_5847,ME,1,0.5057357095610696,1,0.5258302499274833,0,0.07103618,0
ME_5849,ME,0,1.7182234804828992e-06,0,0.03797198073790222,0,0.00041241598,0
ME_5852,ME,1,0.9994829245104196,1,0.959810122690855,1,0.99930155,1
ME_5854,ME,0,0.03398014529985085,0,0.11412889689674456,0,0.0036772296,0
ME_5857,ME,0,1.8123243541268704e-05,0,0.00044586977585439494,0,0.00031736383,0
ME_5863,ME,1,0.5214192339026607,0,0.496704919388389,0,0.43159056,0
ME_5864,ME,0,1.5787480741587882e-05,0,0.00049339824661631,0,0.0010089398,0
ME_5866,ME,0,2.6965499582215464e-05,0,0.0018691535823533256,0,0.001266193,0
ME_5877,ME,0,0.021607376463952704,0,0.37654904023866514,0,0.020173619,0
ME_5879,ME,0,9.751961924533898e-05,0,0.0005652987070698791,0,0.00078370085,0
ME_5880,ME,0,0.006582724461697861,0,0.10095598000554501,0,0.0020436924,0
ME_5883,ME,0,0.3528266593987165,0,0.42398931636067927,0,0.35849574,0
ME_5884,ME,1,0.9384616487181809,1,0.8901849640944213,1,0.9956332,1
ME_5885,ME,0,2.327326579551992e-06,0,0.028056344776956954,0,0.0003215674,0
ME_5887,ME,0,0.0030964045840075863,0,0.09478409888630686,0,0.0023593104,0
ME_5888,ME,0,0.009287966604854503,0,0.28681329106983744,0,0.017638199,0
ME_5889,ME,0,0.41112742770028937,0,0.4846784379345293,0,0.25814235,0
ME_5890,ME,0,0.006074356454167989,0,0.09753947768023036,0,0.0052949963,0
ME_5892,ME,0,0.00026925428863812075,0,0.16562075574398138,0,0.009712443,0
ME_5893,ME,1,0.9932665832020916,1,0.9021208633068984,1,0.9971042,1
ME_5894,ME,0,0.17925250244572305,0,0.27369202669537523,0,0.04636998,0
ME_5895,ME,0,2.1541154639083805e-05,0,0.00030405225021864845,0,0.00045246744,0
ME_5899,ME,0,0.01262743154702079,0,0.19528761925744517,0,0.024339983,0
ME_5900,ME,0,1.2868932209218337e-06,0,0.00698501918741091,0,0.00014507803,0
ME_5902,ME,0,4.3615813892925354e-05,0,0.0005915722869888634,0,0.00015759862,0
ME_5905,ME,0,1.5391177470317848e-06,0,0.1355933302953092,0,0.0011776177,0
ME_5906,ME,1,0.5186861245073522,1,0.6220867390397524,0,0.36969113,0
ME_5907,ME,1,0.8226175853214165,0,0.49334119646619956,0,0.24299975,0
ME_5909,ME,0,2.2687551235472746e-05,0,0.001517021437768351,0,0.001685866,0
ME_5912,ME,0,1.3472791124161849e-07,0,0.013263752273906415,0,0.00018393324,0
ME_5915,ME,1,0.5087043013666109,0,0.3036988826140202,0,0.06951606,0
ME_5917,ME,0,0.4032257059755842,0,0.4486337338753274,0,0.11368526,0
ME_5919,ME,0,0.0057112977110901015,0,0.1310340250798718,0,0.0030551648,0
ME_5920,ME,0,0.01196956042074304,0,0.12237518302826816,0,0.009784564,0
ME_5921,ME,0,0.0167708165423229,0,0.1960098470419206,0,0.0020692488,0
ME_5922,ME,0,0.30589336698204056,0,0.1875641953524242,0,0.0060573267,0
ME_5924,ME,1,0.9916586218660831,1,0.8817265127215245,1,0.9973744,1
ME_5926,ME,0,2.0634278855976863e-05,0,0.0006735659187640717,0,8.4008214e-05,0
ME_5928,ME,0,8.882286692255125e-05,0,0.002030728462582974,0,0.00018327481,0
ME_5929,ME,0,1.8972007690170502e-05,0,0.30668185488548744,0,0.0175755,0
ME_5931,ME,1,0.9961586531413702,1,0.9476768365991376,1,0.9986405,1
ME_5933,ME,0,5.716021827029573e-07,0,0.012315546697389749,0,7.1247116e-05,0
ME_5934,ME,1,0.991748906909309,1,0.9179720961862309,1,0.99587965,1
ME_5935,ME,0,0.010080666000376548,0,0.16481506957793118,0,0.003983503,0
ME_5936,ME,0,2.5249618303900076e-06,0,0.14737994541537516,0,0.0027667338,0
ME_5938,ME,0,0.00012300753219854154,0,0.00164379229296621,0,0.0013691317,0
ME_5939,ME,0,6.207376389728877e-05,0,0.0011535883194115882,0,0.0005579484,0
ME_5941,ME,0,0.43656789542927055,0,0.452848216278287,0,0.09141772,0
ME_5944,ME,0,0.05643327290901002,0,0.2673563100871569,0,0.024393171,0
ME_5946,ME,1,0.5086848114671347,0,0.4821252084708425,0,0.15966274,0
ME_5947,ME,0,0.4954144141255949,0,0.30306011475889577,0,0.07791312,0
ME_5948,ME,1,0.5481117880077949,1,0.5250377381209794,0,0.36174864,0
ME_5949,ME,0,4.338769180511372e-08,0,0.003792558746864472,0,6.94622e-05,0
ME_5950,ME,0,3.404737535754718e-08,0,0.004473823953677124,0,9.3922885e-05,0
ME_5951,ME,0,5.4777285992512804e-08,0,0.003831573621285345,0,7.717679e-05,0
ME_5952,ME,0,2.674166829999637e-05,0,0.019306058421579567,0,0.000187261,0
ME_5953,ME,0,0.015118566491693,0,0.2225553680302636,0,0.02750572,0
ME_5954,ME,0,0.005894983952727726,0,0.0880797376675845,0,0.0006049561,0
ME_5955,ME,0,0.00011786183306493576,0,0.0005684363222420081,0,0.00055114983,0
ME_5956,ME,1,0.9899410042743456,1,0.9196286282150017,1,0.99848926,1
ME_5957,ME,1,0.9821325237448478,1,0.9343982798737109,1,0.99364084,1
ME_5958,ME,0,0.37348625547116987,1,0.5448100093257652,0,0.13442513,0
ME_5960,ME,0,7.532891873696828e-05,0,0.1562403078984119,0,0.0015340728,0
ME_5961,ME,0,0.008381688194373666,0,0.22038732504675831,0,0.002224046,0
ME_5962,ME,0,2.8595645556960237e-05,0,0.009129081002931558,0,0.0003243437,0
ME_5964,ME,0,0.41167180597893877,0,0.45087670739569896,0,0.13859797,0
ME_5965,ME,0,0.00012684700195693852,0,0.0032713892980845466,0,0.00026361406,0
ME_5966,ME,0,0.00013763487234724268,0,0.0038076103948885896,0,0.00028973515,0
ME_5967,ME,0,0.006899336745634059,0,0.3156841287456603,0,0.006062402,0
ME_5968,ME,0,8.026328335724681e-07,0,0.11564928264963506,0,0.0006782771,0
ME_5969,ME,0,1.0131286036089297e-07,0,0.016152618440050056,0,0.00038858253,0
ME_5970,ME,0,0.00013312242030016612,0,0.3590272769281774,0,0.00344776,0
ME_5971,ME,1,0.7964486353532386,0,0.39489251256800345,0,0.18553683,0
ME_5972,ME,0,0.08096601682522536,0,0.2894833037139188,0,0.15189296,0
ME_5973,ME,0,0.016541045608666687,0,0.26324966572511393,0,0.0040342533,0
ME_5974,ME,0,1.997610802970145e-05,0,0.000423179403845681,0,0.0004018452,0
ME_5976,ME,0,0.2596035496871524,0,0.33215725278585373,0,0.14730442,0
ME_5978,ME,1,0.9888052130326883,1,0.9149533350800569,1,0.9924119,1
ME_5980,ME,0,0.4728264591563737,0,0.4334392158973981,0,0.06108116,0
ME_5982,ME,0,0.3335769996292786,0,0.470529262801362,0,0.065329194,0
ME_5983,ME,0,0.0058537765765903135,0,0.23216050440848135,0,0.002485593,0
ME_5984,ME,1,0.9787906993068983,1,0.9213450545969751,1,0.995934,1
ME_5985,ME,1,0.981004462949274,1,0.9139819319246578,1,0.99595684,1
ME_5986,ME,1,0.9759151943240232,1,0.9188009678683943,1,0.9954987,1
ME_5987,ME,0,1.4277797525656382e-07,0,0.16914444584458374,0,0.0019764728,0
ME_5988,ME,0,3.032981920267737e-05,0,0.00021604899829996897,0,0.00015471969,0
ME_5989,ME,1,0.9793349425145118,1,0.7484153967737802,1,0.9637477,0
ME_5990,ME,0,1.1827653488513221e-06,0,0.24375182102472825,0,0.0039924225,0
ME_5993,ME,0,0.37818933674429944,0,0.3612613033347642,0,0.30852893,0
ME_5994,ME,0,0.3608996776275829,0,0.44687124008350715,0,0.10738392,0
ME_5995,ME,0,0.4086688311605509,0,0.48912853072451384,0,0.3729303,0
ME_5996,ME,0,0.2870402037275642,0,0.43211813979193875,0,0.068505295,0
ME_5997,ME,0,0.325830032493549,1,0.5192359720186667,0,0.07997333,0
ME_5999,ME,0,0.00026904266387595463,0,0.10127097923119921,0,0.00013249085,0
ME_6000,ME,0,1.3007651760967007e-06,0,0.19084643817407976,0,0.0021140892,0
ME_6001,ME,0,0.456388378437621,0,0.48040027908435934,0,0.173372,0
ME_6010,ME,0,0.002453796753170124,0,0.07620507644814258,0,0.002012809,0
ME_6011,ME,0,0.414609579916255,1,0.6137859032302099,0,0.5000544,0
ME_6012,ME,0,0.3930786297721136,0,0.44129815311253573,0,0.35458955,0
ME_6013,ME,0,4.97082672621819e-05,0,0.0025479723390347503,0,0.000609019,0
ME_6020,ME,0,0.00013538959775619952,0,0.033591915441578454,0,0.00146411,0
ME_6021,ME,0,0.00010939174370326851,0,0.001480383228448004,0,0.0014270052,0
ME_6022,ME,0,0.011018785845975144,0,0.18464959541026035,0,0.0038039035,0
ME_6024,ME,0,7.593356929298735e-05,0,0.0018262455484360396,0,0.0009829135,0
ME_6025,ME,0,0.013228734362919256,0,0.2710825634478816,0,0.004094631,0
ME_6029,ME,0,0.00012017454269556744,0,0.0003075299910124653,0,0.00034894756,0
ME_6030,ME,0,0.00013302675283049254,0,0.004511371698938856,0,0.0010627796,0
ME_6032,ME,0,0.004673234525376807,0,0.07509056343455241,0,0.0005876267,0
ME_6033,ME,0,0.42243411202598175,0,0.42488982197267566,0,0.19145857,0
ME_6034,ME,1,0.9993476342046124,1,0.8652266884492767,1,0.9981431,0
ME_6035,ME,0,0.11999854346097531,0,0.21814722294879138,0,0.047273394,0
ME_6036,ME,0,0.47642346013238246,1,0.5352638425425137,0,0.14145194,0
ME_6037,ME,1,0.7826841374283682,0,0.361379668960087,0,0.1374731,0
ME_6039,ME,0,0.009089766629594613,0,0.3260429650040453,0,0.007415678,0
ME_6042,ME,0,0.01342566007234964,0,0.41789592409061327,0,0.006795037,0
ME_6043,ME,0,0.01225842769445292,0,0.19742398293602367,0,0.007884133,0
ME_6044,ME,0,0.011826197967820935,0,0.3090175558244495,0,0.01805865,0
ME_6045,ME,0,0.00011721672156213426,0,0.0004075514554747884,0,0.00069207954,0
ME_6046,ME,0,4.734544866382781e-05,0,0.007059256927299701,0,0.0010178443,0
ME_6048,ME,1,0.6088353812407071,0,0.445394031088092,0,0.4386092,0
ME_6049,ME,0,0.413400783482669,0,0.44215141037252087,0,0.29346272,0
ME_6050,ME,1,0.996744759185329,1,0.9086301318900788,1,0.9988877,1
ME_6053,ME,0,0.3986488784476701,0,0.2439264158948673,0,0.05397203,0
ME_6054,ME,0,5.828609596883266e-09,0,0.021081409004061507,0,0.00043425444,0
ME_6056,ME,0,2.1521429592072947e-05,0,0.021837400137348858,0,0.0016580248,0
ME_6058,ME,1,0.604287958152936,1,0.5829810924136574,0,0.5105665,0
ME_6059,ME,0,0.013747379400651776,0,0.3216416602171142,0,0.014171754,0
ME_6060,ME,1,0.9800768469821136,1,0.8901348036425359,1,0.9940181,1
ME_6061,ME,0,1.0001097743299348e-06,0,0.2941328019553398,0,0.0015108652,0
ME_6062,ME,0,6.643468424888853e-05,0,0.18199602452157645,0,0.0011623036,0
ME_6063,ME,0,0.005501859633183142,0,0.13725277360134033,0,0.0027642157,0
ME_6064,ME,0,0.007526886139010682,0,0.2688669532737971,0,0.003621937,0
ME_6065,ME,0,0.00010728183073979914,0,0.0003075299910124653,0,0.0002890134,0
ME_6066,ME,0,9.470708734837556e-05,0,0.0005148913181249588,0,0.00026528342,0
ME_6068,ME,1,0.9895337914214799,1,0.9373942802213473,1,0.9956844,1
ME_6069,ME,0,0.14326972552100165,0,0.3722745308027841,0,0.23530261,0
ME_6070,ME,0,0.3972092580435438,0,0.308261741605298,0,0.23428829,0
ME_6073,ME,0,0.005200742287625819,0,0.10740769498067683,0,0.0023981542,0
ME_6074,ME,0,0.0005232240338953716,0,0.20198643033456926,0,0.0021616595,0
ME_6075,ME,0,0.00638773954329158,0,0.24800086562290574,0,0.0053977277,0
ME_6077,ME,1,0.9805044161808704,1,0.9304745386215617,1,0.9922964,1
ME_6078,ME,1,0.9845463444967434,1,0.9146113711734796,1,0.9933281,1
ME_6079,ME,1,0.9825884552953231,1,0.9306741018380762,1,0.9960032,1
ME_6080,ME,1,0.9517604267630636,1,0.9220916648375953,1,0.9958527,1
ME_6081,ME,0,0.023290002720721553,0,0.3025855769151101,0,0.08528816,0
ME_6082,ME,1,0.961629844598622,1,0.9135502713623023,1,0.9934638,1
ME_6083,ME,0,0.009360075945534369,0,0.30116911667475904,0,0.0063859485,0
ME_6084,ME,0,0.004821139912677246,0,0.10724522078697746,0,0.002185281,0
ME_6085,ME,0,0.00868684047978237,0,0.25633242724858535,0,0.002907834,0
ME_6086,ME,0,0.006278038231682011,0,0.16554957231917022,0,0.00405336,0
ME_6089,ME,0,0.40811572784168376,0,0.42506772783276314,0,0.20665474,0
ME_6091,ME,0,0.35070564314854846,0,0.2662445429867695,0,0.13479829,0
ME_6092,ME,0,7.087726003317086e-05,0,0.0018940735546333928,0,0.00023160868,0
ME_6093,ME,0,0.007128851153050545,0,0.2763252496091144,0,0.00551298,0
ME_6094,ME,0,8.830360442883628e-05,0,0.0003075299910124653,0,0.00026633765,0
ME_6095,ME,0,0.3670179279033016,0,0.46423106584859347,0,0.10012134,0
ME_6096,ME,0,0.013336323855151443,0,0.16538964306465626,0,0.0024828636,0
ME_6097,ME,0,0.007907560409735281,0,0.09879444516863191,0,0.0016755323,0
ME_6098,ME,0,0.009177577113219964,0,0.15217035813730517,0,0.0013132972,0
ME_6099,ME,0,0.33620135329539436,0,0.3057104864451339,0,0.02405663,0
ME_6100,ME,0,0.005782467707849809,0,0.11607212856483341,0,0.0015525979,0
ME_6104,ME,0,0.41051212993453073,0,0.3428661974007905,0,0.13165005,0
ME_6105,ME,0,0.45469073538685234,0,0.34497234732068466,0,0.09820148,0
ME_6108,ME,0,7.269284742629902e-05,0,0.0004167294629082624,0,0.0006062785,0
ME_6109,ME,0,0.008459115080356449,0,0.15558247329623726,0,0.005118819,0
ME_6110,ME,0,0.07568866444361033,0,0.1285899566993314,0,0.0014831835,0
ME_6111,ME,0,0.0001241211359916401,0,0.1528522608229643,0,0.0010627162,0
ME_6112,ME,0,0.00011201639894399563,0,0.0016367694265130388,0,0.00130222,0
ME_6113,ME,0,0.00010669385919239509,0,0.004511371698938856,0,0.0014293636,0
ME_6114,ME,0,8.924586466012611e-05,0,0.001480383228448004,0,0.0006297757,0
ME_6116,ME,0,1.9009229230496562e-06,0,0.08179257556298487,0,0.0029288044,0
ME_6119,ME,0,5.895384811056232e-06,0,0.0032018204544397313,0,0.00026912944,0
ME_6121,ME,1,0.9899152684233586,1,0.9169271741177382,1,0.99342245,0
ME_6122,ME,0,0.006339118382265025,0,0.03620590735253595,0,0.0034824528,0
ME_6124,ME,0,0.0002056132020616097,0,0.1845317450310143,0,0.0011880634,0
ME_6127,ME,0,0.000117797878592959,0,0.0015784224441342787,0,0.0012300507,0
ME_6128,ME,0,0.012749813022886256,0,0.11133235391363691,0,0.004379849,0
ME_6129,ME,0,0.0065200630425862926,0,0.3519555708865026,0,0.003959151,0
ME_6132,ME,0,0.4691059900577331,0,0.35521223356676185,0,0.16703178,0
ME_6133,ME,0,8.984198125196613e-06,0,0.00688488772294767,0,0.00051951973,0
ME_6134,ME,0,2.145686282361936e-05,0,0.25884864960694776,0,0.008980717,0
ME_6135,ME,0,0.0007608299696504498,0,0.02010332430165312,0,0.000742193,0
ME_6136,ME,0,0.03952505661646274,0,0.1772419758623864,0,0.008133029,0
ME_6137,ME,1,0.9349663305331465,1,0.5303974561829111,0,0.502158,0
ME_6138,ME,1,0.7535501140217377,1,0.5835655588684604,0,0.45404133,0
ME_6140,ME,0,0.00012680810936102643,0,0.0036085580798588435,0,0.0008983886,0
ME_6141,ME,1,0.986571305725121,1,0.8954880229844254,1,0.9966053,0
ME_6142,ME,0,1.8696639261610445e-06,0,0.2736762281218027,0,0.0022907865,0
ME_6143,ME,0,0.39416018218757437,0,0.4025991421312707,0,0.3701827,0
ME_6144,ME,0,0.48385714400282975,0,0.3328255288930951,0,0.3097729,0
ME_6145,ME,0,7.643532668039527e-05,0,0.18716630220016725,0,0.002040577,0
ME_6146,ME,0,0.27352363039586863,0,0.2027389123652073,0,0.047882397,0
ME_6147,ME,0,0.29059582298389974,0,0.18694992080815198,0,0.07183489,0
ME_6148,ME,0,0.31222660078053976,0,0.3661086583182263,0,0.041332442,0
ME_6149,ME,0,0.00011145140170997324,0,0.19238019588084168,0,0.009228417,0
ME_6150,ME,0,2.3117479548956042e-05,0,0.0017059463411883697,0,0.0004688634,0
ME_6151,ME,0,0.005238392153198297,0,0.12275687436689786,0,0.0032777255,0
ME_6152,ME,1,0.9833763369423907,1,0.8810705996684305,1,0.9943792,0
ME_6153,ME,0,5.736894811918796e-05,0,0.0011159842142998222,0,0.000340175,0
ME_6155,ME,0,7.178070303218425e-05,0,0.0006757761848921786,0,0.00026885836,0
ME_6156,ME,0,0.011180128579156552,0,0.17932528856793561,0,0.007324013,0
ME_6157,ME,0,2.254955034961768e-05,0,0.00033366759308582405,0,0.0006452703,0
ME_6158,ME,0,7.114123808321692e-05,0,0.0014131897480382423,0,0.0015310586,0
ME_6159,ME,0,0.473345249159759,0,0.22794043102007813,0,0.05372501,0
ME_6162,ME,0,4.444802027501176e-05,0,0.0023050868656922683,0,0.00047752235,0
ME_6163,ME,0,0.009337435362250261,0,0.3566763258099055,0,0.011557414,0
ME_6164,ME,0,0.01097792380305052,0,0.24871038616693678,0,0.0058619697,0
ME_6165,ME,1,0.988325074576285,1,0.9289862109606346,1,0.9927608,1
ME_6167,ME,0,0.3982134983643778,0,0.4918519189722473,0,0.21709423,0
ME_6168,ME,0,0.43137297397031116,0,0.37072718426622536,0,0.1423182,0
ME_6169,ME,0,7.856797283653661e-05,0,0.001050889945492337,0,0.00026207036,0
ME_6171,ME,0,0.006411226721467178,0,0.16654905485658417,0,0.0048441244,0
ME_6173,ME,0,0.00012286657645042503,0,0.001745283730978136,0,0.00038065546,0
ME_6174,ME,0,0.3394669655311752,0,0.4553087658526072,0,0.10165631,0
ME_6175,ME,0,0.2991996917382029,0,0.38491579804030995,0,0.05178436,0
ME_6176,ME,0,0.3642196201888438,0,0.3600908134935441,0,0.11751579,0
ME_6177,ME,0,0.0068836504248430104,0,0.23710994499510069,0,0.0017428376,0
ME_6178,ME,0,0.004733009909006103,0,0.15418750657491778,0,0.0033706548,0
ME_6180,ME,0,9.613860015862463e-05,0,0.0011885966977126913,0,0.00025286208,0
ME_6182,ME,0,0.33873583697953036,0,0.40471507283719776,0,0.38621128,0
ME_6184,ME,0,0.0056068907170949605,0,0.14766194010678402,0,0.0024042034,0
ME_6186,ME,0,2.2848937040882627e-05,0,0.00028981980333891316,0,0.00037987423,0
ME_6187,ME,0,8.429232318143422e-05,0,0.0001917805876526387,0,0.0008673935,0
ME_6188,ME,0,8.494907600424497e-05,0,0.0004066576489897257,0,0.00046097487,0
ME_6193,ME,0,0.00926627494448935,0,0.14908079541625757,0,0.0011138667,0
ME_6194,ME,0,0.37833997730355046,0,0.11240253874893763,0,0.07443223,0
ME_6195,ME,0,0.0067620228055812965,0,0.03057233304850483,0,0.0021645308,0
ME_6198,ME,0,0.011555936252722757,0,0.10804423292605277,0,0.0005048833,0
ME_6201,ME,0,0.0003157062834651053,0,0.0018565990981831819,0,0.00017884455,0
ME_6202,ME,0,0.011227928591829391,0,0.12423579773632326,0,0.0038641877,0
ME_6203,ME,0,0.0014527540868988517,0,0.14332236805924453,0,0.0122716,0
ME_6204,ME,0,0.0045754660563995,0,0.07816665894235872,0,0.00041745263,0
ME_6209,ME,0,0.43800450179277295,0,0.3412732926411607,0,0.023722436,0
ME_6210,ME,0,0.3929175743914495,0,0.38324872069249827,0,0.0802945,0
ME_6211,ME,0,1.0440975468164479e-05,0,0.0003478305601681204,0,0.00024846877,0
ME_6214,ME,0,4.180962160963234e-05,0,0.029143254910592376,0,0.0006506906,0
ME_6215,ME,1,0.9838473662253696,1,0.8740482501177581,1,0.9939667,1
ME_6217,ME,0,0.0022713430967715984,0,0.1412719584319911,0,0.0034282466,0
ME_6221,ME,0,1.287229285922623e-06,0,0.10349360500482874,0,0.0013289416,0
ME_6222,ME,0,0.00012755817447806402,0,0.20914486033870666,0,0.0024726738,0
ME_6223,ME,0,8.823899224337314e-05,0,0.12428918733825202,0,0.0014832217,0
ME_6224,ME,0,0.0055094836551921236,0,0.06419027528697892,0,0.0020814093,0
ME_6225,ME,0,0.0001475756855002333,0,0.08869126545860306,0,0.00074993185,0
ME_6226,ME,0,0.00014619628599228445,0,0.06780312985264635,0,0.0013216428,0
ME_6227,ME,0,0.005388587470368142,0,0.0693261517102278,0,0.003477358,0
ME_6228,ME,0,7.835038144901457e-05,0,0.08264015551903212,0,0.0009535045,0
ME_6232,ME,0,9.803322599129003e-05,0,0.0004066576489897257,0,0.0005872376,0
ME_6234,ME,0,0.010532782898152923,0,0.14888837745650557,0,0.0054999264,0
ME_6236,ME,0,2.3817614114088665e-05,0,0.0003253838710547646,0,0.0007233594,0
ME_6238,ME,0,0.008338670844233186,0,0.07422273519598165,0,0.0015901983,0
ME_6239,ME,0,0.002241736275756026,0,0.07187315269955151,0,0.003788262,0
ME_6244,ME,0,0.00241687619748117,0,0.038412495889487544,0,0.0005229678,0
ME_6246,ME,0,4.027783468270862e-05,0,0.00011098691616052296,0,0.0002118405,0
ME_6249,ME,0,0.004891345901181822,0,0.018684007325847442,0,0.00037028774,0
ME_6251,ME,0,1.1368230167677806e-05,0,0.0004234230867410392,0,0.0005887827,0
ME_6253,ME,0,0.0011189951640023482,0,0.04611770217832058,0,0.0037118983,0
ME_6254,ME,0,1.4329952902049843e-05,0,0.02177042090689487,0,0.0006077897,0
ME_6255,ME,0,0.005659187032772918,0,0.028139002487092175,0,0.0024089701,0
ME_6256,ME,0,0.3307476804216721,0,0.09604374422573975,0,0.010315639,0
ME_6257,ME,0,0.009157357569287775,0,0.040336810087190166,0,0.0018704055,0
ME_6258,ME,0,0.008529473360813264,0,0.059107136809357474,0,0.002798278,0
ME_6260,ME,1,0.7142894476371987,0,0.05311531706123105,0,0.012220393,0
ME_6267,ME,0,0.0013088522121839398,0,0.052694162545819545,0,0.003181915,0
ME_6268,ME,0,0.372907503705244,0,0.06388522642033395,0,0.0017313088,0
ME_6269,ME,0,0.01084350700008217,0,0.010911254834721829,0,0.00073335547,0
ME_6270,ME,0,0.42965440581997166,0,0.07641975929478846,0,0.004970056,0
ME_6271,ME,0,2.7997338125305976e-05,0,0.0010993253086631473,0,0.00011250551,0
ME_6272,ME,0,0.34385706599407295,0,0.014692007631018035,0,0.0036397355,0
ME_6273,ME,0,0.16630034496926605,0,0.04022187281675715,0,0.0043185,0
ME_6275,ME,0,2.2709665848480914e-05,0,0.04104596090318241,0,0.001018663,0
ME_6276,ME,0,0.004346331775867124,0,0.07278342755181284,0,0.0035776717,0
ME_6277,ME,0,0.00010089791613313397,0,0.06672942008950833,0,0.0016259807,0
ME_6278,ME,0,0.007097195798787266,0,0.19053942688760325,0,0.010512318,0
ME_6280,ME,0,0.001130338723044823,0,0.17736184548424125,0,0.003405921,0
ME_6281,ME,0,0.010241465260549665,0,0.02236512086347083,0,0.00045686323,0
ME_6286,ME,0,0.008246463360891219,0,0.1338586336759862,0,0.0018475711,0
ME_6287,ME,0,0.0006208358982681663,0,0.03479875654889945,0,0.0011426907,0
ME_6291,ME,0,0.008715646247114132,0,0.02640183519545196,0,0.001330794,0
ME_6292,ME,0,0.39981011191784455,0,0.019765028196453094,0,0.0024740642,0
ME_6294,ME,0,0.27800092308269986,0,0.03332496702164608,0,0.004921693,0
ME_6295,ME,0,0.3713506418589049,0,0.013701416718485602,0,0.0046527334,0
ME_6296,ME,0,0.2297911482595811,0,0.016572224408958388,0,0.0038797522,0
ME_6297,ME,0,0.3111885567570273,0,0.011744345692342305,0,0.0016041832,0
ME_6298,ME,0,0.3286239606291046,0,0.03187994767177947,0,0.0043191025,0
ME_6299,ME,0,0.3820754899501728,0,0.036549156262820244,0,0.006643199,0
ME_6300,ME,0,0.3173417763481235,0,0.01613049813383234,0,0.005578298,0
ME_6301,ME,0,1.2210592439607144e-06,0,0.019756327259197282,0,0.00014305647,0
ME_6302,ME,0,1.201648138373668e-06,0,0.02251883346232371,0,0.000286139,0
ME_6303,ME,0,0.00026356359045234606,0,0.05542205941768531,0,0.00030552334,0
ME_6304,ME,0,0.00010377908463288879,0,0.013321874084732888,0,0.00031550217,0
ME_6307,ME,0,0.005576779177597499,0,0.019361687639668435,0,0.0017982108,0
ME_6308,ME,0,0.0004736229925253474,0,0.03961331723679928,0,0.0012776422,0
ME_6309,ME,0,0.0008683658648980997,0,0.08941912228849805,0,0.0047646896,0
ME_6310,ME,0,0.005119579708081949,0,0.029908778111415676,0,0.00024131032,0
ME_6311,ME,0,0.38551522442024655,0,0.04947443163852096,0,0.018514348,0
ME_6312,ME,0,0.2917273549088597,0,0.14385318007983922,0,0.019579286,0
ME_6313,ME,0,0.007474620728660369,0,0.17850980481919887,0,0.0021276737,0
ME_6314,ME,0,0.002108584491432883,0,0.09123978462470042,0,0.0015328777,0
ME_6315,ME,0,0.005421565615916773,0,0.06954190126723389,0,0.0013609838,0
ME_6316,ME,0,0.2971002270113341,0,0.18195763820539346,0,0.013967125,0
ME_6317,ME,0,0.005562041319882133,0,0.08253751991571281,0,0.00088606484,0
ME_6318,ME,0,0.006155036797934547,0,0.04291548202049279,0,0.0030676238,0
ME_6319,ME,0,0.28453318123921334,0,0.1567761005313163,0,0.016041545,0
ME_6320,ME,0,0.004705776586171675,0,0.13903664091353182,0,0.0024277442,0
ME_6321,ME,0,0.24079101633607922,0,0.09379545360766466,0,0.024978068,0
ME_6323,ME,0,2.8278121383797533e-06,0,0.02316504559473691,0,0.00019124211,0
ME_6324,ME,0,0.0038547011528015187,0,0.09774004397603492,0,0.0046782773,0
ME_6325,ME,1,0.9877255276777153,1,0.8903762147522671,1,0.9934482,1
ME_6326,ME,0,9.44358076989983e-05,0,0.003717805751816665,0,0.0008763883,0
ME_6328,ME,0,0.012576646370868137,0,0.09933068153667537,0,0.0058484715,0
ME_6330,ME,0,0.06977466229167861,0,0.031865697060114946,0,0.0019936564,0
ME_6331,ME,1,0.654825689488287,0,0.03302082515520913,0,0.009654899,0
ME_6339,ME,0,0.0001230657934406228,0,0.09345381612472797,0,0.00058901147,0
ME_6340,ME,0,6.967536963699823e-05,0,0.20503817289451,0,0.0015052281,0
ME_6341,ME,0,0.0067984383669021315,0,0.14046577587292136,0,0.009393499,0
ME_6342,ME,0,6.237302990186525e-05,0,0.13476299815040277,0,0.00087154045,0
ME_6343,ME,0,0.004856344232198186,0,0.1040429546323686,0,0.0024685373,0
ME_6344,ME,0,7.032073006440667e-05,0,0.1480413075464952,0,0.0010238913,0
ME_6345,ME,0,0.011013195633106538,0,0.18199073344539807,0,0.008316962,0
ME_6348,ME,0,0.0003054950435338196,0,0.07993026530158025,0,0.0018982152,0
ME_6349,ME,0,0.008531137951184426,0,0.145428247776265,0,0.009655459,0
ME_6350,ME,0,0.004527969919578178,0,0.1876974790924588,0,0.0062227133,0
ME_6351,ME,0,7.963987834149108e-05,0,0.10108483396814386,0,0.0013705472,0
ME_6352,ME,0,0.002262870550530385,0,0.17126627640338696,0,0.025591556,0
ME_6355,ME,0,6.397021970485179e-06,0,0.0007183471218719337,0,0.0007016677,0
ME_6357,ME,0,0.0005752464401364798,0,0.021131490804530636,0,0.0003017474,0
ME_6362,ME,0,1.658111057011948e-07,0,0.005818078545870211,0,0.0005912627,0
ME_6363,ME,0,2.1519956056937386e-05,0,0.0009269018192379523,0,0.0006908722,0
ME_6366,ME,0,7.621412653174333e-05,0,0.00038225677812882915,0,0.0006799074,0
ME_6368,ME,0,6.903297330942355e-05,0,0.0029129259887580353,0,0.0002768428,0
ME_6369,ME,0,1.3293472034238834e-05,0,0.0018557024182702558,0,0.0001255302,0
ME_6370,ME,0,5.634804304193525e-08,0,0.018874968304619148,0,0.00014730277,0
ME_6371,ME,0,2.9665551351640065e-05,0,0.004889686814945576,0,0.00040432345,0
ME_6372,ME,0,9.090361761899154e-07,0,0.009616602683127426,0,0.00012477479,0
ME_6373,ME,0,9.001172353917077e-05,0,0.0058300211700573375,0,0.00017196445,0
ME_6374,ME,0,6.788176206668857e-05,0,0.02798824407156907,0,0.0007255784,0
ME_6375,ME,0,1.3021749027774371e-06,0,0.0021377837197367956,0,0.000105962434,0
ME_6379,ME,0,0.00016474281384580396,0,0.2595145729889797,0,0.012212705,0
ME_6382,ME,0,2.2349949901850055e-05,0,0.0003478305601681204,0,0.0006009595,0
ME_6383,ME,0,1.4551890329835045e-07,0,0.007372353339634408,0,0.00015400833,0
ME_6384,ME,0,1.2879955396542768e-05,0,0.028403996301246792,0,0.00017034181,0
ME_6385,ME,0,4.559615183492209e-05,0,0.004408217354400231,0,0.00022389658,0
ME_6388,ME,0,2.8943790337060343e-07,0,0.004129309721246505,0,0.00010793607,0
ME_6389,ME,1,0.999955263916004,1,0.9011204523794586,1,0.99751127,1
ME_6399,ME,0,1.6571098809917911e-06,0,0.01302499822445056,0,0.00016544393,0
ME_6400,ME,0,2.6999072518442902e-08,0,0.0035651108396517915,0,0.00016285841,0
ME_6406,ME,0,2.4700531909953685e-07,0,0.014429241503976318,0,0.00010356692,0
ME_6407,ME,0,3.1534453479259737e-07,0,0.03394339341193417,0,0.0004161363,0
ME_6408,ME,0,6.922138650752556e-08,0,0.0019473556378591073,0,0.00020706173,0
ME_6411,ME,0,2.901031363385819e-05,0,0.038498406495388826,0,0.0007299574,0
ME_6412,ME,0,2.969711536939908e-05,0,0.038498406495388826,0,0.0007653244,0
ME_6421,ME,0,1.4576788143874155e-05,0,0.030500965087846617,0,0.00015501592,0
ME_6422,ME,0,2.3261998070346354e-05,0,0.013678380260459507,0,0.0002147249,0
ME_6423,ME,0,1.8611976001605273e-07,0,0.006730711058066051,0,0.00015067082,0
ME_6424,ME,0,4.93688159945432e-06,0,0.00469429791760353,0,0.00010454338,0
ME_6425,ME,0,4.712847197489409e-06,0,0.05542000211082625,0,0.0012011708,0
ME_6427,ME,0,1.2048056864297362e-06,0,0.06685667248681672,0,0.00018626997,0
ME_6430,ME,0,0.005584207428545135,0,0.07669220389238031,0,0.0058236467,0
ME_6435,ME,0,0.00017921263361486765,0,0.020426642403603663,0,0.00074531237,0
ME_6436,ME,0,7.650035957289256e-06,0,0.00042280368996286974,0,0.0003206747,0
ME_6440,ME,0,0.0005721264965116308,0,0.020365834963099214,0,0.0002474189,0
ME_6441,ME,0,2.828345561023395e-07,0,0.00935989944247532,0,6.964267e-05,0
ME_6442,ME,0,1.5357632755460284e-08,0,0.002920572165854158,0,5.0956896e-05,0
ME_6443,ME,0,2.8274658318194513e-06,0,0.014473497264731803,0,0.00032815037,0
ME_6444,ME,0,3.041470998564215e-07,0,0.009082728710350133,0,0.00027485794,0
ME_6445,ME,0,0.00011133277071825385,0,0.011430043083918724,0,0.0003405131,0
ME_6446,ME,0,0.0008286863875983463,0,0.005441585145681301,0,7.7972756e-05,0
ME_6447,ME,0,5.025049255042574e-06,0,0.00025273081765095687,0,4.992729e-05,0
ME_6448,ME,0,3.92441805460086e-05,0,0.003928713868667987,0,0.0002736001,0
ME_6449,ME,0,1.0525971784012842e-06,0,0.01707270755830301,0,0.0003475359,0
ME_6450,ME,0,6.985809060033398e-08,0,0.0042846645696444806,0,9.0490095e-05,0
ME_6451,ME,0,8.725384013325367e-07,0,0.006003681612125717,0,0.0003088553,0
ME_6452,ME,0,1.3998532438459145e-07,0,0.014245765195298639,0,0.0002676619,0
ME_6454,ME,0,1.4149003799356322e-07,0,0.005448686104925167,0,0.00020861298,0
ME_6467,ME,0,2.4748266451583312e-05,0,0.0004066576489897257,0,0.0003056,0
ME_6473,ME,0,0.015552768011957308,0,0.1680685468309433,0,0.022135692,0
ME_6478,ME,0,2.6854248506057875e-05,0,0.0004066576489897257,0,0.0002502347,0
ME_6487,ME,0,3.50897344770309e-05,0,0.0019551362654924263,0,0.0006038535,0
ME_6489,ME,0,0.0004842973637440469,0,0.0741603904844727,0,0.0027491434,0
ME_6493,ME,0,3.544350739104591e-06,0,0.03767468805169048,0,0.00027279288,0
ME_6494,ME,0,0.0006750063129212146,0,0.0585647025832237,0,0.0011473672,0
ME_6495,ME,0,2.9505676792063037e-06,0,0.036057215022277496,0,7.345084e-05,0
ME_6496,ME,0,1.8687879799413902e-06,0,0.007923661301748992,0,5.701085e-05,0
ME_6497,ME,0,4.192959363129401e-06,0,0.010819119841881948,0,6.1674946e-05,0
ME_6498,ME,0,0.000645825753083438,0,0.027012428518254503,0,0.002198534,0
ME_6499,ME,1,0.989210829617833,1,0.9165877157210867,1,0.99725515,1
ME_6531,ME,0,3.4098797765100515e-06,0,0.027710342258073783,0,9.273329e-05,0
ME_6532,ME,0,0.004054284011257649,0,0.019398521358422113,0,0.00037028774,0
ME_6533,ME,0,0.00843799820736568,0,0.010632100691275619,0,0.0007983449,0
ME_6534,ME,0,0.4298955737719612,0,0.03896942316504208,0,0.0030149752,0
ME_6535,ME,0,0.32101650810255655,0,0.03612805088967555,0,0.0040851394,0
ME_6536,ME,0,0.38424592146551173,0,0.01764594271979244,0,0.005342924,0
ME_6537,ME,0,0.38017808872322784,0,0.046791818615830254,0,0.009689433,0
ME_6538,ME,0,0.2995653564638842,0,0.009053436601433214,0,0.0016041832,0
ME_6539,ME,0,0.2873811453905117,0,0.009142088529490607,0,0.0030609146,0
ME_6540,ME,0,0.0035357799274692197,0,0.010414496904845907,0,0.0007721952,0
ME_6541,ME,0,0.04023454747230084,0,0.011231908666306654,0,0.0022431742,0
ME_6549,ME,0,0.00030836373256606686,0,0.0004425428164538405,0,0.00036229222,0
ME_6555,ME,0,0.005513227006076458,0,0.13357811544537998,0,0.0024087261,0
ME_6556,ME,0,0.007564203137992964,0,0.02064604791420243,0,0.0004962755,0
ME_6557,ME,1,0.6038070414856794,0,0.3080762296542677,0,0.14090312,0
ME_6571,ME,0,0.0001261413098820378,0,0.0018641114439048208,0,0.00012226269,0
ME_00000000000S001,ME,0,3.12034214524086e-05,0,0.06449882198541408,0,0.011787004,0
ME_00000000000S501,ME,0,2.477199577736308e-06,0,0.018634235763980624,0,9.813767e-05,0
ME_00000000000S551,ME,0,0.0008150980992612987,0,0.3308566019400037,0,0.012499307,0
ME_00000000000S554,ME,1,0.9999999956230983,1,0.9620216369501395,1,0.99873596,0
ME_00000000000S555,ME,0,0.0011516749871030112,0,0.14758188131151995,0,0.0027719515,0
ME_000053530-00011,ME,0,9.758706071685786e-06,0,0.006861130631893759,0,0.0021644023,0
ME_000053530-00264,ME,0,7.087277615509734e-06,0,0.006637172073413088,0,0.000505894,0
ME_000053530-TMP06,ME,0,4.9991288067298065e-08,0,0.0007888137925225775,0,0.0002230207,0
ME_000053530-TMP07,ME,0,5.049504035539963e-08,0,0.0007888137925225775,0,0.0003348674,0
ME_0000S50015B0557,ME,0,0.011188396384633294,0,0.14418294615812152,0,0.007986661,0
ME_0000S50018B0012,ME,0,0.004003598092148858,0,0.07282760615900961,0,0.00321315,0
ME_0000S50018B0013,ME,0,0.029564815149206093,0,0.1390550264413498,0,0.010561032,1
ME_0000S50018B0021,ME,1,0.9999671776385494,1,0.9519211838078394,1,0.99703896,1
ME_0000S50018B0031,ME,0,0.0002840143835019957,0,0.19011824496909857,0,0.06690244,0
ME_0000S50018B0032,ME,0,4.1921684363048675e-07,0,0.07447085309078773,0,0.0071706534,0
ME_0000S50018B0033,ME,0,0.00316159727496221,0,0.08905647120368995,0,0.024511665,0
ME_0000S50018B0034,ME,0,4.6533827379753694e-07,0,0.03404427785511964,0,0.002647219,0
ME_0000S50018B0035,ME,0,0.0002633696236079122,0,0.07963050463339977,0,0.032780457,0
ME_0000S50018B0041,ME,1,0.9039401315961291,0,0.3736354676048178,0,0.27305478,0
ME_0000S50018B0051,ME,0,0.007775729015547991,0,0.10696932880924725,0,0.007913754,1
ME_0000S50018B0061,ME,1,0.9999375905074147,1,0.9414654986698013,1,0.99878436,1
ME_092203000001030,ME,0,3.015826689309446e-12,0,0.06563175007532619,0,0.0061392295,0
ME_092203000001039,ME,0,3.1953270989869423e-12,0,0.06893757241273724,0,0.007438561,0
ME_092203000001040,ME,0,2.5743613587948048e-11,0,0.09168867177498059,0,0.0055583897,0
ME_092203000001041,ME,0,1.0670527391354606e-09,0,0.12334284728183588,0,0.03443549,0
ME_1700001P0000000,ME,0,0.001329734052938304,0,0.03581658676277747,0,0.0004799526,0
ME_1700003P0000000,ME,0,5.686941658008309e-05,0,0.07814318717913672,0,0.00013264014,0
ME_1700004P0000000,ME,0,6.551874184915294e-05,0,0.11502703006146288,0,0.00032302295,0
ME_1700006P0000000,ME,0,0.17060311570067835,0,0.22038646590621264,0,0.005299987,0
ME_1700010P0000000,ME,0,2.4137148017702383e-05,0,0.0447402244200217,0,0.0005206587,0
ME_1700012P0000000,ME,0,0.0024889060147633216,0,0.03747707462945145,0,0.00091471,0
ME_1700018P0000000,ME,0,2.510699518303651e-05,0,0.030733958004249502,0,0.0006380268,0
ME_1700019P0000000,ME,0,0.00011739231193919301,0,0.14325970262534835,0,0.0018448734,0
ME_1700020P0000000,ME,0,1.6761228802476073e-06,0,0.0068772186530594555,0,0.00040614698,0
ME_1700025P0000000,ME,0,0.0023028207115644277,0,0.03764037937625986,0,0.00076142454,0
ME_1700033P0000000,ME,0,1.0589704711109564e-05,0,0.013558024126617652,0,0.0005592696,0
ME_1700041P0000000,ME,0,0.00012424541657695323,0,0.004564412259041275,0,0.0006160693,0
ME_2195002P0000000,ME,0,4.455411534568629e-05,0,0.014766814357155954,0,0.00012639706,0
ME_242300000013203,ME,0,2.304966330211312e-14,0,0.06137743040763617,0,0.005835663,0
HI_1HI0076,HI,0,0.0025085396953018015,0,0.1474937262661845,0,0.0020576927,0
HI_1HI0098,HI,0,6.354139724877437e-05,0,0.050574463171046635,0,7.7368306e-05,0
HI_1HI0320,HI,0,0.0003571497314791186,0,0.02418105323963064,0,0.00060843275,0
HI_1HI1464,HI,0,0.003301242142009137,0,0.03329957720485348,0,0.0012171257,0
HI_2HI1541,HI,0,2.948377923695718e-05,0,0.006444099527723431,0,0.00064917083,0
HI_2HI1552,HI,0,8.441428466721352e-05,0,0.017253771093429803,0,0.0007751679,0
HI_1HI85100,HI,0,0.006704860783503106,0,0.014143919821536993,0,0.002677548,0
HI_1HI85110,HI,0,0.04490327818027744,0,0.13792632404480012,0,0.003323042,0
HI_1HI85112,HI,0,0.03358225050210721,0,0.04164978652160567,0,0.0005519455,0
HI_1HI85117,HI,0,3.7055821968483326e-05,0,0.0008355553043265759,0,0.00016936328,0
HI_1HI85118,HI,0,0.0028366623425494977,0,0.021471637816310542,0,0.0019336645,0
HI_1HI85119,HI,0,0.01742932039685273,0,0.034675735710036966,0,0.0031867947,0
HI_001000110300011,HI,0,6.965192434892313e-05,0,0.008855870322128749,0,0.00049632986,0
HI_001000110300056,HI,0,0.0019404230783946995,0,0.005782387221913823,0,0.00048084854,0
HI_001000110300059,HI,0,0.0019920375278149986,0,0.006129952567500663,0,0.00047136238,0
HI_001000110300169,HI,0,2.054022688960461e-05,0,0.0049296501389065415,0,0.00014066738,0
HI_001000110300242,HI,0,0.00183651528791126,0,0.006973386235257779,0,0.00040670007,0
HI_001000110300285,HI,0,0.0005075609237196839,0,0.006973386235257779,0,0.0003985281,0
HI_001000110300286,HI,0,0.002901650719949287,0,0.00960710950636194,0,0.0004456003,0
HI_001000110306199,HI,0,2.8936718756395678e-05,0,0.048862855507786344,0,0.0005967234,0
HI_001000110306490,HI,0,3.746855218524774e-08,0,0.005669516411690015,0,0.00023196051,0
HI_001000110306601,HI,0,3.0629128570906002e-06,0,0.008539665764000361,0,0.0003260669,0
HI_001000110306805,HI,0,0.00038750321868073,0,0.13348346390603025,0,0.0011395502,0
HI_001000110306913,HI,0,4.08335851567472e-07,0,0.05175183280595482,0,0.00065754616,0
HI_001000110306986,HI,0,0.0006456029103455373,0,0.1215982688116249,0,0.0024590036,0
HI_001000110306996,HI,0,0.0006299263124894802,0,0.12394409571884303,0,0.0015671238,0
HI_001000110307126,HI,0,4.440154907693308e-05,0,0.021312646092607322,0,0.00053008314,0
HI_001000110307223,HI,0,9.809776764472627e-06,0,0.013497050706690519,0,0.00028959318,0
HI_001000110307277,HI,0,1.6358729605781702e-07,0,0.01463603919331771,0,0.00038383974,0
HI_001000110307307,HI,0,1.635820921922865e-05,0,0.031023525815970718,0,0.00039000186,0
HI_001000110307348,HI,0,6.098019985878976e-06,0,0.010597856523562182,0,0.0002816329,0
HI_001000110307485,HI,0,0.00011808331707050572,0,0.003094973405047146,0,0.0010556963,0
HI_001000110307506,HI,0,0.00019720317979843345,0,0.004490782931281905,0,0.0014428941,0
HI_001000110310346,HI,0,6.090917013157611e-05,0,0.004101136608127575,0,0.0008168911,0
HI_001000110310410,HI,0,7.798333126934768e-06,0,0.002790659561842135,0,0.00046595465,0
HI_001000110310424,HI,0,2.6595758207868443e-06,0,0.002790659561842135,0,0.00030790947,0
HI_001000110411925,HI,0,5.163028006354064e-05,0,0.040741573092507796,0,0.00061386905,0
HI_001000190300831,HI,0,2.2893229457309137e-05,0,0.003261452617662458,0,0.0001524017,0
HI_001000190301371,HI,0,3.7929977309116415e-05,0,0.003261452617662458,0,0.00014468693,0
HI_001000190301550,HI,0,3.7929977309116415e-05,0,0.003261452617662458,0,0.00014468693,0
HI_001000190301572,HI,0,2.2359469455982667e-05,0,0.003261452617662458,0,0.00014000165,0
HI_001000190301682,HI,0,3.8783597589360135e-05,0,0.003261452617662458,0,0.00016071308,0
HI_001000190302111,HI,0,3.88386159434349e-05,0,0.003261452617662458,0,0.00014873478,0
HI_001000190302173,HI,0,3.966863867898601e-05,0,0.003261452617662458,0,0.00016133199,0
HI_001000190302653,HI,0,3.2612686737782714e-05,0,0.003261452617662458,0,0.0002736833,0
HI_001000190302754,HI,0,3.259059003759528e-05,0,0.003261452617662458,0,0.00025824909,0
HI_001000190302795,HI,0,3.2462507685980205e-05,0,0.003261452617662458,0,0.00022254065,0
HI_001000190302911,HI,0,1.0453784383640232e-05,0,0.0023678783204737026,0,0.00023939727,0
HI_001000190305585,HI,0,0.003122326275684685,0,0.15796880719625497,0,0.022037063,0
HI_001000190305755,HI,0,0.0002456354639972737,0,0.058733980745501374,0,0.0026168497,0
HI_001000190305863,HI,0,9.773889653651107e-06,0,0.0374980865361942,0,0.0006290487,0
HI_001000190306021,HI,0,4.08069722287883e-06,0,0.03976450005651762,0,0.0003730358,0
HI_001000190306165,HI,0,1.844655058249832e-05,0,0.04110661927692043,0,0.0003447927,0
HI_001000190306280,HI,0,4.560497486440827e-06,0,0.04863930523241124,0,0.0004782398,0
HI_001000190306382,HI,0,4.202055179872136e-07,0,0.0055079345467650784,0,0.000104706,0
HI_001000190306429,HI,0,0.01936696205408173,0,0.012706938681067037,0,0.0003627311,0
HI_001000190306458,HI,0,0.00036895898132241446,0,0.08114583485634878,0,0.0007224669,0
HI_001000190306496,HI,0,0.00030588846783400486,0,0.007873697744075526,0,0.00011002461,0
HI_001000190306514,HI,0,2.7048708942327426e-05,0,0.0028574976736904464,0,0.00012762804,0
HI_001000190306590,HI,0,0.00023950628376405932,0,0.1979158782823241,0,0.0013312801,0
HI_001000190306612,HI,0,0.00023723897818559561,0,0.07757171837940094,0,0.0015271106,0
HI_001000190306656,HI,0,5.563156214776789e-05,0,0.08107843644417323,0,0.0010232598,0
HI_001000190306695,HI,0,0.005091360047270168,0,0.09782281594544867,0,0.0031163162,0
HI_001000190306757,HI,0,0.0005130487394220182,0,0.013178085809046522,0,0.00036785915,0
HI_001000190306865,HI,0,4.437169121919485e-05,0,0.0799725099144856,0,0.00069667137,0
HI_001000190306876,HI,0,0.002811552881693,0,0.1493724495474937,0,0.002824428,0
HI_001000190306882,HI,0,0.00013225645335306755,0,0.008512974785971787,0,0.00011583636,0
HI_001000190306944,HI,0,0.0022541913846429473,0,0.05999347490121463,0,0.002118413,0
HI_001000190307387,HI,0,2.391716782286151e-05,0,0.07436948214541227,0,0.0005612318,0
HI_001000190307457,HI,0,1.8445341887357926e-05,0,0.06345501124066436,0,0.00065566227,0
HI_001000190307474,HI,0,0.0004234166713641332,0,0.15019233009400657,0,0.0009388215,0
HI_001000190307519,HI,0,4.5297651524701435e-05,0,0.052892702570251415,0,0.00052497175,0
HI_001000190307555,HI,0,2.5844493314894616e-05,0,0.06470467039749266,0,0.00040159147,0
HI_001000190307585,HI,0,1.6278026747513217e-05,0,0.05800081192552367,0,0.00034500824,0
HI_001000190307644,HI,0,0.00012840204622245748,0,0.08254515125575618,0,0.0005695821,0
HI_001000190307673,HI,0,0.00021508185415290248,0,0.10372558036958629,0,0.001018499,0
HI_001000190307799,HI,0,0.00034171509754536635,0,0.11736813654690276,0,0.00104182,0
HI_001000190307887,HI,0,5.5431484018517674e-05,0,0.07510096273159614,0,0.0007528286,0
HI_001000190307917,HI,0,3.180054974866881e-05,0,0.07047045377819218,0,0.00026303384,0
HI_001000190307981,HI,0,6.514873331534225e-05,0,0.11652438396014264,0,0.0007500559,0
HI_001000190308012,HI,0,0.00026589830210588743,0,0.1555380575429938,0,0.0032150063,0
HI_001000190308038,HI,0,3.492886594132209e-05,0,0.07964042843757291,0,0.00047323617,0
HI_001000190308092,HI,0,0.0003580952922084806,0,0.20307066924116607,0,0.0010433303,0
HI_001000190308146,HI,0,0.0003687534674027315,0,0.2245316355570433,0,0.001401535,0
HI_001000190308189,HI,0,0.0002556322519931334,0,0.18359330048652506,0,0.0006445168,0
HI_001000190308346,HI,0,3.139152687590861e-05,0,0.07238937555581372,0,0.0006817195,0
HI_001000190308410,HI,0,0.0002910960487122915,0,0.23798582695661635,0,0.0021040386,0
HI_001000190308549,HI,0,0.001178329635985257,0,0.2570297823165819,0,0.0034010718,0
HI_001000190308619,HI,0,0.00019793443516279003,0,0.2275132830489249,0,0.00042659504,0
HI_001000190308983,HI,0,0.00011629360173353066,0,0.04604605093033914,0,0.0010398909,0
HI_001000190309043,HI,0,0.00037163608377522006,0,0.1421674638463385,0,0.00094476755,0
HI_001000190309124,HI,0,5.912762868813325e-05,0,0.04494006925807609,0,0.0003505014,0
HI_001000190309172,HI,0,0.0001007320969532178,0,0.04587623892175983,0,0.0005085063,0
HI_001000190309220,HI,0,7.162080895632322e-05,0,0.06037431326362918,0,0.00080864516,0
HI_001000190309317,HI,0,0.38103196985275867,0,0.22253835989747794,0,0.042467363,0
HI_001000190309368,HI,0,0.002050315313801199,0,0.07924030330718972,0,0.00844031,0
HI_001000190309493,HI,0,1.5694378558832203e-05,0,0.044496516446987495,0,0.001589779,0
HI_001000190409666,HI,0,1.2939743570380674e-05,0,0.06635697398448002,0,0.0009493632,0
HI_001000190409696,HI,0,0.0023976979989902025,0,0.3086883791258699,0,0.0061401,0
HI_001000190409828,HI,0,2.222545126163848e-07,0,0.026243102032926756,0,0.00043982427,0
HI_001000270300275,HI,0,2.411020751395865e-05,0,0.059251680297021325,0,0.000951586,0
HI_001000270300281,HI,0,1.0643188043403878e-06,0,0.07058198997519716,0,0.00022694143,0
HI_001000270300326,HI,0,1.8348460340889297e-05,0,0.03268965275557454,0,0.00017622398,0
HI_001001300500036,HI,0,6.552920236138715e-07,0,0.0018620862161386116,0,0.00020344734,0
HI_001001300500090,HI,0,5.830423653067865e-07,0,0.0017565055223226242,0,0.00018666202,0
HI_001001300500108,HI,0,5.850115693083891e-07,0,0.0024151400604752347,0,0.00020865856,0
HI_001001300500179,HI,0,9.67922681613737e-07,0,0.002422480055174502,0,0.000117410375,0
HI_001001300502182,HI,0,3.376722594687905e-05,0,0.022084597558168766,0,0.00035006995,0
HI_001001800700263,HI,0,0.008010038794938371,0,0.13370243744532873,0,0.0023071351,0
HI_001001800700484,HI,0,0.00026535628967655896,0,0.06036759958631557,0,0.008219144,0
HI_001001800700643,HI,0,0.0004568423298533987,0,0.016174657461186893,0,0.00047996177,0
HI_001001900502561,HI,0,0.00036906612148394013,0,0.08165689842444453,0,0.0010561604,0
HI_001001900502693,HI,0,6.022622268206828e-05,0,0.0031965420992873593,0,0.00017394256,0
HI_001001900502763,HI,0,4.864308357595964e-05,0,0.00537617960795387,0,0.00017283784,0
HI_001001900503111,HI,0,0.0007531973667032455,0,0.02367747211498383,0,0.00086944405,0
HI_001002010901164,HI,0,0.007736726418126618,0,0.05387668794083766,0,0.001646287,0
HI_001002200500040,HI,0,0.003944213098927184,0,0.05084137373927481,0,0.009702578,0
HI_001002400500044,HI,0,1.7384726301146306e-05,0,0.016061192539631505,0,0.00023920058,0
HI_001002400500111,HI,0,0.001025534973526217,0,0.015366626853300307,0,0.00091720687,0
HI_001002400500194,HI,0,2.1307595279795554e-05,0,0.02650544295200147,0,0.00038736718,0
HI_001002400500282,HI,0,1.3580313642170273e-05,0,0.012709703396950678,0,0.00031216283,0
HI_001002400500337,HI,0,0.0002076744115981731,0,0.02398970749147944,0,0.00045081682,0
HI_001002400500410,HI,0,3.122943719349918e-05,0,0.05800775207757052,0,0.0007642946,0
HI_001002400500487,HI,0,0.00020421109158471145,0,0.022329559535842553,0,0.00085961417,0
HI_001002400500691,HI,0,1.822118795220807e-05,0,0.006041209627658196,0,0.0005795156,0
HI_001002400500733,HI,0,1.7437735944303084e-05,0,0.004530253615763163,0,0.0004984242,0
HI_001002400500771,HI,0,1.0165950725953555e-05,0,0.027326518197939548,0,0.00033723368,0
HI_001002400500949,HI,0,5.747076035618099e-06,0,0.0029934967713132403,0,0.00016440806,0
HI_001002500500053,HI,0,0.004441754085004614,0,0.04544744338156507,0,0.000912622,0
HI_001002500500844,HI,0,8.125452985062826e-05,0,0.06495850593546673,0,0.00078902236,0
HI_001002500500937,HI,0,5.127864463023629e-05,0,0.09951496437794419,0,0.00071437005,0
HI_001002700500114,HI,0,3.691714351677702e-05,0,0.04321843060438813,0,0.00048581552,0
HI_001002700500304,HI,0,3.0774454461655225e-05,0,0.003924193009702558,0,0.0003298312,0
HI_001002700500655,HI,0,3.9157739768220895e-05,0,0.0009961483289077978,0,0.0005182743,0
HI_001002700500915,HI,0,3.560170932546392e-05,0,0.0008429020890234914,0,0.00037991896,0
HI_001002700501199,HI,0,0.00027730699660301594,0,0.0009326575826787064,0,0.0007769454,0
HI_001002700502153,HI,0,1.1147375497566356e-05,0,0.0009836454730547423,0,0.00013390153,0
HI_001002700502266,HI,0,0.0021556632334633116,0,0.1487955394039436,0,0.0013586637,0
HI_001002700502318,HI,0,0.0024244265670535226,0,0.06645009076434631,0,0.0025124492,0
HI_001002700502386,HI,0,0.004630090020828312,0,0.08462319998191548,0,0.004730432,0
HI_001002700502390,HI,0,0.007552962266403195,0,0.09235521653289241,0,0.0063320627,0
HI_001019201400050,HI,0,8.824457362390752e-06,0,0.0028362480798150556,0,8.4366264e-05,0
HI_001019201400100,HI,0,7.310644384778536e-06,0,0.027012848048501126,0,0.00018556426,0
HI_001019201400370,HI,0,0.0002116521179328192,0,0.014022762595930759,0,0.00033682835,0
HI_001019201400400,HI,0,0.009786864576646058,0,0.18491009100645855,0,0.0012506655,0
HI_001019301400040,HI,0,5.537041440867714e-06,0,0.002706155744825044,0,0.00014073956,0
HI_001019301400110,HI,0,0.0002217334433953803,0,0.0128373990764155,0,0.0004066838,0
HI_001019401400050,HI,0,0.0001522674154802674,0,0.002912989610880957,0,0.00018097735,0
HI_001019401400180,HI,0,1.9299763022676814e-07,0,0.030752757418843816,0,0.00036746953,0
HI_001020001400006,HI,0,0.0003289387810308424,0,0.0038128820208175704,0,0.0006155892,0
HI_001020001400450,HI,0,0.0006906170739098234,0,0.03517791654426886,0,0.0045517106,0
HI_001027201400020,HI,0,0.02870529039221317,0,0.0691275971509642,0,0.0250648,0
HI_001180001100001,HI,0,0.00033259282969998124,0,0.07838573027732704,0,0.0011921461,0
HI_001180001100003,HI,0,2.619565643799668e-05,0,0.09903358379612735,0,0.00081378134,0
HI_001180001100004,HI,0,2.2745815950946342e-05,0,0.06608084459879358,0,0.00082343235,0
HI_001220001100002,HI,0,3.716448310676502e-05,0,0.09004399025510944,0,0.00042813437,0
HI_001220001100005,HI,0,1.9994359763790573e-06,0,0.014713667610339603,0,0.00013358143,0
HI_001220001100006,HI,0,6.776359289046997e-07,0,0.009597378371620563,0,0.000110390945,0
HI_001230001100001,HI,0,0.0009972333550081589,0,0.11428891643403762,0,0.0024779013,0
HI_001230001100002,HI,0,7.131039698040109e-05,0,0.04443536822437011,0,0.004097825,0
HI_001230001100003,HI,0,0.000273211299581321,0,0.1267792321714034,0,0.0012081399,0
HI_001230001100006,HI,0,6.17048094854319e-05,0,0.012216471686219244,0,0.00014795778,0
HI_001230001100007,HI,0,6.802952097257042e-05,0,0.012367830475348934,0,0.00015466733,0
HI_001230001100008,HI,0,3.369702027830885e-06,0,0.0008045977011494252,0,0.00014325618,0
HI_001240001100001,HI,0,0.0003902764133607808,0,0.1448618265977616,0,0.0019194301,0
HI_001240001100002,HI,0,1.7461145493416654e-09,0,0.02757387025190131,0,0.00011079326,0
HI_001240001100003,HI,0,0.013474992684168163,0,0.14704403080212483,0,0.0021740154,0
HI_001240001100004,HI,0,0.000180689608931278,0,0.005512533175288025,0,0.00030526394,0
HI_001240001100005,HI,0,0.00018883241581106198,0,0.0018761417986824973,0,0.00031142475,0
HI_001240001100007,HI,0,6.621094822535169e-08,0,0.004896869358905228,0,9.28253e-05,0
HI_001240021100008,HI,0,7.31899359403188e-12,0,0.0048466163512069305,0,5.426726e-05,0
HI_001240021100009,HI,0,0.00040999005280909954,0,0.03618806451586025,0,0.0018506064,0
HI_001250001100001,HI,0,4.761131649875569e-06,0,0.033886707102919286,0,0.0005649972,0
HI_001250001100002,HI,0,0.002534493465465007,0,0.14108524077956094,0,0.0016177817,0
HI_001250001100003,HI,0,0.0026514191319196288,0,0.03741131028997615,0,0.0013266918,0
HI_001260001100001,HI,0,5.2957739914623035e-05,0,0.048170086730916696,0,0.0075046155,0
HI_001260001100002,HI,0,0.00020795760320947346,0,0.04157519247469614,0,0.013256294,0
HI_001260001100003,HI,0,0.004354443293591074,0,0.17977273615094996,0,0.004771392,0
HI_001260001100004,HI,0,0.0030075730206716813,0,0.10412490557343383,0,0.0056489296,0
HI_001260001100005,HI,0,0.0007697025915801417,0,0.12840785607021174,0,0.001391482,0
HI_001260001100006,HI,0,0.09088259343040421,0,0.16425838662988854,0,0.0044739856,0
HI_001260001100007,HI,0,0.00130023131528699,0,0.1335917294316703,0,0.0050174543,0
HI_001270001100001,HI,0,0.025276674858090667,0,0.14108253182206237,0,0.002169956,0
HI_001270001100002,HI,0,0.05887743255105571,0,0.06124962222324096,0,0.0077651865,0
HI_001270001100003,HI,0,0.00015310897091657858,0,0.15603267825750664,0,0.00059577747,0
HI_001270001100004,HI,0,6.302535761034223e-05,0,0.12038193894023,0,0.00047766897,0
HI_001270001100005,HI,0,0.0035540894218235174,0,0.10967104837127065,0,0.0017204628,0
HI_001270001100006,HI,0,0.00010262429413363405,0,0.11334649384342285,0,0.0010940525,0
HI_001270001100007,HI,0,0.0026631172222736253,0,0.15862984914621797,0,0.0035393639,0
HI_001270001100008,HI,0,0.0733509586984353,0,0.04477783093479897,0,0.0046033342,0
HI_001280001100002,HI,0,3.493327159348179e-06,0,0.041569808411744735,0,0.00080882513,0
HI_001280001100003,HI,0,0.0005010276204129012,0,0.07123965070856533,0,0.00062605395,0
HI_001290001100002,HI,0,9.038210427876911e-05,0,0.06365114312091957,0,0.00044762273,0
HI_001310001100001,HI,0,6.762006292556446e-05,0,0.11270700102696933,0,0.00050923025,0
HI_001310001100002,HI,0,0.015563852213460296,0,0.18551094169344134,0,0.004684565,0
HI_001320001100001,HI,0,0.0017655079909646364,0,0.14956699281235306,0,0.0008253759,0
HI_001320001100002,HI,0,0.0002659558555561794,0,0.12421142016140344,0,0.0029559964,0
HI_001320001100003,HI,0,0.0003016499525562475,0,0.1623745041609299,0,0.0068521546,0
HI_001350001100001,HI,0,0.27261560692571574,0,0.4121283090196304,0,0.01770675,0
HI_001360001100002,HI,0,1.8562076735728832e-06,0,0.09393553812761453,0,0.00051401654,0
HI_001410001100001,HI,0,0.0004032629859236448,0,0.19137947132844602,0,0.0019521762,0
HI_001410001100002,HI,0,6.63905988561702e-06,0,0.013571414582174347,0,0.00028396404,0
HI_001420001100002,HI,0,0.009865953579443056,0,0.23836180914693397,0,0.018006004,0
HI_001430001100001,HI,0,0.02872555014115179,0,0.12388645219697732,0,0.001146941,0
HI_001430001100003,HI,0,8.131782030219093e-06,0,0.0207859059991059,0,0.00032930681,0
HI_001430001100004,HI,0,6.1319963018737475e-06,0,0.019163426695989725,0,0.000117380594,0
HI_001430001100005,HI,0,0.00011539883193321464,0,0.18926311376590904,0,0.0003716415,0
HI_001430001100006,HI,0,9.868086774528189e-05,0,0.14351755246286582,0,0.002009551,0
HI_001430001100007,HI,0,0.0005154556424272437,0,0.09446532775059471,0,0.0025034,0
HI_001430001100008,HI,0,3.69485527015694e-05,0,0.02772401325564183,0,0.0007306618,0
HI_001430001100009,HI,0,4.603727742146047e-05,0,0.05599216842657106,0,0.00079985417,0
HI_001440001100004,HI,0,0.0001216958993175899,0,0.1476435408542235,0,0.0018558954,0
HI_001440001100006,HI,0,2.2227786291109682e-05,0,0.111249439206101,0,0.0007354684,0
HI_001440001100007,HI,0,0.0043252555895194125,0,0.09148207812993962,0,0.0035620148,0
HI_001440001100008,HI,0,2.7948836208861948e-05,0,0.1681003194042197,0,0.0006304153,0
HI_001440001100009,HI,0,0.0003420399960676405,0,0.12831584071185764,0,0.0051196325,0
HI_001440001100010,HI,1,0.6632306200956063,0,0.30522169473132754,0,0.025923338,0
HI_001460001100001,HI,0,0.29837659536456757,0,0.17911625398892092,0,0.009553415,0
HI_001460001100002,HI,0,0.00920862545259859,0,0.14856276566108884,0,0.008304909,0
HI_001460001100003,HI,0,5.420159375974601e-05,0,0.03723818367763568,0,0.00041794282,0
HI_001460001100004,HI,0,0.001682186844544733,0,0.04678354387569614,0,0.0038231995,0
HI_001460001100005,HI,0,2.1541274516061288e-07,0,0.03469773349559998,0,0.0006936478,0
HI_001460001100006,HI,0,0.000679324109354539,0,0.021781291707723197,0,0.00021021915,0
HI_001460001100008,HI,0,9.109204010028159e-05,0,0.09493436073818348,0,0.00046334873,0
HI_001470001100001,HI,0,0.03777057049287785,0,0.1868614233896089,0,0.01110317,0
HI_001470001100002,HI,0,0.00031076151286530036,0,0.13946574327346914,0,0.0014972683,0
HI_001470001100003,HI,0,0.00433698326438588,0,0.09591732528786079,0,0.0040252684,0
HI_001480001100001,HI,0,0.0011417851202730062,0,0.014223186887924184,0,0.00041341461,0
HI_001480001100002,HI,0,0.00015210363108499026,0,0.04349883653978024,0,0.0009963888,0
HI_001570001100001,HI,0,2.054671991770411e-05,0,0.006395241754054388,0,0.0010113713,0
HI_001650001100001,HI,0,5.566571233370314e-05,0,0.034804246604718064,0,9.664841e-05,0
HI_001680001100001,HI,0,1.2174885668877697e-05,0,0.011992592554357166,0,0.00013435428,0
HI_001680001100002,HI,0,0.0007048136886271821,0,0.012931847804467923,0,0.00020880981,0
HI_001680001100003,HI,0,0.00037121591148880743,0,0.009893038504086682,0,0.00017770955,0
HI_001750001100003,HI,0,1.228491729980054e-07,0,0.0014352865694345735,0,0.00012140682,0
HI_001750001100005,HI,0,5.153991527454845e-05,0,0.027866670547238778,0,0.00044441127,0
HI_001750001100006,HI,0,5.0861391815113286e-05,0,0.031319844306258025,0,0.0005521741,0
HI_001950001100003,HI,0,0.00010399773937971777,0,0.06802018408319419,0,0.0008819321,0
HI_001960001100001,HI,0,0.00015070369567222482,0,0.0739155943315279,0,0.00051643274,0
HI_001960001100004,HI,0,1.3334951040366502e-08,0,0.009007822706067335,0,0.000263343,0
HI_001UHILO1900085,HI,0,1.0658533480485037e-07,0,0.00810394333743865,0,4.591805e-05,0
HI_003000000304087,HI,0,1.0865213255474969e-05,0,0.045887531489115875,0,0.0021333548,0
HI_003000000785197,HI,0,9.989691454774856e-06,0,0.041930835427806304,0,0.00018336589,0
HI_003000001023906,HI,0,6.408716102886901e-06,0,0.02875463456822258,0,0.0028777379,0
HI_003000610300591,HI,0,0.004923907781266138,0,0.034904131220512676,0,0.00027910102,0
HI_003000610300592,HI,0,0.01930180449037993,0,0.04859200686965691,0,0.0007037571,0
HI_003000610300593,HI,0,0.0017629941257799849,0,0.029255344957289767,0,0.00058345776,0
HI_003000610300613,HI,0,0.009063338835242298,0,0.01909985378508306,0,0.000543203,0
HI_003000610300615,HI,0,0.0019640630903500433,0,0.02815397044692326,0,0.0012927676,0
HI_003000610300616,HI,0,0.0008684095924197621,0,0.024509621835162677,0,0.0007911711,0
HI_003000610300619,HI,0,0.017105487452249383,0,0.020595201490740015,0,0.0004902876,0
HI_003000610300621,HI,0,0.0008772923626747763,0,0.023684346032370466,0,0.0010005049,0
HI_003000610300623,HI,0,0.0004189793915444735,0,0.02278137623787156,0,0.0013440531,0
HI_003000610300629,HI,0,0.008988135099880903,0,0.027530932998711125,0,0.0007937775,0
HI_003000610300631,HI,0,0.0007953493525430676,0,0.03186234648426675,0,0.00094201404,0
HI_003000610300632,HI,0,0.0008755777455246062,0,0.03861566126746242,0,0.0013804316,0
HI_003000610300638,HI,0,0.0008338303135900678,0,0.025696721035886157,0,0.0012506936,0
HI_003000610300640,HI,0,0.0030218320830005725,0,0.027064868177542955,0,0.00045564628,0
HI_003000610300877,HI,0,3.0430054693457095e-05,0,0.014504388473383815,0,0.0006605529,0
HI_003000610400014,HI,0,4.68789450906878e-06,0,0.01624672426166023,0,0.00054900564,0
HI_003000610400015,HI,0,4.831775724172811e-06,0,0.01624672426166023,0,0.0004710913,0
HI_003000610400019,HI,0,6.8366707918031835e-06,0,0.01733644251214646,0,0.00048452616,0
HI_003000610400044,HI,0,0.0029444603910117554,0,0.010992227035631094,0,0.004311064,0
HI_003000610400064,HI,0,0.0011281871563359152,0,0.02182559738134865,0,0.001339408,0
HI_003000610400090,HI,0,0.00604387786089225,0,0.03942532970269075,0,0.0005587925,0
HI_003000610400112,HI,0,0.00044092919726971825,0,0.015070710271223597,0,0.0012266331,0
HI_003000610400912,HI,0,3.912581143942823e-05,0,0.014478338029419835,0,0.0007737266,0
HI_003000610401060,HI,0,0.0002687141345291591,0,0.088715988402869,0,0.0028884108,0
HI_003000610401061,HI,0,0.00018143250617432688,0,0.0865540456605271,0,0.0006221828,0
HI_003000611100124,HI,0,0.0023788518291157044,0,0.03362223540927511,0,0.0006568246,0
HI_003000630400081,HI,0,0.0003719935373127834,0,0.0661201125929562,0,0.0009080721,0
HI_003000630400087,HI,0,5.51636340283273e-05,0,0.052980051960601855,0,0.00071840826,0
HI_003000630400095,HI,0,0.003699965508051494,0,0.0762600902919655,0,0.0027439843,0
HI_003000630400166,HI,0,0.0009975896451144622,0,0.016187111561641935,0,0.00044228928,0
HI_003000630400167,HI,0,1.2992897821094695e-05,0,0.016128717401057993,0,0.00016930369,0
HI_003000630400557,HI,0,1.3075577856034891e-05,0,0.0032026500591096248,0,0.0010907556,0
HI_003000631100418,HI,0,1.9456747001237374e-05,0,0.033091710840914786,0,0.00021552978,0
HI_003000640400149,HI,0,0.004081124728150829,0,0.009315802490706258,0,0.0007117348,0
HI_003000640400150,HI,0,0.019480680673907652,0,0.04483204198851246,0,0.0016824587,0
HI_003000720300574,HI,0,0.00012501526931693843,0,0.005611058425850436,0,0.00036882603,0
HI_003000720401307,HI,0,0.005279688193861473,0,0.01667448738755459,0,0.0011806368,0
HI_003000720401418,HI,0,0.004890153507184871,0,0.07234945150824212,0,0.0054335827,0
HI_003000720401504,HI,0,0.0030780457703864735,0,0.10364332433135386,0,0.0012074761,0
HI_003000720401505,HI,0,3.4289687440789524e-05,0,0.08383614917948304,0,0.00061475195,0
HI_003000720401801,HI,0,0.00174551423590013,0,0.01717091929451135,0,0.0010318884,0
HI_003000720700285,HI,0,0.0003811507917672581,0,0.1843850597399288,0,0.0037655602,0
HI_003000720700329,HI,0,3.23068889121168e-05,0,0.05463064745286206,0,0.0011506715,0
HI_003000780200147,HI,0,0.0008082016889792271,0,0.01895385904587842,0,0.0018876133,0
HI_003000780400001,HI,0,1.4610769319257346e-05,0,0.07889126487172686,0,0.0012710183,0
HI_003000780400010,HI,0,0.000416127421322423,0,0.04057990040551036,0,0.0009999807,0
HI_003000780400074,HI,0,1.218244686254613e-07,0,0.006542694616422744,0,0.00035252093,0
HI_003000780400090,HI,0,7.454265394306869e-05,0,0.020966050989589695,0,0.00045836053,0
HI_003000780400097,HI,0,0.00021749307145298548,0,0.016841061697295923,0,0.001800668,0
HI_003000780400115,HI,0,3.1524451260461494e-07,0,0.007923327142027033,0,0.0003891397,0
HI_003000780400157,HI,0,0.011861673654294046,0,0.017471507150615514,0,0.0008747356,0
HI_003000780400223,HI,0,0.020157597368566472,0,0.014931918183252782,0,0.0014601272,0
HI_003000780400277,HI,0,1.4420991071880036e-05,0,0.01335389347321363,0,0.00043047869,0
HI_003000780400278,HI,0,0.00012946082008010338,0,0.020727571436461978,0,0.00045994364,0
HI_003000780400279,HI,0,0.00025947164934089225,0,0.005404464547902509,0,0.0002877333,0
HI_003000780400359,HI,0,0.0002071521987648985,0,0.0029547274983727965,0,0.0024508762,0
HI_003000780400366,HI,0,0.00016718894007822222,0,0.00825429857947465,0,0.0023921817,0
HI_003000780400392,HI,0,6.774248933158846e-05,0,0.029809202815463138,0,0.00033592546,0
HI_003000780400393,HI,0,1.0197618309912145e-06,0,0.005560557982246969,0,0.00020875009,0
HI_003000780400394,HI,0,0.0001491418875488507,0,0.001997217057423058,0,0.00039789983,0
HI_003000780400395,HI,0,0.0003898912525398606,0,0.032765281180877306,0,0.0004970334,0
HI_003000780400397,HI,0,0.00013353030719084143,0,0.026623355338574586,0,0.0010367483,0
HI_003000780400438,HI,0,1.0177092986296134e-05,0,0.004797766189553749,0,0.0025766606,0
HI_003000780400443,HI,0,3.6189881580364695e-06,0,0.020532255078090606,0,0.0001644032,0
HI_003000781200034,HI,0,5.649872724367014e-05,0,0.03326204115291212,0,0.00058895024,0
HI_003000781200400,HI,0,1.3368760486369711e-06,0,0.024625106693912702,0,0.0002888016,0
HI_003000781200427,HI,0,0.00641808593189697,0,0.0026219294055103144,0,0.00034202661,0
HI_003000800300071,HI,0,0.05755032588347001,0,0.16548899391659874,0,0.012391386,0
HI_003000800400003,HI,0,0.0034622936616192437,0,0.008829560989556664,0,0.0014448294,0
HI_003000830300008,HI,0,4.217353309942377e-05,0,0.016943869105258642,0,0.0006201563,0
HI_003000830300036,HI,0,3.982066523072455e-05,0,0.010809046932992944,0,0.00033038258,0
HI_003000830300041,HI,0,0.01775315458381717,0,0.14190061878553378,0,0.0025848118,0
HI_003000830300043,HI,0,0.00021988194997042064,0,0.09227146267565282,0,0.0008153314,0
HI_003000830300081,HI,0,2.846795850107471e-05,0,0.005522492587058194,0,0.00033632008,0
HI_003000830300121,HI,0,3.427858933070079e-05,0,0.01376589086647547,0,0.00021541987,0
HI_003000830300168,HI,0,4.462658007994213e-05,0,0.007676574038772392,0,0.0005163815,0
HI_003000830300339,HI,0,0.00017936207816455886,0,0.07711348459336068,0,0.0009801358,0
HI_003000830300456,HI,0,2.925353693644876e-05,0,0.061514347985766736,0,0.00027056117,0
HI_003000830300573,HI,0,0.0029348137639093304,0,0.07853346605964663,0,0.001224263,0
HI_003000830300869,HI,1,0.7545210807477946,0,0.266015270810855,0,0.087675415,0
HI_003000830300939,HI,0,0.0003266835627754272,0,0.17559540122574252,0,0.0011010467,0
HI_003000830301059,HI,0,0.00011615450824795864,0,0.12568123741586118,0,0.0013721035,0
HI_003000830301141,HI,0,8.029457979140062e-09,0,0.06858716243761406,0,0.00075671583,0
HI_003000830301255,HI,0,0.00011759271841636831,0,0.2131732986495553,0,0.0011864931,0
HI_003000830301357,HI,0,2.2965105210602112e-06,0,0.03215465795300038,0,0.0008538967,0
HI_003000830301358,HI,0,2.3503285766443053e-08,0,0.032247674732372625,0,0.0003814368,0
HI_003000830301523,HI,0,3.286295379585463e-05,0,0.02013509345563216,0,0.0006819713,0
HI_003000830301534,HI,0,1.597465565415973e-05,0,0.013884414678274556,0,0.00032908397,0
HI_003000830301638,HI,0,9.464475721296785e-05,0,0.007079774186811754,0,0.000379151,0
HI_003000830301785,HI,0,0.021523377401048663,0,0.26111292378728984,0,0.102931626,0
HI_003000830301851,HI,1,0.5457340790798769,1,0.5177579582756476,0,0.060582854,0
HI_003000830301970,HI,0,0.010573173878869283,0,0.2541072819311805,0,0.0063419016,0
HI_003000830302021,HI,0,0.00034921078458234215,0,0.0036719769885374116,0,0.00031668256,0
HI_003000830302099,HI,0,0.0023989333815999632,0,0.21264408568028356,0,0.004479798,0
HI_003000830302112,HI,1,0.6805075408717653,0,0.4172153197213285,0,0.053814717,0
HI_003000830302151,HI,0,0.00015542854095964342,0,0.09695019263507228,0,0.0012634594,0
HI_003000830302169,HI,0,7.781162326799415e-05,0,0.14859518828902113,0,0.00061162416,0
HI_003000830302186,HI,0,0.009474513032280937,0,0.15471978352531818,0,0.0015361111,0
HI_003000830302196,HI,0,0.4416061046683663,0,0.418552079679161,0,0.13911086,0
HI_003000830302242,HI,0,0.008989943808313857,0,0.16355086552275716,0,0.01059261,0
HI_003000830302282,HI,1,0.9925585847015025,1,0.9277841510064858,1,0.9888061,0
HI_003000830302412,HI,1,0.6098699552965013,0,0.4850334709566496,0,0.1582152,0
HI_003000830302442,HI,0,1.1238757887369486e-07,0,0.011333933577261156,0,0.00018391499,0
HI_003000830302624,HI,0,0.00021517931335465876,0,0.012606780888027018,0,0.00022058112,0
HI_003000830302637,HI,0,0.006139800456346684,0,0.11117769127716201,0,0.028055869,0
HI_003000830302791,HI,0,0.008890394950859262,0,0.13472785074208538,0,0.0021035732,0
HI_003000830302903,HI,0,0.4688339162781106,0,0.3863714813441637,0,0.17016956,0
HI_003000830303252,HI,0,8.398923716082226e-05,0,0.08288657653483782,0,0.001335308,0
HI_003000830303377,HI,0,0.00015792636037679011,0,0.10835187994715241,0,0.00021663883,0
HI_003000830303396,HI,0,9.845351112639521e-05,0,0.043521867735781795,0,0.00031739438,0
HI_003000830303459,HI,0,0.18053820740159224,0,0.36121525397907234,0,0.05639185,0
HI_003000830303575,HI,0,0.0031614732852330344,0,0.06844137484020373,0,0.003975295,0
HI_003000830303604,HI,0,0.01453308686172464,0,0.08163033435632101,0,0.019903906,0
HI_003000830303639,HI,0,6.835452843597026e-06,0,0.11988372760272055,0,0.0008967201,0
HI_003000830303738,HI,0,1.5982051837494038e-05,0,0.014434892837921284,0,0.00043561705,0
HI_003000830303803,HI,0,0.0009130089685772507,0,0.011064829483162677,0,0.0016774645,0
HI_003000830303972,HI,0,0.0007803265518057555,0,0.005814672822627603,0,0.0006868679,0
HI_003000830304273,HI,0,2.6827417180656244e-05,0,0.03104371273472165,0,0.0011643309,0
HI_003000830304369,HI,0,1.2821706230697249e-05,0,0.009873867475840176,0,0.00127225,0
HI_003000830404094,HI,0,5.666836708652948e-06,0,0.003817155246774684,0,0.0008796708,0
HI_003000830404123,HI,0,8.080518859381782e-06,0,0.0024134060544119293,0,0.0015747382,0
HI_003000920400012,HI,0,1.3852651252068521e-05,0,0.019926410557658234,0,0.0010935873,0
HI_003000920400013,HI,0,8.793481927325385e-06,0,0.007789912833959557,0,0.00083099824,0
HI_003000920400088,HI,0,2.1644443366538843e-06,0,0.029816066528883165,0,0.00045661398,0
HI_003000920400184,HI,0,3.468774535681427e-05,0,0.03802681578815312,0,0.0052674715,0
HI_003000920400363,HI,0,7.263025758908458e-05,0,0.059457373202659425,0,0.0016468985,0
HI_003000920400480,HI,0,0.17239267988894633,0,0.14647293194326247,0,0.20410576,0
HI_003000920400481,HI,0,0.0025451917474539417,0,0.05537477281268328,0,0.004863862,0
HI_003000920400580,HI,0,0.00029122233194016437,0,0.04098515635148448,0,0.0026139165,0
HI_003000920400587,HI,0,3.812062970963932e-06,0,0.07334978252947467,0,0.0010324037,0
HI_003000920400588,HI,0,9.875763006298523e-06,0,0.13831333161230308,0,0.00086068327,0
HI_003000920400592,HI,0,0.002275978041724471,0,0.08522510436451505,0,0.0024535928,0
HI_003000920400603,HI,0,2.892527121891587e-05,0,0.08279661295276425,0,0.0013045507,0
HI_003000920400609,HI,0,0.002546347261259995,0,0.04843373876177094,0,0.0021056712,0
HI_003000920400617,HI,1,0.9388700348918444,1,0.9539809614209954,1,0.9932689,1
HI_003000920400796,HI,0,0.0001311503918839831,0,0.0008245711664758515,0,0.00080510025,0
HI_003000920400861,HI,0,8.732595455429423e-05,0,0.03107492295079072,0,0.0004083809,0
HI_003000930300071,HI,0,0.028969870212888688,0,0.06360462288363133,0,0.008935898,0
HI_003000930300083,HI,0,0.00040432052182646133,0,0.07511388507493236,0,0.0029891334,0
HI_003000930300242,HI,0,8.628497385993942e-07,0,0.004806095470437024,0,0.00017573753,0
HI_003000930300345,HI,0,2.114357942919221e-06,0,0.02687992333912644,0,0.0005256111,0
HI_003000930300346,HI,0,2.4928867817708247e-06,0,0.02663721129682271,0,0.00035832406,0
HI_003000930300420,HI,0,2.2194971940757523e-05,0,0.020029732504974782,0,0.00039072975,0
HI_003000930300481,HI,0,5.28409383816864e-06,0,0.01852504999283205,0,0.0001823607,0
HI_003000930300970,HI,0,0.010408354786489582,0,0.041853033198624226,0,0.004867623,0
HI_003000930301128,HI,0,0.0004857306646378098,0,0.05097653875252508,0,0.0012405419,0
HI_003000930301253,HI,0,1.7059870732168556e-07,0,0.006487524518489062,0,0.00012125227,0
HI_003000930301279,HI,0,0.0008723439067095917,0,0.05792238140395619,0,0.0025669644,0
HI_003000930400536,HI,0,6.403157405207782e-05,0,0.00883763760727755,0,0.00042386597,0
HI_003000930400640,HI,0,2.086796728448253e-05,0,0.30040152354102906,0,0.001851706,0
HI_003000990300562,HI,0,0.00035281165905304117,0,0.06476115368796326,0,0.0006304471,0
HI_003000990300626,HI,0,0.006072378776066234,0,0.07419601672416858,0,0.003391838,0
HI_003000990300787,HI,0,3.1349947991462397e-05,0,0.03115221930169452,0,0.0011802533,0
HI_003000990301164,HI,0,0.02167579877333286,0,0.05754086764888874,0,0.0106833605,0
HI_003000990301165,HI,0,0.001840749970439545,0,0.03715919247887296,0,0.0027364434,0
HI_003000990301447,HI,0,8.75737028700195e-05,0,0.03206071172004195,0,0.00037094296,0
HI_003000990401678,HI,0,0.043586576249509915,0,0.09070171062182315,0,0.0033935097,0
HI_003000990401679,HI,0,0.0372017300072143,0,0.07188076450401028,0,0.0035397743,0
HI_003000990401688,HI,0,0.048282834981948186,0,0.07748967647104436,0,0.014156206,0
HI_003000990401689,HI,0,0.04858624592918656,0,0.07748967647104436,0,0.014278148,0
HI_003000990401724,HI,0,0.0008331269728098374,0,0.04779238655009324,0,0.0015703697,0
HI_003000990401725,HI,0,0.0022425968012812184,0,0.02900457809201783,0,0.0014035666,0
HI_003000990401745,HI,0,0.0005155248391446781,0,0.037789395709239976,0,0.0019807713,0
HI_003000990401746,HI,0,0.001205001636039212,0,0.06146435427459963,0,0.0021975897,0
HI_003000990401802,HI,0,0.0016454571357443983,0,0.03289998097718992,0,0.0015664988,0
HI_003000990401804,HI,0,0.000775759242430784,0,0.036524374369087544,0,0.0015184452,0
HI_003000990401815,HI,0,0.0009088657836295961,0,0.030496839333575068,0,0.0008383592,0
HI_003000990401871,HI,0,7.1620297146482e-06,0,0.02863540509428227,0,0.0005202851,0
HI_003000990401872,HI,0,6.7367989945094894e-06,0,0.04317768797200183,0,0.00046458445,0
HI_003000990401986,HI,0,0.00011458257567316817,0,0.05240840113904852,0,0.0029017653,0
HI_003000990401987,HI,0,0.00015711511142821858,0,0.05702087133332688,0,0.0020582792,0
HI_003000990402053,HI,0,5.685077630730192e-05,0,0.01608705557585436,0,0.00036468843,0
HI_003000990402054,HI,0,7.727601906016119e-05,0,0.024391225434043765,0,0.00047301315,0
HI_003000990402074,HI,0,3.0311533332339136e-05,0,0.027303450884451283,0,0.0008745352,0
HI_003000990402075,HI,0,7.022316551842363e-05,0,0.014327030206958021,0,0.0006154848,0
HI_003000990402120,HI,0,0.00028579677174415827,0,0.01618809664033122,0,0.0009419992,0
HI_003000990402211,HI,0,1.8777770513381153e-05,0,0.037594805663621486,0,0.00058578944,0
HI_003000990402212,HI,0,7.270435898787532e-06,0,0.03601181696255001,0,0.00084165967,0
HI_003000990402336,HI,0,9.591528874441418e-06,0,0.019576349620412194,0,0.000581372,0
HI_003000991201785,HI,0,0.008103452097415266,0,0.05201105629615308,0,0.010308208,0
HI_003000991202143,HI,0,0.0015119974757467544,0,0.06085304433612415,0,0.013827189,0
HI_003000H10100132,HI,0,6.54390126892086e-07,0,0.02509302816443654,0,0.0020756945,0
HI_003000H10100316,HI,0,1.3638972854246793e-05,0,0.03336633205001075,0,0.0011364807,0
HI_003000H10100317,HI,0,1.3667847890569524e-05,0,0.03336633205001075,0,0.0011364807,0
HI_003000H10100319,HI,0,2.0671514122456787e-06,0,0.002182427597145276,0,0.00012908748,0
HI_003000H10100320,HI,0,2.0671514122456787e-06,0,0.002182427597145276,0,0.00012908748,0
HI_003000H10100345,HI,0,8.759273068123864e-05,0,0.020594081132587372,0,0.002295141,0
HI_003000H10100451,HI,0,0.005721791330644467,0,0.06266629495105919,0,0.0076516145,0
HI_003000H10100452,HI,0,0.0052327668305508345,0,0.03871393309877634,0,0.010169231,0
HI_003000H10100537,HI,0,0.0006307574546030979,0,0.04179717680690064,0,0.0024451378,0
HI_003000H10100538,HI,0,0.0004018605146629812,0,0.03597547735683934,0,0.0024149662,0
HI_003000H10100586,HI,0,4.4499983776522744e-05,0,0.01819358099625268,0,0.0069803055,0
HI_003000H10100604,HI,0,0.12204649215100953,0,0.041661809751856,0,0.026050659,0
HI_003000H10100605,HI,0,0.0021287948021557115,0,0.03812240143536056,0,0.002466529,0
HI_003000H10100635,HI,0,1.893583769218648e-05,0,0.031034031287405714,0,0.008955628,0
HI_003000H10100636,HI,0,5.4781082732943354e-06,0,0.021547576126459276,0,0.0047238814,0
HI_003000H10100707,HI,0,0.007092826629168524,0,0.029722565007498723,0,0.006220234,0
HI_003000H10100708,HI,0,0.007092826629168524,0,0.029722565007498723,0,0.006220234,0
HI_003000H10100775,HI,0,3.251221489910474e-06,0,0.017021285623945285,0,0.00096904725,0
HI_003000H10100776,HI,0,0.00020083617683616382,0,0.019367654509921013,0,0.0026309984,0
HI_003000H10200024,HI,0,7.756278087192683e-06,0,0.005135699851295876,0,0.000661293,0
HI_003000H10200832,HI,0,1.8725254227847815e-06,0,0.002769772859082545,0,0.00014153682,0
HI_003000H10200854,HI,0,1.3063617669723725e-06,0,0.011210739093356476,0,0.00031670794,0
HI_003000H10200865,HI,0,5.207559131995793e-05,0,0.004083288562871912,0,0.0005488184,0
HI_003000H10200922,HI,0,0.10109206823318276,0,0.04126787650976879,0,0.013487282,0
HI_003000H10201059,HI,0,2.094546746836331e-05,0,0.03050432587009315,0,0.0039350465,0
HI_003000H10201116,HI,0,6.229833662524615e-07,0,0.007597072682663404,0,0.00064684596,0
HI_003000H10201125,HI,0,0.015874973555094804,0,0.03592799941545662,0,0.0160343,0
HI_003000H10201231,HI,0,9.445434659090214e-07,0,0.009202266464452932,0,0.00090481824,0
HI_003000H10201287,HI,0,1.9149115676727087e-06,0,0.026909614657014844,0,0.0019655349,0
HI_003000H10201340,HI,0,6.560843170866397e-05,0,0.029001966833284144,0,0.0023879556,0
HI_003000H10201344,HI,0,5.5410188431790634e-06,0,0.025253092158215248,0,0.0009470657,0
HI_003000H10201349,HI,0,0.0002251370744938327,0,0.047762036418117916,0,0.0014555064,0
HI_003000H10201352,HI,0,0.0002719893226367394,0,0.04166489741511576,0,0.0020715117,0
HI_003000H10201370,HI,1,0.9999955311081374,1,0.807568142060887,1,0.98270977,0
HI_003000H10201550,HI,0,3.7441853226526706e-07,0,0.007657645018300182,0,0.00057791075,0
HI_003000H10201551,HI,0,9.982849266056928e-05,0,0.008827112805415031,0,0.0019238576,0
HI_003000H10201581,HI,0,0.06785351746707355,0,0.02063944723344579,0,0.0032172336,0
HI_003000H10201582,HI,0,0.11669354419070507,0,0.02521957113915456,0,0.0027950902,0
HI_003000H10201758,HI,0,0.0005253992729334108,0,0.013579822220866641,0,0.0005519915,0
HI_003000H10201764,HI,0,4.998315131599831e-06,0,0.015553842427597914,0,0.00068152667,0
HI_003000H10201765,HI,0,3.807863087740921e-06,0,0.008214740977252126,0,0.00027876752,0
HI_003000H10201767,HI,0,0.004907415979433881,0,0.027961828962353382,0,0.0042735594,0
HI_003000H10201768,HI,0,4.852472013707032e-05,0,0.018928750540661392,0,0.00069598254,0
HI_003000H10201784,HI,0,0.33350699724655586,0,0.0676662174162702,0,0.007594476,0
HI_003000H10201805,HI,0,1.4222053311246722e-05,0,0.03289971629695734,0,0.00025641316,0
HI_003000H10201808,HI,0,1.6459613757932628e-06,0,0.026023819343830083,0,0.00022916342,0
HI_003000H10201816,HI,0,1.6882877450288276e-05,0,0.005553758177777279,0,0.00021045361,0
HI_003000H10201817,HI,0,6.835603946512962e-05,0,0.02862019322410242,0,0.0007205973,0
HI_003000H10201820,HI,0,0.000691287737174305,0,0.008486135590419212,0,0.00047325305,0
HI_003000H10201828,HI,0,0.0007184400129151155,0,0.019878666710420406,0,0.001408411,0
HI_003000H10201830,HI,0,3.6126236170240976e-05,0,0.015507705041322511,0,0.0003018769,0
HI_003000H10201908,HI,0,6.403120193033952e-07,0,0.02884922378611043,0,0.000647096,0
HI_003000H10201978,HI,0,1.0858323366118227e-06,0,0.02018150371845943,0,0.000707732,0
HI_003000H10202043,HI,0,7.917408734339274e-06,0,0.025406345517093653,0,0.0021259987,0
HI_003000H10202075,HI,0,0.0001367584528704156,0,0.02057279668544772,0,0.00035925975,0
HI_003000H10202076,HI,0,0.00010929762199138303,0,0.03276443053034549,0,0.0004547696,0
HI_003000H10202077,HI,0,2.1674845722607984e-06,0,0.016124464037768384,0,0.00039086628,0
HI_003000H10202091,HI,0,1.6295224813161197e-07,0,0.020260141764030487,0,0.00023368109,0
HI_003000H10202161,HI,0,2.170122687448822e-06,0,0.015183264602954499,0,0.00040428294,0
HI_003000H10202217,HI,0,6.286782523873203e-07,0,0.011671604718664618,0,0.0001748765,0
HI_003000H10202293,HI,0,0.0039641907796572244,0,0.020286447769767322,0,0.019132577,0
HI_003000H10202463,HI,0,5.460510773227304e-07,0,0.016106399400865577,0,0.00014831203,0
HI_003000H10202464,HI,0,2.6424678566875095e-06,0,0.05589018586733384,0,0.00024724065,0
HI_003000H10202483,HI,0,1.6920305416168795e-06,0,0.01507220501459645,0,0.00011744845,0
HI_003000H10202512,HI,0,0.00024388082657150309,0,0.027651461607379274,0,0.0016856021,0
HI_003000H10202513,HI,0,4.8856358613606524e-05,0,0.01655366262441523,0,0.0006833757,0
HI_003000H10202514,HI,0,4.2558510298740357e-07,0,0.011904983569484667,0,0.00081529806,0
HI_003000H10202515,HI,0,0.005288741402286547,0,0.0628755101776428,0,0.0027858496,0
HI_003000H10202524,HI,0,2.3963418748253395e-06,0,0.01832475483432588,0,0.00054205634,0
HI_003000H10202615,HI,0,4.0581819555965174e-08,0,0.011978221532099575,0,0.00049143744,0
HI_003000H10202704,HI,0,0.006603015443645012,0,0.03098699491563148,0,0.003222054,0
HI_003000H10202705,HI,0,1.0865962578137354e-05,0,0.01436390332207538,0,0.0012739561,0
HI_003000H10202706,HI,0,4.68770954714184e-06,0,0.014413798740751322,0,0.0003546819,0
HI_003000H10202750,HI,0,5.542056988397508e-07,0,0.010574294966004007,0,0.0003765094,0
HI_003000H10202761,HI,0,6.005791369697518e-07,0,0.0067515754115495645,0,0.00023799513,0
HI_003000H10400875,HI,0,5.894070093290345e-05,0,0.020921285700270974,0,0.0012445184,0
HI_003000H10400877,HI,0,5.2631329845835214e-05,0,0.021741595217818013,0,0.0012445184,0
HI_003000H11100006,HI,0,7.289119341967693e-05,0,0.028240386944322952,0,0.00033010897,0
HI_003000H11100048,HI,0,1.3726003254009752e-06,0,0.0237647587894582,0,0.0007361591,0
HI_003000H11100056,HI,0,4.7543794279501695e-08,0,0.0076104302564771395,0,0.00032259116,0
HI_003000H11100112,HI,0,3.528922159287547e-05,0,0.024139094523224373,0,0.00096014846,0
HI_003000H11100633,HI,0,7.011892130826285e-07,0,0.02099973647253288,0,0.00019500195,0
HI_003000H11100677,HI,0,3.6120967355044544e-05,0,0.040324454200485936,0,0.001176032,0
HI_003000H11100817,HI,0,1.1999693472051047e-05,0,0.02434369827273267,0,0.00065574946,0
HI_003000H11100913,HI,0,4.003962219131683e-05,0,0.023286474132563188,0,0.0018481895,0
HI_003000H11101095,HI,0,2.5517381397438144e-05,0,0.00865849540625167,0,0.0007321031,0
HI_003000H11101178,HI,0,0.004495794474527782,0,0.018507332957494054,0,0.0067010727,0
HI_003000H11101241,HI,0,0.003369371211688332,0,0.02811829588632681,0,0.0026379093,0
HI_003000H11101278,HI,0,2.7870364989666738e-05,0,0.00742582986459968,0,0.0004911644,0
HI_003000H11101303,HI,0,0.0038090294804585248,0,0.02572450173632225,0,0.0041114814,0
HI_003000H11102129,HI,0,0.0055630959369513695,0,0.09826416664132327,0,0.0033384662,0
HI_003000H11102134,HI,0,7.814043904302384e-07,0,0.015365974929462935,0,0.00027351794,0
HI_003000H11102157,HI,0,3.269195452671503e-05,0,0.02015105964386966,0,0.00026178817,0
HI_003000H11102179,HI,0,8.101492546113408e-07,0,0.034990456627577764,0,0.00037983837,0
HI_003000H11102199,HI,0,1.1233163632244534e-06,0,0.021670632486040647,0,5.430495e-05,0
HI_003000H11102209,HI,0,0.00016877488323110211,0,0.01587629784395034,0,0.0008000741,0
HI_003000H11201485,HI,0,1.644738935267345e-07,0,0.0053153777598500445,0,0.0003106102,0
HI_003000H11201522,HI,0,2.672342146868192e-06,0,0.007850932645060487,0,0.0005519894,0
HI_003000H11201552,HI,0,0.00013084614565946686,0,0.020962112840080708,0,0.0016962433,0
HI_003000H11201934,HI,0,3.268716087499004e-05,0,0.04053545317897219,0,0.00044525322,0
HI_003000H11201935,HI,0,0.000917289154696844,0,0.029973425862796065,0,0.0013079279,0
HI_003000H11201937,HI,0,0.0005426444326358726,0,0.015510588720648357,0,0.00091612164,0
HI_003000H11201948,HI,0,7.287490234611231e-06,0,0.024435595644628445,0,0.0003324334,0
HI_003000H11201990,HI,0,0.03750059221920252,0,0.06076923126150883,0,0.0036946589,0
HI_003000H11202269,HI,0,4.5483014574863805e-06,0,0.03975852286318691,0,0.0006623476,0
HI_003000H11202340,HI,0,1.4841635217063691e-05,0,0.06088912787241538,0,0.00048433404,0
HI_003000H11202370,HI,0,1.2494692808991007e-06,0,0.016555753227006236,0,0.00021601058,0
HI_003000H11202407,HI,0,0.005215853891700316,0,0.07703244666955765,0,0.0019632492,0
HI_003000H11202476,HI,0,5.1827592669209015e-05,0,0.015157382329931126,0,0.00016035412,0
HI_003000H11202486,HI,0,8.939977927810949e-06,0,0.009833552552831124,0,9.69226e-05,0
HI_003000H11202503,HI,0,1.0938457348596598e-06,0,0.016261453891650957,0,0.00043988886,0
HI_003000H11202582,HI,0,4.251431545779018e-06,0,0.04427873657020083,0,0.00021703188,0
HI_003000H11202591,HI,0,4.102502266678586e-06,0,0.03146096764202267,0,0.00038441137,0
HI_003000H11202642,HI,0,1.8618273257502992e-07,0,0.01550231665306493,0,0.00029773128,0
HI_003000H11202669,HI,0,3.457652443108782e-07,0,0.02376215130336621,0,0.0001308253,0
HI_003000H11202672,HI,0,6.804882888908727e-06,0,0.03044227860006636,0,0.0002723441,0
HI_003000H11202690,HI,0,1.5734602002945232e-06,0,0.02094068155538912,0,0.00048098652,0
HI_003000H20100103,HI,0,0.004636800075716358,0,0.004691279397316473,0,0.0009995279,0
HI_003000H20100124,HI,0,0.008848199343416258,0,0.004766144692641066,0,0.00068857,0
HI_003000H20100425,HI,0,1.2458067026548015e-11,0,0.025912212331066442,0,0.0010521875,0
HI_003000H20100531,HI,0,1.577165145300225e-09,0,0.0013421704627543695,0,0.0005885527,0
HI_003000H20100624,HI,0,0.00034358399236024097,0,0.015555741513460624,0,0.0025328912,0
HI_003000H20100625,HI,0,0.0005954192416408724,0,0.01107434989845305,0,0.0017419494,0
HI_003000H20200021,HI,0,7.053324453694931e-05,0,0.03680515735890776,0,0.0009314278,0
HI_003000H20200022,HI,0,0.0010013619147936975,0,0.01752951148164135,0,0.0019453521,0
HI_003000H20200023,HI,0,5.613628588518107e-05,0,0.032936097631865266,0,0.00080780225,0
HI_003000H20200024,HI,0,4.65741767849307e-06,0,0.013554009717329556,0,0.0021830946,0
HI_003000H20200745,HI,0,4.570423263116206e-06,0,0.0035580637737126163,0,0.00038259564,0
HI_003000H20200746,HI,0,7.446367412775459e-06,0,0.0032588862976657266,0,0.000207058,0
HI_003000H20200771,HI,0,9.49339011794748e-07,0,0.00151158252463104,0,0.00039200013,0
HI_003000H20200772,HI,0,1.5841775675337384e-06,0,0.00494734211434259,0,0.00022264592,0
HI_003000H21100392,HI,0,8.764005426646215e-07,0,0.007817181524309519,0,0.0003217367,0
HI_003000H21100698,HI,0,6.388328208235483e-07,0,0.0020683030272418486,0,0.00015055004,0
HI_003000H21200223,HI,0,9.318869493454082e-07,0,0.004773931709718311,0,0.00048819117,0
HI_003000H21200527,HI,0,3.0378835549613283e-07,0,0.0009378501145478757,0,0.0004265324,0
HI_003000H30200022,HI,0,0.00036152410728238144,0,0.018193397895641214,0,0.0011857355,0
HI_003000H30200030,HI,0,1.2300637686581171e-05,0,0.010253757453778893,0,0.0012452975,0
HI_003000H30200052,HI,0,0.000116120248164712,0,0.016823571169207564,0,0.00044916171,0
HI_003000H30200056,HI,0,0.00029737352627413655,0,0.02600310912092849,0,0.0006072347,0
HI_003000H30200075,HI,0,0.0023271100919506995,0,0.021636532911213105,0,0.0026962392,0
HI_003000H30200076,HI,0,0.0023271100919506995,0,0.021636532911213105,0,0.0026962392,0
HI_003000H30200082,HI,0,8.410802236214679e-05,0,0.031574560904622864,0,0.0015234454,0
HI_003000H30200087,HI,0,0.00047479809470569025,0,0.008495757475557556,0,0.00084195816,0
HI_003000H30200129,HI,0,8.799038434799537e-05,0,0.005570672497298776,0,0.00015254578,0
HI_003000H30200155,HI,0,6.529400024213209e-06,0,0.005587109892548986,0,7.0603375e-05,0
HI_003000H30200192,HI,0,2.8601279201030388e-05,0,0.034466837959329005,0,0.00085704395,0
HI_003000H30200193,HI,0,1.7738947086327144e-05,0,0.015237922731304861,0,0.0021517752,0
HI_003000H30200292,HI,0,8.962275238036088e-05,0,0.012279129235083397,0,0.00014412389,0
HI_003000H30200293,HI,0,0.00010474637558434,0,0.00795627600990605,0,0.00016578741,0
HI_003000H30200331,HI,0,7.362260554567286e-05,0,0.012990266941237321,0,0.00039026368,0
HI_003000H30200332,HI,0,2.3697162005564695e-05,0,0.01360040031215153,0,0.00039410967,0
HI_003000H30200374,HI,0,0.0001711138691253422,0,0.015703635485071022,0,0.00027426894,0
HI_003000H30200375,HI,0,5.233594507717611e-05,0,0.01860918752124119,0,0.00025205186,0
HI_003000H30200423,HI,0,6.473388899823541e-06,0,0.011779412615973843,0,0.00035142267,0
HI_003000H30200424,HI,0,1.0781726109148879e-05,0,0.00935130980569829,0,0.00024174026,0
HI_003000H30200647,HI,0,3.108775721420201e-06,0,0.013140703773669337,0,0.00035519525,0
HI_003000H30200648,HI,0,5.5509315194289605e-06,0,0.003349276086133388,0,0.00012964109,0
HI_003000H30200660,HI,0,8.535548021449349e-06,0,0.005752499603948312,0,0.0010854014,0
HI_003000H30200661,HI,0,1.292749886433686e-05,0,0.014841037546876677,0,0.0006683503,0
HI_003000H30200841,HI,0,1.2753087699131719e-06,0,0.006826131312672656,0,0.00019625056,0
HI_003000H30200842,HI,0,7.832676459755965e-07,0,0.010992866711654597,0,0.00023120601,0
HI_003000H30200843,HI,0,6.653886448583773e-06,0,0.012317348130195197,0,0.00016007104,0
HI_003000H30200902,HI,0,6.730149192581406e-05,0,0.003969562286305812,0,0.00030757737,0
HI_003000H30201242,HI,0,0.00010994052896659003,0,0.0018657124658369927,0,0.0004024724,0
HI_003000H30201243,HI,0,0.00017331212101802333,0,0.007838438808542866,0,0.00046294084,0
HI_003000H30201244,HI,0,0.0001677377809047754,0,0.005160264379707449,0,0.00050229864,0
HI_003000H30201268,HI,0,8.679918151824612e-05,0,0.0647243090368824,0,0.0006299921,0
HI_003000H30201269,HI,0,7.104606164627852e-05,0,0.017440699716128386,0,0.00035659512,0
HI_003000H30201373,HI,0,0.00021530405577278663,0,0.009272264031069476,0,0.000797069,0
HI_003000H30201374,HI,0,0.00022952366310205442,0,0.014638398513105999,0,0.0011100518,0
HI_003000H30201525,HI,0,0.00034218829254626596,0,0.0189519569926944,0,0.001334568,0
HI_003000H30201589,HI,0,2.730894737712691e-05,0,0.005126145170154856,0,0.00062127,0
HI_003000H30311320,HI,0,4.379888883669192e-06,0,0.0027597708643650855,0,0.00012259038,0
HI_003000H30311410,HI,0,2.4799694652536828e-05,0,0.0005955959692310323,0,0.00020996695,0
HI_003000H30311510,HI,0,0.002153533003788898,0,0.012886718819566852,0,0.00050677336,0
HI_003000H30311520,HI,0,3.831819759016538e-05,0,0.011173551181549855,0,0.00012308199,0
HI_003000H31011430,HI,0,0.00023360339443020188,0,0.016983946600473147,0,0.00040042476,0
HI_003008360800242,HI,0,0.003121012592245032,0,0.05507020665729429,0,0.001922513,0
HI_003009300500010,HI,0,4.371743987220383e-08,0,0.01670946611002208,0,0.0001522595,0
HI_003009300500070,HI,0,2.2216743944355883e-06,0,0.012396402598176048,0,0.00016243209,0
HI_003009300500088,HI,0,0.00043263012684489823,0,0.01337512071709941,0,0.0006742708,0
HI_003009300500138,HI,0,0.0002770970871922719,0,0.011974411593466107,0,0.0007650677,0
HI_003009300500221,HI,0,0.0004625359820690188,0,0.00869552582814315,0,0.0012170996,0
HI_003009300500242,HI,0,0.0007231801874191804,0,0.009365656610090672,0,0.0032308719,0
HI_003009300500272,HI,0,0.0012491287387452511,0,0.03011041514457176,0,0.000801333,0
HI_003009300501254,HI,0,0.00040328686900901453,0,0.08178453943443315,0,0.0014307724,0
HI_003009300501315,HI,0,0.00013540198852718844,0,0.08531186378128686,0,0.0003496522,0
HI_003009300501414,HI,0,0.00011074067427757477,0,0.07881259751080782,0,0.0008609433,0
HI_003009300501436,HI,0,0.00021991953950242812,0,0.05891948348127791,0,0.0002615888,0
HI_003009300501748,HI,0,1.848711798448327e-05,0,0.038232345624394565,0,0.0010291552,0
HI_003009300501794,HI,0,3.452830156752609e-05,0,0.05624496664288229,0,0.0012683723,0
HI_003009300501823,HI,0,0.00015036989119831843,0,0.043576938711439306,0,0.0023498759,0
HI_00300AIR1960100,HI,0,0.0001275946776699933,0,0.007079542778228804,0,0.00035542165,0
HI_00300C291100137,HI,0,0.03239259045236574,0,0.23253359956190744,0,0.052656524,0
HI_00300C301100152,HI,0,0.0011548476825841885,0,0.023460609588863555,0,0.0035668146,0
HI_003062021400052,HI,0,3.0999459054377064e-05,0,0.015174521285034031,0,0.00023360779,0
HI_003062021400168,HI,0,0.00014392726883782065,0,0.011737714337591736,0,0.00037405605,0
HI_003062071400018,HI,0,0.006771048944249198,0,0.03480305392796787,0,0.0011878138,0
HI_003062071400019,HI,0,0.4892980069760591,0,0.10730033742898079,0,0.009240715,0
HI_003062071400140,HI,0,0.1846956169317667,0,0.09564876116513933,0,0.0030577818,0
HI_003062081400037,HI,0,0.00031624979427279684,0,0.03495328941211163,0,0.00036343484,0
HI_003062081400134,HI,0,0.0005689922246785091,0,0.013994317608216511,0,0.0006062193,0
HI_003062081400218,HI,0,0.0016378386717878291,0,0.04601268139790327,0,0.0026471196,0
HI_003062081400252,HI,0,2.6609252496877098e-05,0,0.01363504457129965,0,0.00033885438,0
HI_003062091400213,HI,0,0.005618902780290966,0,0.042172418209518676,0,0.00091965665,0
HI_003063001400065,HI,0,9.17545252454693e-05,0,0.03867061457715701,0,0.0014867809,0
HI_003066001400010,HI,0,0.0006400574717787379,0,0.02409768230401712,0,0.014072298,0
HI_003066001400012,HI,0,0.0005480284732108724,0,0.007872343708506018,0,0.003916916,0
HI_003067001400301,HI,0,0.002011239485450429,0,0.10733703174486196,0,0.00069563935,0
HI_003071001400113,HI,0,1.0698710072882662e-05,0,0.013054417815703552,0,0.0022463044,0
HI_003071001400224,HI,0,8.82963784543116e-05,0,0.09782716508054409,0,0.0003597488,0
HI_003072001400041,HI,0,4.524629618123049e-06,0,0.0008487938187734928,0,0.00019254559,0
HI_003072001400140,HI,0,0.00013211270262935914,0,0.001825400193356268,0,0.0005742873,0
HI_003072001400159,HI,0,8.908073893190491e-06,0,0.015915530388742657,0,0.0004919649,0
HI_003072001400235,HI,0,0.00805002886398692,0,0.01957826289570154,0,0.0016206492,0
HI_003072001400258,HI,0,0.0004902185816069936,0,0.010040227440026831,0,0.0015536693,0
HI_003072001400318,HI,0,1.6613209500034645e-05,0,0.02070241494050553,0,0.00023906173,0
HI_003074001400058,HI,0,5.891603462888636e-06,0,0.01147356477324308,0,0.00029587134,0
HI_003074001400083,HI,0,4.715924982200889e-06,0,0.030610860212388145,0,0.00025531102,0
HI_003074001400256,HI,0,0.004007281602276996,0,0.08079081132115458,0,0.0042775264,0
HI_003074001400274,HI,0,2.0707490277103095e-05,0,0.05323054262470024,0,0.0013439883,0
HI_003074001400490,HI,0,0.00314467423686003,0,0.008165231761201992,0,0.0007011583,0
HI_003074001400545,HI,0,0.0026418288698579705,0,0.013120309603945682,0,0.0013123607,0
HI_003076001400436,HI,0,0.002411855671854439,0,0.0015380367988225936,0,0.00016807258,0
HI_003076001400437,HI,0,3.1180352943076765e-05,0,0.0015380367988225936,0,8.744244e-05,0
HI_003076001400518,HI,0,0.00014602590670661377,0,0.0032518735426114932,0,0.00023220657,0
HI_003076001400519,HI,0,8.054362971874825e-05,0,0.0032518735426114932,0,0.00020957174,0
HI_003076001400581,HI,0,0.02156063691917428,0,0.16936045531565302,0,0.013428558,0
HI_003076001400601,HI,0,0.0006798860109337318,0,0.0017320431892575558,0,0.00072205183,0
HI_003076001400602,HI,0,0.001165496857854216,0,0.004352426951204781,0,0.0007696988,0
HI_003083041400055,HI,0,1.1098120392888795e-05,0,0.07040596474957891,0,0.00030610617,0
HI_003083051400001,HI,0,2.315467690591059e-05,0,0.037668444098362605,0,0.00040485975,0
HI_003083061400076,HI,0,1.0340479795836126e-05,0,0.026705136279456698,0,0.00016277598,0
HI_003083061400136,HI,0,0.00017963071811912418,0,0.04647199277845757,0,0.00071703823,0
HI_003083071400092,HI,0,0.001851964256575037,0,0.0255557203921862,0,0.0012341001,0
HI_003083181400074,HI,0,0.006619519073687404,0,0.07550408400772496,0,0.0028223537,0
HI_003083211400072,HI,0,0.008978132453619938,0,0.07881148238203861,0,0.0029599876,0
HI_003083261400006,HI,0,0.0023100861495847936,0,0.05505582358824144,0,0.0018311684,0
HI_003083321400019,HI,0,1.3184790523209752e-05,0,0.03461784932402678,0,0.00017681357,0
HI_003083321400031,HI,0,0.001015609839372839,0,0.0429280145447858,0,0.00064202066,0
HI_003083371400092,HI,0,0.0013938461585304058,0,0.02889103702606723,0,0.00037592926,0
HI_003083381400047,HI,0,2.2566397940719446e-05,0,0.0340063791088002,0,0.0003303892,0
HI_003083401400011,HI,0,0.0638415347088397,0,0.1516390033896748,0,0.006221832,0
HI_003083451400011,HI,0,0.0026885298678463697,0,0.04025910324695293,0,0.00078863365,0
HI_003083461400067,HI,0,5.336170230325727e-05,0,0.04229198684331828,0,0.001117452,0
HI_003083471400113,HI,0,0.012943467981576402,0,0.017154172834633524,0,0.00051454495,0
HI_003083531400001,HI,0,1.91324166621329e-05,0,0.030789798103573983,0,0.0006040081,0
HI_003083531400155,HI,0,2.126893447378702e-05,0,0.03539638229710483,0,0.0001787784,0
HI_003083601400059,HI,0,6.5912224509863305e-06,0,0.07737589858642425,0,0.00023812358,0
HI_003083601400098,HI,0,0.05847942951044266,0,0.10658574305229483,0,0.0023153133,0
HI_003083631400093,HI,0,0.0012482191976808882,0,0.035240551621120816,0,0.00258267,0
HI_003083631400271,HI,0,0.0014554971927445957,0,0.04663089178401077,0,0.0009154537,0
HI_003083661400001,HI,0,3.14455625104582e-06,0,0.01798400325142514,0,0.0002896904,0
HI_003083661400002,HI,0,4.303878306162482e-06,0,0.03328787045167241,0,0.00075411174,0
HI_003083661400104,HI,0,0.10346559838344019,0,0.21676297084442406,0,0.0057770438,0
HI_003083681400001,HI,0,0.13005142615653822,0,0.08056488280595558,0,0.0026010443,0
HI_003083761400001,HI,0,2.3273046494988973e-05,0,0.037876175192010864,0,0.00031584283,0
HI_003083761400197,HI,0,0.0005417772426892038,0,0.03995642599445392,0,0.0009897174,0
HI_003083821400052,HI,0,0.0001218436228782266,0,0.06444053486568671,0,0.00049382856,0
HI_003083981400003,HI,0,0.1384289235900405,0,0.18346795735411478,0,0.011230313,0
HI_003090001400038,HI,0,5.924097957295226e-05,0,0.012126336023067714,0,0.006628545,0
HI_003090001400108,HI,0,0.001200816910471332,0,0.02954610636191614,0,0.0008087184,0
HI_003090001400113,HI,0,4.912774756888893e-07,0,0.022987316941540884,0,0.00041535517,0
HI_003090001400114,HI,0,0.003311549029041225,0,0.09627601937450438,0,0.002334484,0
HI_003090001400136,HI,0,2.6353422783924946e-06,0,0.01866379265124289,0,0.00038249552,0
HI_003090001400174,HI,0,6.933559622511599e-07,0,0.018026973020536293,0,0.00075909885,0
HI_003090001400245,HI,0,2.5924097165211408e-05,0,0.02463354667764062,0,0.0010972489,0
HI_003098001400077,HI,0,0.0005936688017668466,0,0.025621046907400188,0,0.0021898388,0
HI_003098001400160,HI,0,1.450498646063887e-05,0,0.06613033914099431,0,0.004703872,0
HI_003098001400161,HI,0,3.6637902003324977e-06,0,0.07008269345022201,0,0.0012235746,0
HI_003109001200001,HI,0,1.986328484255548e-05,0,0.040400018467937414,0,0.00044806802,0
HI_003122001200001,HI,0,0.0037548767937226582,0,0.010010985085657708,0,0.0009641475,0
HI_003123001200001,HI,0,5.334977540742843e-06,0,0.0780057291301596,0,0.0011375422,0
HI_003124001200001,HI,0,2.69852016575544e-06,0,0.015377183379652912,0,8.4033294e-05,0
HI_003126001200001,HI,0,0.0026434259351988823,0,0.05264633808689994,0,0.00294971,0
HI_003127001200001,HI,0,5.194652369958694e-06,0,0.02962404431515197,0,0.00034378306,0
HI_003128001200001,HI,0,6.771294079175756e-06,0,0.03091315874725207,0,0.00083534693,0
HI_003129001200001,HI,0,0.014165972856375511,0,0.14142433724830997,0,0.006665577,1
HI_003131001200001,HI,0,0.0010231593290257251,0,0.041199315050047175,0,0.0014544112,0
HI_003138001100001,HI,0,0.009398882229288984,0,0.042527856868053916,0,0.0010721035,0
HI_003148001200001,HI,0,0.0001859767235641445,0,0.2599518751141514,0,0.0023187625,0
HI_003154001200001,HI,0,0.012226804120083564,0,0.09211090807067171,0,0.0050778803,0
HI_003173001100001,HI,0,0.0020218027764715494,0,0.12003061564765267,0,0.0017511792,0
HI_003200001700001,HI,0,2.926001243093787e-05,0,0.02501424071131681,0,0.00057376834,0
HI_003202001200001,HI,0,5.054750864186439e-05,0,0.0398990580993172,0,0.0004643894,0
HI_003208001200001,HI,0,0.11620229437960733,0,0.1273118461027435,0,0.0035544236,0
HI_003209001100001,HI,0,6.646014982867602e-05,0,0.03447863364935262,0,0.0003592815,0
HI_003211001200001,HI,0,0.01653949087636806,0,0.0874157662796239,0,0.0019730248,0
HI_0032110314I0006,HI,0,3.472316620929877e-05,0,0.038125044939549775,0,0.0027268557,0
HI_0032110314I0032,HI,0,1.1337881356292974e-05,0,0.025164709319142345,0,0.00030129869,0
HI_0032110314I0043,HI,0,2.784538789672792e-05,0,0.02440428299711446,0,0.0005369728,0
HI_0032110314I0058,HI,0,0.00026816910650977795,0,0.045460113697130884,0,0.000856506,0
HI_0032110314P0007,HI,0,2.3688430134427993e-06,0,0.009794993823276745,0,0.0004805175,0
HI_0032110314Q0001,HI,0,2.954001033155398e-06,0,0.028019075329604317,0,0.0018373225,0
HI_0032110314R0006,HI,0,1.1932956328473785e-05,0,0.024036921589234053,0,0.0004443145,0
HI_0032110314R0011,HI,0,5.877810723759213e-06,0,0.022036160065559095,0,0.00040675048,0
HI_0032110314S0006,HI,0,7.416533736924622e-08,0,0.018959843608123764,0,0.00014193429,0
HI_0032110314T0008,HI,0,2.1745449374330505e-05,0,0.03262387849153751,0,0.0015795836,0
HI_0032110314U0002,HI,0,0.00044975507259745504,0,0.021437790553062858,0,0.00054297596,0
HI_0032110319U0003,HI,0,3.978358866081233e-06,0,0.03844122509674816,0,0.00024057842,0
HI_003219001200001,HI,0,6.912413648372364e-05,0,0.06436954160905498,0,0.002353093,0
HI_003226001200001,HI,0,0.0005143094046703918,0,0.14083881574672205,0,0.0019707568,0
HI_003228001100001,HI,0,0.3379639118135121,0,0.41808821060680795,0,0.19665174,0
HI_003232001200001,HI,0,0.0008229429690981922,0,0.029583809850303726,0,0.0010463235,0
HI_003234001200001,HI,0,0.007482259006418094,0,0.0468910856356493,0,0.0011669914,0
HI_003236001200001,HI,0,0.0005573832301761737,0,0.04829621470110489,0,0.0005617646,0
HI_003253001200001,HI,0,0.00023184895596671567,0,0.012344818371069514,0,0.0017017355,0
HI_003257001200001,HI,0,0.00012412590881113396,0,0.009037461252022226,0,0.000768687,0
HI_003260001200001,HI,1,0.5944476146053809,0,0.17286242195970844,0,0.019649202,0
HI_003261001200001,HI,0,0.011399972860470968,0,0.09019714534474835,0,0.0019448865,0
HI_003262001200001,HI,0,0.006270204478063684,0,0.033549940913795845,0,0.0017722767,0
HI_003265001200001,HI,0,3.748037681790514e-05,0,0.10001750766816618,0,0.00049661077,0
HI_003267001200001,HI,0,0.003588612747017234,0,0.12128672025801855,0,0.002514843,0
HI_003284001200001,HI,0,4.546541256180794e-05,0,0.08782062674035318,0,0.0020324644,0
HI_003292001200001,HI,0,8.051335363505896e-07,0,0.0076974058112909945,0,9.574924e-05,0
HI_003296001900001,HI,0,0.00027820663498301053,0,0.05293649409477684,0,0.0033776395,0
HI_003300001200001,HI,0,1.4489451006826637e-05,0,0.044531416395510955,0,0.00016395783,0
HI_003303001200001,HI,0,4.484527184402821e-06,0,0.0031681347059964626,0,0.00095087354,0
HI_003304001200001,HI,0,0.2378195379471696,0,0.08787272698401294,0,0.0061088484,0
HI_003306001200001,HI,0,0.0002064868464964376,0,0.013142172516005638,0,0.0005361146,0
HI_003309001200001,HI,0,1.4592529715546602e-05,0,0.051891719984754975,0,0.00021913886,0
HI_003311001200001,HI,0,7.448118566368376e-05,0,0.06865593641044651,0,0.000894949,0
HI_003312001200001,HI,0,0.009145872364223486,0,0.09938567516849,0,0.011958247,0
HI_003314001200001,HI,0,7.47627785083281e-05,0,0.0758087776484789,0,0.0009295669,0
HI_003326001200001,HI,0,7.13462198356796e-05,0,0.04257042713606028,0,0.0006021492,0
HI_003331001200001,HI,0,8.475148855488077e-05,0,0.008791017776963263,0,0.00042348632,0
HI_003340001200001,HI,0,3.1562549455398925e-05,0,0.03772755591729096,0,0.00018729313,0
HI_003342001200001,HI,0,0.0002287383456319065,0,0.07199188174173637,0,0.0008028253,0
HI_003343001200001,HI,0,4.498089405993701e-05,0,0.04430718925193822,0,0.0005444055,0
HI_003345001200001,HI,0,1.3451429681946674e-05,0,0.05230382396153012,0,0.00067718065,0
HI_003346001200001,HI,0,0.0009617973959714512,0,0.08636204830104915,0,0.0015045223,0
HI_003347001200001,HI,0,2.5248869655619634e-06,0,0.019338728848230208,0,0.00022490731,0
HI_003349001200001,HI,0,3.5198709001882737e-06,0,0.034016207702981166,0,0.00028792294,0
HI_003350001200001,HI,0,0.00018024114993550096,0,0.08732965171226502,0,0.0010482161,0
HI_003351001200001,HI,0,0.006397641353029856,0,0.3097725972777871,0,0.0024989042,0
HI_003352001200001,HI,1,0.6756473951755618,0,0.06968902778616666,0,0.005752043,0
HI_003353001200001,HI,0,4.955692603968622e-06,0,0.02394977786019078,0,0.00027617713,0
HI_003354001200001,HI,0,5.208347048449461e-07,0,0.03433175559561779,0,0.0011532991,0
HI_003364001200001,HI,0,0.00012224520346724885,0,0.00880184469986031,0,0.00047378388,0
HI_003370001200001,HI,0,0.00015469071287173993,0,0.0467655317659959,0,0.0012089884,0
HI_003371001200001,HI,0,0.00027407880008264334,0,0.06679001555946598,0,0.0020530343,0
HI_003376001200001,HI,0,1.3272006898462402e-06,0,0.007188721148127532,0,0.00013387139,0
HI_003378001200001,HI,0,9.582692008670603e-05,0,0.036655868281398045,0,0.0003019238,0
HI_003379001200001,HI,0,1.3909499429805486e-06,0,0.03440802551249977,0,0.00032126895,0
HI_003380001200001,HI,0,9.79144745803862e-05,0,0.03735053710207656,0,0.0002922431,0
HI_003382001200001,HI,0,0.0033318804723964546,0,0.08239855376695276,0,0.0009890693,0
HI_003392001200001,HI,0,0.0008409086870195273,0,0.009627579439940076,0,0.00087103987,0
HI_003393001200001,HI,0,6.184396236637371e-05,0,0.020012974780449357,0,0.00060604943,0
HI_003394001200001,HI,0,1.8720690393469727e-07,0,0.003486309075105311,0,0.00022452702,0
HI_003401001100001,HI,0,2.84969698190412e-06,0,0.029110556495494315,0,0.00027001742,0
HI_003401401200001,HI,0,8.374181480009326e-05,0,0.012235047890951197,0,0.0004211168,0
HI_003401601100001,HI,0,0.0002347488089229454,0,0.016380406420072158,0,0.00088694965,0
HI_003402001100001,HI,0,0.00011255840583383122,0,0.00864483015599929,0,0.00090909284,0
HI_003403001100001,HI,0,0.00038250110915106085,0,0.028475219809277436,0,0.0024745762,0
HI_003405001100001,HI,0,6.1941462963469345e-06,0,0.005030560369754329,0,0.00018656327,0
HI_003406001100001,HI,0,6.32697246917411e-05,0,0.20271946432900367,0,0.0014615434,0
HI_003407001100001,HI,0,1.7466884499318096e-05,0,0.1280873415264293,0,0.0004814902,0
HI_003408001100001,HI,0,0.00010233250622523885,0,0.009870470774531947,0,0.00042685049,0
HI_003411001100001,HI,0,0.10661281082674877,0,0.2767339316699648,0,0.020965567,0
HI_003425001100001,HI,0,0.0102398637372272,0,0.15293367850168096,0,0.0022480856,0
HI_003426001100001,HI,0,2.2679222517150128e-07,0,0.02539324545675656,0,7.985579e-05,0
HI_003427001100001,HI,0,0.0010313266798251026,0,0.023867338602558526,0,0.00041605995,0
HI_003430001100001,HI,0,0.0003155297526378663,0,0.012378769612905523,0,0.0008488294,0
HI_003431001100001,HI,0,0.0008319023622324336,0,0.014974630995402744,0,0.001908304,0
HI_003432001200001,HI,0,8.109870754173758e-06,0,0.010603480271765765,0,9.338356e-05,0
HI_003435001100001,HI,0,3.5949083984779094e-06,0,0.005181905359947355,0,0.00016736716,0
HI_003437001100001,HI,0,0.005785433319357428,0,0.0969759603117511,0,0.0016092599,0
HI_003438001200001,HI,0,0.0003800089835999326,0,0.006462975908277097,0,0.00025380045,0
HI_003440001100001,HI,0,1.5986777842662787e-07,0,0.0449346989874626,0,0.00039716958,0
HI_003443001100001,HI,0,5.483174201961732e-05,0,0.04099411897244728,0,0.00056001137,0
HI_003444001100001,HI,0,3.039653641658369e-05,0,0.021024398000330187,0,0.00018426921,0
HI_003447001100001,HI,0,0.0005541384084800576,0,0.01579259813492849,0,0.0017481111,0
HI_003448001100001,HI,0,0.0004247607805824571,0,0.014862324784284061,0,0.0015202978,0
HI_003455001100001,HI,0,0.00010801937489591422,0,0.006792203392893294,0,0.00082046236,0
HI_003460001200001,HI,0,4.050423821146826e-05,0,0.00010202509399742357,0,0.00044241326,0
HI_003466001100001,HI,0,0.0002157189403643507,0,0.009556521063539186,0,0.0007241771,0
HI_003484001100001,HI,0,0.0001270607123389705,0,0.007442101980205706,0,0.00071771163,0
HI_003485001100001,HI,0,9.30461864257936e-05,0,0.08550192650124984,0,0.0007743794,0
HI_003488001100001,HI,0,6.8510142228885565e-06,0,0.0554615168480812,0,0.0001952492,0
HI_003495001200001,HI,0,0.0012065190464967638,0,0.0342817418766439,0,0.0012497534,0
HI_003514001100001,HI,0,2.3525680887226598e-05,0,0.05194696879621455,0,0.0006984297,0
HI_003600001100001,HI,0,0.0005370418293917656,0,0.008870439539915244,0,0.00024608333,0
HI_003601001100001,HI,0,0.000518662112131144,0,0.022772406290240865,0,0.0013202985,0
HI_003602001100001,HI,0,0.001243826874409754,0,0.05442568875184044,0,0.0016056877,0
HI_003605001100001,HI,0,1.284330772773924e-05,0,0.13384801286192166,0,0.00067354797,0
HI_003800001100001,HI,0,5.0432067526474264e-06,0,0.017552809924013663,0,0.00020076244,0
HI_003801001100001,HI,0,4.2034278428917994e-05,0,0.07030608682219158,0,0.0009444404,0
HI_003804001100001,HI,0,0.005170095102031813,0,0.034889398109318494,0,0.001577613,0
HI_003806001100001,HI,0,4.452072005678345e-05,0,0.05929803370727729,0,0.0006678575,0
HI_003807001100001,HI,0,0.0005932286173569191,0,0.007800877812631602,0,0.0007972342,0
HI_003808001100001,HI,0,4.340650827316547e-05,0,0.059571469465456404,0,0.00066157326,0
HI_003809001100001,HI,0,4.979478957297567e-05,0,0.06517929742553906,0,0.0008762409,0
HI_003810001100001,HI,0,7.469159913537349e-07,0,0.019901324304357478,0,0.00036258387,0
HI_003814001100001,HI,0,0.006016179106823915,0,0.118537755373267,0,0.000985342,0
HI_003825001100001,HI,0,0.00011372572550722428,0,0.1354182672670523,0,0.00074528425,0
HI_003830001100001,HI,0,2.0715431045122936e-05,0,0.028844387400771415,0,0.00075316295,0
HI_003833001100001,HI,0,5.4722710934695774e-06,0,0.061330336323102565,0,0.000119510914,0
HI_003834001100001,HI,0,9.301422185335506e-05,0,0.10867671457016308,0,0.0006587797,0
HI_003835001100001,HI,0,4.357550482280491e-05,0,0.07466933313934519,0,0.0005788526,0
HI_003836001100001,HI,0,1.1908076975329873e-05,0,0.029829904369867655,0,0.00061942084,0
HI_003837001100001,HI,0,1.757394162259529e-05,0,0.051275518541083816,0,0.00023669777,0
HI_003838001100001,HI,0,1.8777063571842353e-05,0,0.019731653132414494,0,0.00072561606,0
HI_003844001100001,HI,0,0.0008312657578412596,0,0.01410157680872534,0,0.00048603618,0
HI_003845001100001,HI,0,0.0003383198987452813,0,0.011342665210594882,0,0.0005901893,0
HI_003846001100001,HI,0,0.00017483052968210894,0,0.008484858479432814,0,0.0004970706,0
HI_003850001100001,HI,0,0.016265695521470835,0,0.06914639881557762,0,0.0016494485,0
HI_003900001600001,HI,0,5.459612907766329e-05,0,0.0029660701024626077,0,0.00021805755,0
HI_003900101600001,HI,0,0.0006756922003680584,0,0.010401778524699382,0,0.00032762645,0
HI_003900201600001,HI,0,0.0006756922003680584,0,0.010401778524699382,0,0.00032762645,0
HI_003900301600001,HI,0,0.1103054375478328,0,0.08195615999099778,0,0.0068502887,0
HI_003900401600001,HI,0,0.001619504132777257,0,0.024834248874218565,0,0.00026088097,0
HI_003900501400001,HI,0,2.6324826442552557e-05,0,0.055881160095401644,0,0.00061555166,0
HI_003900601700001,HI,0,0.001081954172279572,0,0.018115331036416674,0,0.0004010668,0
HI_003902001100001,HI,1,0.9962255654132072,1,0.8947453395007036,1,0.9930749,1
HI_003903001100001,HI,0,5.351241357347754e-06,0,0.058601075402591754,0,0.0003837119,0
HI_003904001100001,HI,0,0.00037649068753562744,0,0.005908347390375755,0,0.00021740218,0
HI_003905001100001,HI,0,0.2799030390632109,0,0.06623463226728053,0,0.0010427521,0
HI_003918001100001,HI,0,6.36106823193653e-06,0,0.030230720181196772,0,0.0006168246,0
HI_003922001100001,HI,0,0.002822254246097609,0,0.18064205651012255,0,0.0007261691,0
HI_003923001100001,HI,0,0.006996128042112062,0,0.0647740515642394,0,0.0010270424,0
HI_003924001100001,HI,0,0.0072994075544243675,0,0.06032577323122272,0,0.0008075505,0
HI_003928001100001,HI,0,2.733935916255066e-05,0,0.03347516556937463,0,0.000298651,0
HI_003929001100001,HI,0,3.288324113195182e-05,0,0.02217732791177315,0,0.0018167685,0
HI_003933001100001,HI,0,0.00019506592212128158,0,0.02289022434370828,0,0.0015652344,0
HI_003944001100001,HI,0,2.937573200941843e-05,0,0.0025486362468826527,0,0.00029286003,0
HI_003949001100001,HI,0,7.976836863935208e-06,0,0.003097403637375235,0,0.00018956896,0
HI_003950001100001,HI,0,8.345400746664945e-06,0,0.0031267501573863264,0,0.00040999602,0
HI_003953001100001,HI,0,5.2017026569644685e-05,0,0.005113720271102803,0,0.0017705829,0
HI_003956001100001,HI,0,0.0003312102513944952,0,0.01424666285402734,0,0.0014169316,0
HI_003960001100001,HI,0,0.00042188255512139487,0,0.006308762405568914,0,0.00011451581,0
HI_003967001100001,HI,0,0.00017693089632814327,0,0.018723414539386744,0,0.0010068303,0
HI_003968001100001,HI,0,0.002412061282929634,0,0.05314148923902167,0,0.0011342209,0
HI_003971001100001,HI,1,0.982662485705138,1,0.905842013494425,1,0.9909025,1
HI_003973001100001,HI,0,0.0018252278015209275,0,0.005545775183279426,0,0.00046885916,0
HI_003974001100001,HI,0,0.0002514620130665384,0,0.00482173750432136,0,0.00033347646,0
HI_003975001100001,HI,0,0.0005048810490064175,0,0.0033795315288540117,0,0.00042474325,0
HI_003976001100001,HI,0,0.0002871529056431327,0,0.005122475150679442,0,0.0003296492,0
HI_003980001100001,HI,0,0.08477777858451208,0,0.05429212556734342,0,0.0008017035,0
HI_003982001100001,HI,0,1.5821437531575598e-06,0,0.024807816811559715,0,0.00051849446,0
HI_003983001100001,HI,0,0.0011885241869335314,0,0.038196520020857855,0,0.00063913176,0
HI_003991001100001,HI,0,0.00013226622110017568,0,0.0032927213961037195,0,0.00020957933,0
HI_003994001100001,HI,0,9.713453183039936e-06,0,0.0038146331790840475,0,0.0001027384,0
HI_003995001100001,HI,0,0.009274302859226372,0,0.07534331654145804,0,0.0029124066,0
HI_003996001100001,HI,0,0.0024607977330014554,0,0.005164853351563316,0,0.00018382173,0
HI_003998001400001,HI,0,1.2677670911441692e-05,0,0.023061152007482592,0,0.000113349,0
HI_003999001600001,HI,0,0.0005544951243214295,0,0.0029570872390021325,0,0.00014493437,0
HI_003H1EB11460011,HI,0,1.0284364712248965e-07,0,0.03869673231142074,0,0.00012273695,0
HI_003H1EB1146A003,HI,0,1.2010666049920698e-07,0,0.06782783122114801,0,0.0003689906,0
HI_003H1EB1146E005,HI,0,3.389937344027609e-07,0,0.05823981849949296,0,0.00014124479,0
HI_003H1EB1146W007,HI,0,3.4696256897326873e-07,0,0.026633714946696533,0,0.00037629102,0
HI_003H1WB11460015,HI,0,0.00030004749715698687,0,0.07319442865700497,0,0.0021713907,0
HI_003H1WB11460061,HI,0,0.0014861715307119441,0,0.03280320750683654,0,0.0057502165,0
HI_003H1WB1146A019,HI,0,1.5724259211803182e-06,0,0.03558221201036388,0,0.00043647128,0
HI_003H1WB1146A063,HI,0,0.0003853439211206246,0,0.026235543406239382,0,0.0036050174,0
HI_003H1WB1146W008,HI,0,2.647178421415289e-05,0,0.015834843605430134,0,0.0017649955,0
HI_007000500002511,HI,0,5.99957414911652e-05,0,0.002988595994979022,0,0.00030330694,0
HI_007000500300100,HI,0,1.541199444627093e-05,0,0.0060066101370657935,0,7.693651e-05,0
HI_007000500300135,HI,0,2.2547848124809697e-05,0,0.023071280675919875,0,0.00044626728,0
HI_007000500300178,HI,0,1.644414160197911e-05,0,0.02534970515446476,0,0.00031573235,0
HI_007000500300535,HI,0,0.005462271133752332,0,0.052648338512838615,0,0.0020746032,0
HI_007000500300570,HI,0,0.0013952413761091468,0,0.09631511122798543,0,0.0011695843,0
HI_007000500300700,HI,0,3.217420500663112e-05,0,0.0037267175566576527,0,0.00016621841,0
HI_007000500301039,HI,0,9.434750114406175e-06,0,0.10606271180592797,0,0.00015451005,0
HI_007000500301157,HI,0,1.025603101117933e-05,0,0.0403910047840818,0,0.00068882894,0
HI_007000500301190,HI,0,0.0016247155129011117,0,0.03992485266655607,0,0.002555877,0
HI_007000500301258,HI,0,0.0011927913841914505,0,0.043776639720047035,0,0.0032237377,0
HI_007000500301595,HI,0,7.60765962111799e-05,0,0.0025784333884511083,0,0.00037576281,0
HI_007000500301632,HI,0,7.229561765564891e-09,0,0.00577919949693932,0,0.0002658673,0
HI_007000500301972,HI,0,0.005045198418446989,0,0.060835520631984726,0,0.0024742645,0
HI_007000500302249,HI,0,0.0023946233378781255,0,0.07405670353499948,0,0.0017596495,0
HI_007000500302388,HI,0,5.1310401893405506e-05,0,0.0033145794542087325,0,0.00053139037,0
HI_007000500302465,HI,0,1.4017435556984436e-05,0,0.05244232897618007,0,0.0001375658,0
HI_007000500302613,HI,0,0.0002966159187750574,0,0.08608829896140051,0,0.00044114064,0
HI_007000500302671,HI,0,4.634567143037664e-05,0,0.05107721613849821,0,0.0003203154,0
HI_007000500302806,HI,0,8.322191149996044e-06,0,0.002674626382805426,0,0.00021639174,0
HI_007000500303031,HI,0,4.58710437243742e-05,0,0.0029061832238938146,0,0.00014455881,0
HI_007000500403271,HI,0,1.3180301902724254e-06,0,0.05522260927818399,0,0.0030928366,0
HI_007000500403272,HI,0,1.0492652727767397e-06,0,0.0035196130408141914,0,0.00026879043,0
HI_007000501101343,HI,0,0.002944598845220514,0,0.07339311524625769,0,0.0006735258,0
HI_007000510200281,HI,0,0.0006847055348804303,0,0.0052208582399121016,0,0.00048157488,0
HI_007000510400023,HI,0,0.010008691831060046,0,0.28292984991689174,0,0.003116269,0
HI_007000560300986,HI,0,2.2468992448310347e-07,0,0.007232795363101272,0,0.00035304896,0
HI_007000560301359,HI,0,6.089398966436223e-08,0,0.07755386166198493,0,0.0016829451,0
HI_007000560301489,HI,0,6.612359182618274e-05,0,0.04584464405590832,0,0.00056235684,0
HI_007000560301581,HI,0,2.0865124351085365e-05,0,0.03630493605081404,0,0.00037984888,0
HI_007000560301844,HI,0,2.05932868995014e-06,0,0.059281196795878004,0,0.0014940418,0
HI_007000560302024,HI,0,2.695359698114831e-05,0,0.03294840958494887,0,0.0008716799,0
HI_007000560302286,HI,0,5.127618869936514e-06,0,0.008466497395637854,0,0.00037154957,0
HI_007000560302485,HI,0,2.8020491830757825e-05,0,0.0310740047620397,0,0.0006966149,0
HI_007000560302497,HI,0,0.0014216615711235385,0,0.09775070185660756,0,0.014191627,0
HI_007000560400123,HI,0,7.962036726511814e-06,0,0.04562346273131269,0,0.00028615945,0
HI_007000560400572,HI,0,0.04226417731045542,0,0.1813825758472918,0,0.038989868,0
HI_007000560400573,HI,1,0.999601140058964,1,0.8087494106241935,1,0.9930582,0
HI_007000560400727,HI,0,0.0007248277177755228,0,0.01777637203365986,0,0.0013112038,0
HI_007000560400804,HI,0,9.561798796939964e-05,0,0.05410763717767453,0,0.00066220085,0
HI_007000560400859,HI,0,0.02728479282441493,0,0.05283913631774291,0,0.0039851097,0
HI_007005400500077,HI,0,2.944351036514406e-06,0,0.004035041013228166,0,0.00013495711,0
HI_007005600500123,HI,1,0.9492534179007247,0,0.31305399936913114,0,0.029806066,0
HI_007005600500343,HI,0,0.0004346646301726824,0,0.05862278034535504,0,0.00081225013,0
HI_007005600500397,HI,0,8.917495972493569e-09,0,0.027702382575633813,0,0.0002799306,0
HI_007005600500428,HI,0,2.0248011704790904e-08,0,0.02049595458427199,0,0.0002074103,0
HI_007005600500593,HI,0,0.2570855507731234,0,0.23968108575108255,0,0.018395865,0
HI_007005600500644,HI,0,0.23157713970382351,0,0.16000714064386656,0,0.010410638,0
HI_007005600500670,HI,0,0.11627997008883759,0,0.2131308423040993,0,0.020802854,0
HI_007005600500673,HI,0,0.0023007496553311604,0,0.21601305885914593,0,0.0029784702,0
HI_007005800600062,HI,0,0.002309428564195439,0,0.17347281989115215,0,0.0004717229,0
HI_007005830500004,HI,0,0.0106795692235877,0,0.11964710334447685,0,0.00391825,0
HI_007056000400161,HI,0,0.01796764234191945,0,0.15314604764338677,0,0.0031158258,0
HI_007056000400279,HI,0,0.0029917604256924214,0,0.08121346672068391,0,0.0018878704,0
HI_007119831113005,HI,0,1.2468429137081037e-06,0,0.011615288257660276,0,0.00038656392,0
HI_007120061112001,HI,0,9.845131709007583e-05,0,0.11903790256219046,0,0.0011045861,0
HI_007210001510004,HI,0,0.000755564441274503,0,0.007173000490441637,0,0.00038718054,0
HI_007219661126004,HI,0,0.0015558383141414157,0,0.009144337234317707,0,0.0007227434,0
HI_007220011128005,HI,0,1.1115752936048371e-05,0,0.011401772445022235,0,0.0026509117,0
HI_007230031123004,HI,0,4.721442807830271e-06,0,0.008892161851949252,0,0.00020415662,0
HI_007230411123003,HI,0,0.014617204271651809,0,0.09093214412276156,0,0.010403443,0
HI_007270011127001,HI,0,0.0014963280878677256,0,0.017431801771520247,0,0.0008869547,0
HI_007270100828001,HI,0,0.09611051766424301,0,0.15244426283086654,0,0.011600041,0
HI_007280500728001,HI,0,0.0002018302029790169,0,0.0929806166902905,0,0.003132393,0
HI_007280500728003,HI,0,2.033713041755275e-05,0,0.05517025907701269,0,0.00015137832,0
HI_007320081137001,HI,0,0.001585306680302182,0,0.10173162637501978,0,0.004328383,0
HI_007340011134001,HI,0,0.16978397814793686,0,0.24378553460860344,0,0.004688589,0
HI_007350011135001,HI,0,0.00047694452241707025,0,0.20962925996278545,0,0.0017207911,0
HI_007410001510003,HI,0,9.854701033421753e-05,0,0.042062729792088874,0,0.00032083312,0
HI_007420151142002,HI,0,5.101684144395696e-07,0,0.04644557895416476,0,0.00046541315,0
HI_007420201142006,HI,0,7.275019016163104e-05,0,0.021118764515132744,0,0.00046380414,0
HI_007420201144002,HI,0,1.1074845166137455e-05,0,0.024987296508062872,0,0.0008730673,0
HI_007420221142003,HI,0,4.399683673818134e-08,0,0.14043125186466368,0,0.0016741068,0
HI_007430200743001,HI,0,0.0021930730799651714,0,0.012718781008923858,0,0.00076211925,0
HI_007440181144002,HI,0,0.0002642286505386475,0,0.17428091496275253,0,0.0015927304,0
HI_007460021146001,HI,0,0.0013161065312235708,0,0.06784121227416774,0,0.0012912638,0
HI_007460771146005,HI,0,5.904523436428877e-07,0,0.04203353063865542,0,0.00028155395,0
HI_007510001510002,HI,0,0.002701260575341431,0,0.09759703747706806,0,0.0051257834,0
HI_007510001510006,HI,0,7.177001084236308e-05,0,0.01187599863576693,0,0.0047263657,0
HI_007510011151001,HI,0,0.0015604807828452736,0,0.09958498733683104,0,0.0038766114,0
HI_007520171152002,HI,0,5.029842096073011e-05,0,0.13778580636273907,0,0.0007249007,0
HI_007520201152001,HI,0,0.0022258243028432543,0,0.062033297964355257,0,0.0637166,0
HI_009000001900003,HI,0,6.75149024464566e-06,0,0.01328248481161178,0,0.00040373183,0
HI_009000300300346,HI,0,9.400267827223896e-05,0,0.08873369599378046,0,0.00058672176,0
HI_009000300300829,HI,0,0.00013667317507812905,0,0.002711207534028153,0,0.00022045244,0
HI_009000300301046,HI,0,0.003527687752092029,0,0.009426632671389977,0,0.00027383966,0
HI_009000300301907,HI,0,0.004354756561961739,0,0.06609560008572879,0,0.0043883035,0
HI_009000300301971,HI,0,0.00026642137679560234,0,0.09933263729144284,0,0.0033508567,0
HI_009000300302100,HI,0,0.005991593973836761,0,0.09410880289022164,0,0.0031827074,0
HI_009000300302351,HI,0,0.005135211665252558,0,0.07288304054415978,0,0.0037646072,0
HI_009000300303055,HI,0,0.00012462501350559327,0,0.0074112158636627954,0,8.927439e-05,0
HI_009000300303137,HI,0,2.297177795216566e-06,0,0.0035057020463471478,0,0.00029581692,0
HI_009000300303138,HI,0,1.523616906424426e-06,0,0.0019863996256215253,0,0.00010096613,0
HI_009000300303404,HI,0,3.1108350337537397e-05,0,0.06370271812624068,0,0.00050615205,0
HI_009000300303640,HI,0,5.5152577327492355e-05,0,0.08428713097284125,0,0.0006443291,0
HI_009000300304184,HI,0,0.10349589870649768,0,0.1173820805580492,0,0.061422043,0
HI_009000300401484,HI,0,1.8516569348461152e-05,0,0.0021067519318285397,0,9.699787e-05,0
HI_009000300401675,HI,0,1.9770600574651583e-05,0,0.012262921365206987,0,0.00023231441,0
HI_009000300401744,HI,0,2.8252411618737552e-05,0,0.005483673473284047,0,0.0003260498,0
HI_009000310300014,HI,0,0.0028105472121725144,0,0.01879524867959777,0,0.00068498263,0
HI_009000310300413,HI,0,0.005300756143499847,0,0.033303632442796105,0,0.0005571189,0
HI_009000310300566,HI,0,0.013928020581386046,0,0.04427388794259602,0,0.00089768355,0
HI_009000310300609,HI,0,0.03500008060597647,0,0.03979097699053806,0,0.0005849328,0
HI_009000310300736,HI,0,0.00035513996675407304,0,0.0038275432002320506,0,0.00027096286,0
HI_009000310900001,HI,0,2.806312049149368e-08,0,0.020511544223787433,0,0.00019673564,0
HI_009000310902758,HI,0,0.0020004569583071297,0,0.08038541609300083,0,0.0003812772,0
HI_009000310902825,HI,0,1.6804027925280607e-06,0,0.06912752152715597,0,0.0001066238,0
HI_009000310902857,HI,0,2.2505384032310014e-07,0,0.03372518400971178,0,0.0004584623,0
HI_009000310903514,HI,0,2.3568255387311832e-05,0,0.09999068167715126,0,0.0010987703,0
HI_009000310903847,HI,0,0.005146339388512363,0,0.050794595178072326,0,0.0016714687,0
HI_009000320400050,HI,0,0.016204843600094724,0,0.06575601726007975,0,0.0029331357,0
HI_009000321200060,HI,0,0.002221919858123603,0,0.05904542524600356,0,0.00043458055,0
HI_009000360300228,HI,0,5.60883597326992e-05,0,0.022089876730950874,0,0.0009785654,0
HI_009000360301008,HI,0,0.00010564694131218237,0,0.0396903874936478,0,0.0012827006,0
HI_009000360301365,HI,0,0.0013583751346249297,0,0.0034836174600172765,0,0.00023881867,0
HI_009000360301545,HI,0,0.00033108487573729165,0,0.005420173996982982,0,0.0003160079,0
HI_009000370300759,HI,0,1.6765932080538267e-05,0,0.06212757210303662,0,0.00085945317,0
HI_009000370300802,HI,0,0.00013628045751787367,0,0.07997745080721624,0,0.00055999856,0
HI_009000370300900,HI,0,1.7902131723600037e-05,0,0.05154627319464097,0,0.00022325387,0
HI_009000370301125,HI,0,3.557158668866699e-07,0,0.03492862836920849,0,0.0006070831,0
HI_009000370301383,HI,0,2.336085418290984e-05,0,0.0692429155697258,0,0.0014758854,0
HI_009000370301511,HI,0,0.001326425298680945,0,0.007689908833695714,0,0.0015291987,0
HI_009000370301975,HI,0,8.306711956334812e-05,0,0.002578372835471263,0,0.00017536861,0
HI_009000370301976,HI,0,1.467690521732702e-05,0,0.014574763070076258,0,0.00033205395,0
HI_009000370600169,HI,0,5.874712297745e-06,0,0.007825791176413369,0,0.000474557,0
HI_009000370600247,HI,0,1.4542952749714263e-06,0,0.005879571207270761,0,0.00036694776,0
HI_009000371100001,HI,0,5.413672972299097e-05,0,0.027684263289253826,0,0.00017583843,0
HI_009003110300275,HI,0,1.319301417764796e-06,0,0.0005976430976430976,0,0.00012438312,0
HI_009003110300469,HI,0,4.7129868854499465e-07,0,0.0005976430976430976,0,0.000110575,0
HI_009003110300516,HI,0,1.0747307089938537e-06,0,0.0006366579720639705,0,0.00019908801,0
HI_009003110300569,HI,0,4.478831314391614e-07,0,0.0007027051797825436,0,0.00012605751,0
HI_009003110300637,HI,0,1.1028453754993201e-07,0,0.0005976430976430976,0,0.00026769305,0
HI_009003201100001,HI,1,0.5609947131818206,0,0.37717506105765947,0,0.062778026,0
HI_009003400500004,HI,0,7.396268690154673e-05,0,0.0050690105965056605,0,0.003186448,0
HI_009003400500233,HI,0,0.009685264442176938,0,0.05222936204085791,0,0.0029171421,0
HI_009003400900277,HI,0,1.3174285184679828e-05,0,0.07888666877918318,0,0.0024067687,0
HI_009003400900584,HI,0,2.112947342355824e-05,0,0.15028613453027567,0,0.0038746179,0
HI_009003400900927,HI,0,3.827692192938012e-05,0,0.07196232771081248,0,0.0012440877,0
HI_009003600500045,HI,0,0.00013142209522275033,0,0.0002009584765434826,0,0.00022418282,0
HI_009003600500241,HI,0,0.007638152472806677,0,0.08211662410818657,0,0.0005175901,0
HI_009003600500509,HI,0,0.008593284794608221,0,0.15341050291075026,0,0.0009915384,0
HI_009003600500588,HI,0,6.957329905515585e-05,0,0.15772095444003556,0,0.000283668,0
HI_009003600500624,HI,0,1.1501403107087006e-05,0,0.08629649748886616,0,0.00011031014,0
HI_009003600500797,HI,0,0.00353320021629839,0,0.176809143278996,0,0.006489115,0
HI_009003600500858,HI,0,4.7053591587156634e-05,0,0.13221338639619823,0,0.00023209123,0
HI_009003600500990,HI,0,0.0017060518248683627,0,0.08384588463803333,0,0.00072939036,0
HI_009003600501098,HI,0,0.1388328481807508,0,0.13461603071012196,0,0.0015805088,0
HI_009003600501140,HI,0,1.7684231757758126e-07,0,0.010515824015233589,0,0.00010839848,0
HI_009003600501145,HI,0,0.002679270322465247,0,0.04896513458381203,0,0.0010728289,0
HI_009003600501280,HI,0,1.4250070535579985e-05,0,0.012679514072824997,0,0.00014866586,0
HI_009003600501283,HI,0,1.1758389205617037e-05,0,0.012669997099636546,0,8.681134e-05,0
HI_009003600501317,HI,1,0.5123442568096218,0,0.29720814103803855,0,0.005333447,0
HI_009003600501372,HI,0,0.4135403739515008,0,0.22842968707254424,0,0.006833116,0
HI_009003600501430,HI,0,1.2253275950269184e-05,0,0.015988649348157587,0,9.4375915e-05,0
HI_009003600501540,HI,0,9.244006385385676e-05,0,0.14738484313281136,0,0.00065256486,0
HI_009003600501662,HI,0,0.0034947115693099557,0,0.09746693945725045,0,0.0015336785,0
HI_009003600501679,HI,0,0.004467615733341038,0,0.1106327650594785,0,0.0016251605,0
HI_009003600501811,HI,0,7.870466059956624e-05,0,0.10820775871414892,0,0.0026272058,0
HI_009003600501910,HI,0,6.403531100162519e-05,0,0.011178184782769985,0,7.227846e-05,0
HI_009003600501920,HI,0,1.702302718523494e-05,0,0.01912123747283212,0,0.00026776604,0
HI_009003600501942,HI,0,0.01621051438404442,0,0.062234812577993175,0,0.0037937618,0
HI_009003600501980,HI,0,1.108612854945839e-05,0,0.0161119396316203,0,0.000112618436,0
HI_009003600502086,HI,0,1.220929142038071e-05,0,0.04917007779437926,0,0.0001347821,0
HI_009003600502131,HI,0,6.471674616601959e-05,0,0.13811618519903898,0,0.0004964011,0
HI_009003600502189,HI,0,0.0010320627421086354,0,0.10296206749916717,0,0.0022152017,0
HI_009003600502231,HI,0,0.003316429667896163,0,0.10018320483950358,0,0.0035810596,0
HI_009003600502250,HI,0,0.00099771885717599,0,0.05154222665327371,0,0.00073636294,0
HI_009003600502301,HI,0,0.026505404250455725,0,0.1483758673031322,0,0.002620299,0
HI_009003600502339,HI,0,0.0017885816239076402,0,0.054919192010345445,0,0.001331275,0
HI_009003600502402,HI,0,0.03517294468218299,0,0.11561195362184443,0,0.0025625122,0
HI_009003600502502,HI,0,0.005326462395466523,0,0.06294818880509363,0,0.0020855414,0
HI_009003600502523,HI,0,0.02224259552144882,0,0.0811695449425561,0,0.0016911083,0
HI_009003600502546,HI,0,0.00445260566703472,0,0.12562204413819938,0,0.0016451565,0
HI_009003600502598,HI,0,5.625885318723003e-05,0,0.08286256841648341,0,0.00041634202,0
HI_009003600502652,HI,0,5.633752535595753e-05,0,0.08286256841648341,0,0.00039892073,0
HI_009003600502664,HI,0,0.0013066802262872834,0,0.05278601228014799,0,0.0011308386,0
HI_009003600502681,HI,0,7.057669197519014e-05,0,0.13630829850816076,0,0.0007145092,0
HI_009003600502697,HI,0,0.006057248963293664,0,0.12542476321580281,0,0.0030230414,0
HI_009003600502702,HI,0,0.010641914528063052,0,0.11918508350586277,0,0.0017495729,0
HI_009003600502779,HI,0,0.0004982585007035041,0,0.05128658510636242,0,0.00031681635,0
HI_009003600502795,HI,0,0.007833597425980322,0,0.16071005250577552,0,0.004762348,0
HI_009003600502801,HI,0,0.0027579315329630005,0,0.11026753008409627,0,0.0022449275,0
HI_009003600502835,HI,0,0.0030904911820570638,0,0.0755834937460715,0,0.0016444925,0
HI_009003600502922,HI,0,0.004336175739716062,0,0.08747621654387029,0,0.0012853697,0
HI_009003600502958,HI,0,0.094571266287245,0,0.1276329494721289,0,0.0062804315,0
HI_009003600503347,HI,0,4.893988558874856e-06,0,0.04892959735650596,0,0.00023071868,0
HI_009003600703365,HI,0,3.629620874225744e-05,0,0.14673541252788927,0,0.003633669,0
HI_009003600903873,HI,0,1.492856528679042e-05,0,0.06880829122007037,0,0.00048170827,0
HI_009003600903909,HI,0,0.001411908206827281,0,0.03878626626373935,0,0.0060468945,0
HI_009003600903922,HI,0,0.01494627441282356,0,0.038137428771807175,0,0.0034184144,0
HI_009003600903947,HI,0,0.00030171888812974664,0,0.05864703924371346,0,0.0058767125,0
HI_009003600904058,HI,0,0.00013513711762741445,0,0.1060647031551018,0,0.00039916154,0
HI_009003600904304,HI,0,0.001471893802207479,0,0.0668817183035989,0,0.0016230056,0
HI_009003600904329,HI,0,1.895248111363284e-05,0,0.0659749343589373,0,0.0007506794,0
HI_009003600904358,HI,0,0.01455303034701346,0,0.09875906718535896,0,0.0018587002,0
HI_009003600904386,HI,0,0.00016595111416037084,0,0.15605851360236772,0,0.002696071,0
HI_009003600904464,HI,1,0.9451096594902928,1,0.9539881331607779,1,0.990058,1
HI_009003600904475,HI,0,1.540161789858995e-07,0,0.09654603833104096,0,0.00080436334,0
HI_009003600904494,HI,0,9.086379521866986e-08,0,0.013487030481305867,0,0.0002329139,0
HI_009003600904542,HI,1,0.9981730430119675,1,0.9599207822984412,1,0.99576426,1
HI_009003600904579,HI,0,0.00010869911234239413,0,0.2388710188376716,0,0.001837053,0
HI_009003600904636,HI,0,2.7504135513114823e-07,0,0.06401106593383038,0,0.0008190325,0
HI_009003600904803,HI,0,1.834824607996938e-07,0,0.05258890889238053,0,0.00049148826,0
HI_009003600904864,HI,0,9.324845434996747e-05,0,0.2275370548043979,0,0.0019717903,0
HI_009003600904984,HI,0,2.9502398458079523e-05,0,0.03557925801216486,0,0.0005244514,0
HI_009003650700070,HI,0,0.00013473222640748896,0,0.0527680266296812,0,0.0006616243,0
HI_009003650700299,HI,0,0.01955421252056331,0,0.12137899833776408,0,0.0019192264,0
HI_009003700700620,HI,0,0.0009456660782274015,0,0.036815972739472055,0,0.0003258916,0
HI_009003770500053,HI,0,9.127025189434982e-05,0,0.10056981054429694,0,0.0012498297,0
HI_009003770500058,HI,0,1.5284019001588814e-05,0,0.07440984944046235,0,0.0008662835,0
HI_009003770500217,HI,0,3.8269073195135e-05,0,0.09211384009750324,0,0.00042079657,0
HI_009003770500255,HI,0,5.603514706298629e-05,0,0.13727596995906918,0,0.0007175683,0
HI_009003770500349,HI,0,0.0020934696178691167,0,0.07314830253724998,0,0.00060202583,0
HI_009003770500540,HI,0,2.0264791693540953e-05,0,0.06729780257608105,0,0.00032852913,0
HI_009003780500770,HI,0,5.4427402197465754e-05,0,0.09040536505047338,0,0.0011441818,0
HI_009003780500850,HI,0,9.600268325320347e-05,0,0.09816049715018942,0,0.0027040076,0
HI_009003800500062,HI,0,0.009842446476526167,0,0.05682164492864981,0,0.001061895,0
HI_009003800500063,HI,0,0.004612667830275658,0,0.015394728505794332,0,0.00076546223,0
HI_009003800500180,HI,0,4.456531679857182e-06,0,0.007913513772031257,0,0.0002463465,0
HI_009003800500181,HI,0,3.5061622649919277e-05,0,0.0014672442282357644,0,0.0002587886,0
HI_009003800500205,HI,0,0.0030650849127502188,0,0.0199175897558331,0,0.00095007435,0
HI_009003800500206,HI,0,0.0026069669266835277,0,0.029294133235125776,0,0.0009024768,0
HI_009003800500306,HI,0,0.008403924674934535,0,0.022324895706767097,0,0.0005177087,0
HI_009003800500307,HI,0,0.03767604825473202,0,0.03428821100700168,0,0.0006310206,0
HI_009004500500200,HI,1,0.6225423429578654,0,0.3330864666627633,0,0.029439012,0
HI_009004500500394,HI,0,8.269920501027554e-05,0,0.0960198599495171,0,0.0004601337,0
HI_009004500500511,HI,0,3.1603596248622003e-06,0,0.0043423590359467626,0,4.791297e-05,0
HI_009004500500964,HI,0,0.0002578028680373504,0,0.0473436651940636,0,0.0002985684,0
HI_009004500900268,HI,0,1.1547447191525855e-07,0,0.03670754917651553,0,0.0003315478,0
HI_009004500900389,HI,0,1.6418109945138062e-07,0,0.08395777953735004,0,0.0010390744,0
HI_009004500900536,HI,1,0.8446032807204888,0,0.3804095473426731,0,0.15594257,0
HI_009004500900650,HI,0,1.2888269585242138e-07,0,0.03479553063777899,0,0.0011760304,0
HI_009004500900778,HI,0,1.941646246344464e-05,0,0.008147825079983687,0,0.00026251175,0
HI_009004500900886,HI,0,0.00011735684319925274,0,0.042717277476402755,0,0.0013624253,0
HI_009004500901040,HI,0,0.004102412959108674,0,0.040573228675967556,0,0.005801567,0
HI_009004600501273,HI,0,1.1663174782359716e-05,0,0.003598106670987839,0,0.0002962911,0
HI_009004600501402,HI,0,5.511466005096118e-05,0,0.04962134011251278,0,0.0010442387,0
HI_009004600501425,HI,0,5.8941128933209314e-05,0,0.05713435952520998,0,0.0010697525,0
HI_009004600501473,HI,0,4.507671419895281e-05,0,0.059982869583970255,0,0.00090176845,0
HI_009004600501489,HI,0,4.279375219785789e-05,0,0.04859994207277475,0,0.0008358266,0
HI_009004600501611,HI,0,5.227190061695869e-05,0,0.008812908210440631,0,0.0014637943,0
HI_009030001400063,HI,0,0.00028769154672609476,0,0.01456193180454525,0,0.001085798,0
HI_009030001400153,HI,0,1.30626431829155e-06,0,0.021911996882489244,0,0.00031278067,0
HI_009030001400177,HI,0,2.719540956929363e-06,0,0.020821932371263955,0,0.00034667095,0
HI_009030001400208,HI,0,1.9703503885763091e-07,0,0.0059789172733175,0,6.612052e-05,0
HI_009030001400216,HI,0,1.299517955222491e-07,0,0.002689645454969732,0,0.00041273772,0
HI_009030001400217,HI,0,1.3150081234338693e-07,0,0.0021085845843037245,0,0.0002460639,0
HI_009030001400363,HI,0,1.2128726764712843e-05,0,0.001765722280004464,0,0.000208903,0
HI_009030001400364,HI,0,8.95816998644229e-05,0,0.0027563443048582645,0,0.00020494574,0
HI_009030001400374,HI,0,1.7553049499398683e-05,0,0.005561430619632606,0,0.00021267837,0
HI_009030001400449,HI,0,0.00013799360141856105,0,0.008796846061040156,0,0.00039807722,0
HI_009030101100001,HI,0,0.0015156442341136313,0,0.013086373130917725,0,0.0011068322,0
HI_009030801100001,HI,0,0.00019284868534491748,0,0.0156883361911308,0,0.0010147556,0
HI_009030801100002,HI,0,0.0007032929543851953,0,0.0024879749579922094,0,0.00019543828,0
HI_009030801100004,HI,0,2.3854105922972872e-09,0,0.009230983065776143,0,0.00021751726,0
HI_009031001700279,HI,0,1.0902732538393451e-05,0,0.005888528803210556,0,0.00053502654,0
HI_009034001400162,HI,0,0.0011388408899219056,0,0.0575835910425707,0,0.0012510897,0
HI_009311301200001,HI,0,1.9643724182142677e-05,0,0.09693390953555156,0,0.0020263155,0
HI_009313201100001,HI,0,0.0036750646538808163,0,0.032558397727996694,0,0.0010795719,0
HI_009313401100001,HI,0,0.0038926914600079217,0,0.03958222607304815,0,0.0012758463,0
HI_009332001100001,HI,0,1.5489436999046162e-05,0,0.09196132417252507,0,0.0004033177,0
HI_009339001100001,HI,0,0.0003131832652279835,0,0.24854800120413212,0,0.0035225144,0
HI_009358001100001,HI,0,0.001949681699404742,0,0.08360475429775906,0,0.0040269718,0
HI_009372001100001,HI,0,0.0002612586647208501,0,0.01694074345989659,0,0.0048332685,0
HI_009384001100001,HI,0,7.003364196153691e-06,0,0.022026813200946214,0,0.000116782285,0
HI_8290001P0000000,HI,0,8.659962137835e-05,0,0.10732645376084406,0,0.0004923571,0
HI_8896001P0000000,HI,0,0.12508055001829074,0,0.41574242448061166,0,0.2681951,0
HI_AFHIBFMV00001,HI,0,9.779505335570397e-06,0,0.0035824949597142307,0,0.0010688743,0
HI_AFHIBFMV85103,HI,0,0.19884916145803025,0,0.4415747336230092,0,0.29002538,0
HI_DAPPACKIP000055,HI,0,7.939539743488402e-06,0,0.15046167497344232,0,0.0009414433,0
HI_DAPPACKIP000056,HI,0,0.0012606302632438445,0,0.07492979369612052,0,0.0072540506,0
HI_DAPPACKIP000057,HI,0,1.1025701430004825e-05,0,0.06173212590445178,0,0.0013436838,0
HI_DAPPACKIP000058,HI,0,1.327803190365082e-06,0,0.03905166394152619,0,0.00060706027,0
HI_DAPPACSCH00B001,HI,0,0.05978407726647902,0,0.11605373248048013,0,0.0018099843,0
HI_DAPPACSCH00B005,HI,0,1.2196388594278194e-06,0,0.06714557981503756,0,0.00049095094,0
HI_DAPPACSCH00B009,HI,0,0.0407633017299797,0,0.08020095295253908,0,0.003646302,0
HI_DAPPACSCH00B010,HI,0,0.00019360040219867483,0,0.09101846401023289,0,0.000329641,0
HI_DAPPACSCH0SRBR1,HI,0,3.1967982043926384e-05,0,0.0005759024169606084,0,0.00022820337,0
HI_DAPPACSCH0SRBR3,HI,0,6.767359687010004e-05,0,0.0005759024169606084,0,0.0002446115,0
HI_DAPPACSCH0TAB1,HI,0,1.786293752708435e-05,0,0.006949310614004829,0,0.0022777836,0
HI_DAPPACSCHB008,HI,0,0.044117412157016575,0,0.156114726742343,0,0.0032726761,0
HI_DAPPACSHA000137,HI,0,5.161481673834898e-06,0,0.06705541432537515,0,0.00032327956,0
HI_DAPPACSHA00B201,HI,0,0.00046996872779553887,0,0.10062768864378102,0,0.0010533043,0
HI_DAPPACSHA00B321,HI,0,9.06881807655347e-05,0,0.05243238430610013,0,0.00017766144,0
HI_DAPPACSHA00B513,HI,0,0.00035937763761843957,0,0.06682481134899879,0,0.0016905505,0
HI_DAPPACSHA00B750,HI,0,6.843871982774464e-05,0,0.0020470222851175232,0,0.00045905268,0
HI_DAPPACSHA00B801,HI,0,3.6035022908715176e-06,0,0.1614858948792639,0,0.0005018122,0
HI_DAPPACSHA0B1207,HI,0,5.5765658056462104e-05,0,0.001620036672709916,0,0.0009275366,0
HI_DAPPACSHA0B1608,HI,0,1.1395915098878558e-06,0,0.02376781713922196,0,4.288859e-05,0
HI_DAPPACWAK000001,HI,0,2.760367771865273e-07,0,0.05409021258101176,0,0.00029760785,0
DE_1001 279,DE,0,2.248485559154635e-06,0,0.09917589097335275,0,0.00050838105,0
DE_1001A279,DE,0,0.00024228760796122893,0,0.012243824492797942,0,0.0013717146,0
DE_1001B009,DE,0,7.0869662178518465e-06,0,0.0032258736038131334,0,0.00099453,0
DE_1002 232,DE,0,3.556385790188971e-05,0,0.07614157951487698,0,0.00045715377,0
DE_1003 225,DE,0,6.744581188972515e-06,0,0.0006601284479950284,0,6.6139626e-05,0
DE_1008 221,DE,0,0.00015839487094815188,0,0.1115890421922364,0,0.00022161238,0
DE_1009 221,DE,0,0.0030437565932107573,0,0.030227840188600114,0,0.00024663156,0
DE_1011N267,DE,0,3.6190665158162166e-06,0,0.0016380712059200127,0,5.7342084e-05,0
DE_1011S267,DE,0,3.605160838476287e-06,0,0.019443541531439706,0,6.442261e-05,0
DE_1014 221,DE,0,0.004142668968758007,0,0.07458300529977584,0,0.0020191416,0
DE_1016 221,DE,0,0.00442629038967092,0,0.029171271594116626,0,0.0017893575,0
DE_1017 221,DE,0,0.0011656658029776607,0,0.011567122890295232,0,0.00046905942,0
DE_1018 221,DE,0,0.0017615920562552786,0,0.025903448549237474,0,0.00068982784,0
DE_1020 232,DE,0,1.3163900852205184e-05,0,0.04408576763108404,0,0.00029156875,0
DE_1023A231,DE,1,0.7433327075940159,0,0.32279727319273893,0,0.057662282,0
DE_1024 004,DE,0,2.3558114554388345e-05,0,8.97554936552151e-05,0,6.0979597e-05,0
DE_1026 203,DE,0,0.0002875582175867763,0,0.01221572010866176,0,0.00038647602,0
DE_1032 203,DE,0,1.1462309402479158e-05,0,0.011694712694424802,0,0.0001068087,0
DE_1033 203,DE,0,9.752411336280315e-06,0,0.011065170921817441,0,5.3015236e-05,0
DE_1035 203,DE,0,0.011903060656500344,0,0.031954133051481044,0,0.0007459764,0
DE_1038 209,DE,0,0.00019699260139920255,0,0.009260064118172855,0,0.00015708343,0
DE_1041 206,DE,0,0.00010825400357621102,0,0.0019919463640500268,0,0.00022496976,0
DE_1043 215,DE,0,7.245140097142344e-05,0,0.0035044917171403287,0,0.00035899592,0
DE_1043B043,DE,0,0.001758050849041833,0,0.045900402915645594,0,0.0012754069,0
DE_1044 214,DE,0,0.00043061132298206054,0,0.0005258693166126201,0,0.00015697234,0
DE_1045 000,DE,0,7.877972633200211e-08,0,0.0005062618846831499,0,4.9483435e-05,0
DE_1048 210,DE,0,0.0018876177415790263,0,0.0585446766096846,0,0.00097171596,0
DE_1051A209,DE,0,0.0005156099841534513,0,0.17176677879052404,0,0.0007626928,0
DE_1052A017,DE,0,1.5529193939123324e-14,0,0.0026927374654559812,0,5.6563917e-05,0
DE_1054 207,DE,0,9.65941390276793e-08,0,0.0031425913961721,0,6.115867e-05,0
DE_1054A017,DE,0,7.928736418647281e-09,0,0.003271831072580718,0,5.885558e-05,0
DE_1055 207,DE,0,0.0008580259899730532,0,0.03947591395282838,0,0.00077121827,0
DE_1056 207,DE,0,0.06448383709919894,0,0.09263595237074032,0,0.0075234016,0
DE_1057A024,DE,0,1.242720343805997e-07,0,0.007959228892926573,0,5.738656e-05,0
DE_1058 217,DE,0,0.004204475787479939,0,0.010236766769053683,0,0.00025564982,0
DE_1059 000,DE,0,0.00014370451769387142,0,0.0005300974806009493,0,0.00034140993,0
DE_1061 000,DE,0,0.012243548460097418,0,0.10538855806517525,0,0.000741337,0
DE_1062 000,DE,0,8.415538411440727e-05,0,0.00011220218276857087,0,0.00028394075,0
DE_1063 000,DE,0,7.324331035993662e-05,0,0.00011220218276857087,0,0.0003133666,0
DE_1065 000,DE,0,0.0004508631503161681,0,0.000644634309036628,0,0.00013121535,0
DE_1067 000,DE,0,8.437631352216075e-05,0,0.020276053549097714,0,0.0003346954,0
DE_1068 235,DE,0,1.545933304421368e-08,0,0.018774804596315798,0,0.004563011,0
DE_1069 232,DE,0,4.591874117265845e-08,0,0.017987890540173874,0,0.00021306341,0
DE_1071 232,DE,0,7.4103827838529776e-06,0,0.0010938721292754804,0,0.00011278856,0
DE_1073C017,DE,0,8.991164206176809e-07,0,0.0011455298554146826,0,8.660479e-05,0
DE_1073D017,DE,0,1.0418383825656448e-06,0,0.00155142554702466,0,7.2461e-05,0
DE_1074C207,DE,0,0.0001138802029290066,0,0.0448196361007435,0,0.0003316847,0
DE_1077 004,DE,0,5.286770987618827e-14,0,0.0022802368947579033,0,3.795384e-05,0
DE_1079 004,DE,0,1.3919966755176387e-11,0,0.003166575620335579,0,0.00040177815,0
DE_1088 244,DE,0,9.558431624026631e-06,0,0.036759494429697954,0,0.0001852524,0
DE_1097 243,DE,0,2.7992615992147467e-06,0,0.00011220218276857087,0,6.7896646e-05,0
DE_1099 243,DE,0,1.2043381872390065e-07,0,0.0022679463017347677,0,6.867703e-05,0
DE_1102 000,DE,0,6.377826200927755e-08,0,0.010357757972900917,0,8.509912e-05,0
DE_1103 000,DE,0,0.08410604327805254,0,0.16672741161019378,0,0.003295223,0
DE_1105 241,DE,0,6.468891083070513e-05,0,0.001452295374459586,0,0.00018174914,0
DE_1111 253,DE,0,1.4910761646298905e-05,0,0.04688899896145757,0,0.0002751133,0
DE_1112 257,DE,0,0.0038077965194706956,0,0.17292170686937813,0,0.001306908,0
DE_1118 258,DE,0,0.010009449882446876,0,0.13355087860425377,0,0.0020470999,0
DE_1119 261,DE,0,6.838357998587304e-07,0,0.18367471233343502,0,0.00022246936,0
DE_1120 261,DE,0,0.0010111029322818078,0,0.011030447224076338,0,0.004881446,0
DE_1127 251,DE,0,4.889861718953799e-09,0,0.0077393706984298155,0,0.0001389645,0
DE_1128 258,DE,0,9.253379892234576e-05,0,0.045512512267944526,0,0.00022855002,0
DE_1130 261,DE,1,0.5679919215746293,0,0.17902823974999454,0,0.013714771,0
DE_1135 259,DE,0,2.1539833113130004e-09,0,0.039894647959608884,0,0.00013095448,0
DE_1137 263A,DE,0,1.746465392678535e-05,0,0.0816005269418813,0,0.0007236938,0
DE_1138 237,DE,0,1.2001015342975777e-14,0,0.0023919120216614564,0,5.158846e-05,0
DE_1143 271,DE,0,6.177629245964517e-08,0,0.0006639146902004045,0,3.348152e-05,0
DE_1145 270,DE,0,5.7739751430459784e-05,0,0.0006066858195481383,0,0.00010453401,0
DE_1147 270,DE,0,4.703843531544517e-05,0,0.03752742340219692,0,0.00010246524,0
DE_1148A330,DE,0,2.786546341137242e-06,0,0.017015582101748375,0,0.0005591444,0
DE_1149 021,DE,0,4.4026678532882856e-07,0,0.00013300846023688666,0,2.2897004e-05,0
DE_1150 011B,DE,0,6.298629879351432e-07,0,0.018059298389132495,0,0.0043692426,0
DE_1151 011C,DE,0,2.308753465877878e-06,0,0.008715759458174757,0,0.0016994656,0
DE_1152 011,DE,0,4.0100672489731635e-06,0,0.0018154918534308783,0,0.00012203941,0
DE_1153 011,DE,0,0.0024877189760821646,0,0.013193471373873852,0,0.00065517693,0
DE_1154 000,DE,0,0.0012023895456283998,0,0.009864488751179889,0,0.00040202623,0
DE_1155 012,DE,0,5.3608888113733755e-06,0,0.16671956370078592,0,0.0006548951,0
DE_1156 331,DE,0,3.9575189970643525e-06,0,0.011850845341427885,0,5.7733407e-05,0
DE_1157E336,DE,0,0.00010212556094678795,0,0.040712834922370926,0,0.00015224337,0
DE_1157W336,DE,0,7.526864000112341e-05,0,0.03358590490206778,0,0.00023654639,0
DE_1159 327,DE,1,0.7704989131061333,0,0.2691044564867796,0,0.12039208,0
DE_1160 336,DE,0,0.0008435255127149441,0,0.008287620473671771,0,0.00029033076,0
DE_1161 027A,DE,0,0.000450509544717051,0,0.09482196823574963,0,0.0038591672,0
DE_1162 021,DE,0,9.340148325525577e-06,0,0.014258813699583045,0,0.0001169915,0
DE_1163 021,DE,0,1.8374367248989283e-05,0,0.0077708055075535725,0,6.641988e-05,0
DE_1166 282,DE,0,3.888651168130736e-05,0,0.0049806983497062505,0,0.00030201074,0
DE_1167 090A,DE,0,2.9846937065000568e-05,0,0.00022030666311402926,0,0.00022162929,0
DE_1172A275,DE,0,2.2140335763891704e-05,0,0.003965962625986729,0,0.00017992366,0
DE_1177 274,DE,0,0.0030816233141216466,0,0.10215213026890305,0,0.0022442448,0
DE_1179 282,DE,0,9.519296955717731e-05,0,0.0038072134966353776,0,0.00012908046,0
DE_1180 000,DE,0,1.538068849252807e-05,0,0.00039426764799361727,0,0.00013330276,0
DE_1182 270,DE,0,0.0008786816410227356,0,0.2611768328231549,0,0.0025041446,0
DE_1184 282,DE,0,0.0032674463289233393,0,0.023986670026596057,0,0.0010247539,0
DE_1187 283,DE,0,0.00021990417791920111,0,0.003878477020972345,0,0.00030214986,0
DE_1188 000,DE,0,8.211078806837605e-06,0,0.00011220218276857087,0,0.00019364253,0
DE_1190 031,DE,0,0.0001598476128118164,0,0.006017265641048866,0,0.00023565651,0
DE_1191 318,DE,0,7.349851124316438e-08,0,0.010159793415283698,0,0.00013655359,0
DE_1192 318C,DE,0,0.004042493785900243,0,0.1365489557463657,0,0.0028561282,0
DE_1193 332,DE,0,0.008707773335695264,0,0.08879818582482876,0,0.0016208475,0
DE_1196 316,DE,0,1.3358472042024285e-07,0,0.0012166148095743444,0,7.424583e-05,0
DE_1200 321,DE,0,0.0007414284078095546,0,0.0005635910716574597,0,9.617631e-05,0
DE_1201 000,DE,0,2.451514541176317e-07,0,0.0006004441969361143,0,5.1689167e-05,0
DE_1202 298,DE,0,0.0021423246025370456,0,0.026733687982612137,0,0.000507201,0
DE_1203 013,DE,0,2.1307425611754624e-06,0,0.03036010849820043,0,0.0010707093,0
DE_1211A011,DE,0,0.0003796149363187705,0,0.04258807265381025,0,0.00093681423,0
DE_1212 322,DE,0,0.07251268324843348,0,0.0813126027614538,0,0.0016158705,0
DE_1216 329,DE,0,0.000899130694894934,0,0.14026921382584792,0,0.0013696933,0
DE_1218 302,DE,0,6.114557536835114e-06,0,0.018172463326322063,0,5.8659076e-05,0
DE_1220 336A,DE,0,7.003447444368895e-09,0,0.0004203299659914917,0,5.009416e-05,0
DE_1222 336A,DE,0,1.535494939691471e-06,0,0.009920904835617077,0,7.7865465e-05,0
DE_1223 6278,DE,0,7.100474668542999e-07,0,0.0055281052043927095,0,0.0002375807,0
DE_1224 325,DE,0,0.00010399800977611582,0,0.01473194283779457,0,0.00016159017,0
DE_1229 303,DE,0,5.8708324271547866e-06,0,0.01606714171838297,0,0.00031608142,0
DE_1229A011,DE,0,0.01703807935305506,0,0.06529117220705634,0,0.001052714,0
DE_1229B011,DE,0,0.012323434254432301,0,0.07877925307121582,0,0.0036435195,0
DE_1230 352,DE,0,1.6290756588094524e-06,0,0.010164263428663323,0,9.443028e-05,0
DE_1231 013,DE,0,0.01227935402532113,0,0.10158560963054397,0,0.0023599705,0
DE_1233 012,DE,0,1.0016869605574603e-07,0,0.004570485404541782,0,0.0002362252,0
DE_1234 011,DE,0,0.0003897984890046327,0,0.07327660424339362,0,0.0019954294,0
DE_1235 020,DE,0,1.0158579904436537e-07,0,0.00037154426432155907,0,4.222212e-05,0
DE_1236 352,DE,0,0.0131120643830349,0,0.050413456135330034,0,0.0006445282,0
DE_1241E336,DE,0,5.855168267389253e-05,0,0.0001523140011716462,0,9.135146e-05,0
DE_1241W336,DE,0,5.005685699188796e-05,0,0.0020600239958654238,0,9.942911e-05,0
DE_1242 352,DE,0,3.625247719024231e-05,0,0.0010397815478479361,0,8.286821e-05,0
DE_1245 355,DE,0,5.992807552347714e-05,0,0.03896867552473805,0,0.0002934176,0
DE_1246 347,DE,0,1.1621214912697714e-05,0,8.97554936552151e-05,0,9.7945274e-05,0
DE_1247 000,DE,0,2.72633774763288e-05,0,0.0018286414732032253,0,0.000381591,0
DE_1251 355,DE,0,1.5174085180271907e-07,0,0.0006161142807616585,0,0.0001000289,0
DE_1253 026,DE,0,5.589816349108128e-07,0,0.0026616257790900094,0,3.2254193e-05,0
DE_1254 350,DE,0,0.00016361765240066476,0,0.005860016572899444,0,0.00016781363,0
DE_1255 018C,DE,0,0.0012221571578299353,0,0.01178933906539141,0,0.00048929057,0
DE_1256 339,DE,1,0.6485518975623792,0,0.08744629489352765,0,0.0053534405,0
DE_1257 018A,DE,0,1.4926201091109202e-05,0,0.03680019398606121,0,0.00052488473,0
DE_1260 346,DE,0,0.0002698568097582624,0,0.0027555085110693434,0,0.00028272436,0
DE_1261 048,DE,0,2.36431793264799e-05,0,0.002198100145335186,0,0.0003494864,0
DE_1262N336,DE,0,2.0442365868175073e-06,0,0.006697316312038326,0,6.6243025e-05,0
DE_1262S336,DE,0,2.0871526614436807e-06,0,0.002826348570102841,0,8.155128e-05,0
DE_1264N336,DE,0,1.0155954582961065e-06,0,0.0001720233346577596,0,5.1148178e-05,0
DE_1264S336,DE,0,1.0493520149128708e-06,0,0.0001720233346577596,0,5.4859025e-05,0
DE_1266 026,DE,0,5.306056188543125e-06,0,2.244668911335578e-05,0,0.00016069545,0
DE_1266A347,DE,0,9.536337692461604e-07,0,0.0012887694464044073,0,5.0447332e-05,0
DE_1266B347,DE,0,1.4165569607173288e-06,0,0.0012887694464044073,0,5.8650017e-05,0
DE_1267 026,DE,0,2.0535557313181175e-05,0,0.0004451066849749261,0,8.781546e-05,0
DE_1267N067,DE,0,2.8635097321948438e-06,0,0.0009166466946707523,0,0.00012575377,0
DE_1267S067,DE,0,4.145666462974337e-06,0,0.002246649417095417,0,0.00010737209,0
DE_1268A6052,DE,0,1.989323222093191e-06,0,0.000669754130722016,0,0.00011135632,0
DE_1268B6052,DE,0,3.991764992512197e-06,0,0.009626865251928811,0,0.00010879758,0
DE_1274 312,DE,0,7.652183665414258e-05,0,0.0010483374182871116,0,0.00022669425,0
DE_1275 312,DE,0,0.0015867294060307058,0,0.030803379490081485,0,0.0005780777,0
DE_1276 041,DE,0,0.00018057935740837643,0,0.001722710414058925,0,0.00022920799,0
DE_1277 363,DE,0,0.002844186048540262,0,0.051193769751141115,0,0.0015302212,0
DE_1279E003,DE,0,2.2930841360921336e-06,0,0.0006457886390474434,0,7.1728195e-05,0
DE_1279W003,DE,0,2.2383720204332368e-06,0,0.0006457886390474434,0,4.1489693e-05,0
DE_1280 360,DE,0,0.0030621857107023215,0,0.03761115922582467,0,0.00068636535,0
DE_1281 366,DE,0,3.3629557097378483e-06,0,0.006897345352291972,0,0.000102303755,0
DE_1282 366,DE,0,1.6802456420983873e-06,0,0.0005404428406891137,0,0.00012926225,0
DE_1286A6505,DE,0,2.1800038343510875e-08,0,0.002643112824186269,0,4.856629e-05,0
DE_1286E018,DE,0,9.689519961351415e-07,0,0.015839305986537665,0,8.873146e-05,0
DE_1286W018,DE,0,9.691725002052138e-07,0,0.014237574384806063,0,8.62639e-05,0
DE_1287E018,DE,0,7.214021170432953e-07,0,0.0058185416256570505,0,6.487481e-05,0
DE_1287W018,DE,0,7.087017677568286e-07,0,0.002783141177938038,0,6.752344e-05,0
DE_1289 019,DE,0,0.000490227475999713,0,0.013593327984172534,0,0.0010469896,0
DE_1290 378,DE,0,1.860649762642873e-07,0,0.0017944713002772243,0,3.673824e-05,0
DE_1291 000,DE,0,2.1121280099230746e-05,0,0.00011220218276857087,0,0.00015842928,0
DE_1292 340,DE,0,0.0002526238138487174,0,0.003239597947590734,0,0.0005690581,0
DE_1298 005,DE,0,0.005373758434441901,0,0.0945200240823174,0,0.019739352,0
DE_1299 035,DE,0,5.302222005083513e-05,0,0.0014078868019978302,0,0.00010563737,0
DE_1301 356,DE,0,1.1143828529261425e-07,0,0.0006563440842202242,0,0.00012718534,0
DE_1303 378,DE,0,1.7337818052089035e-07,0,0.0009611583518430631,0,0.00015902528,0
DE_1305 378,DE,0,0.0006561803228947872,0,0.08183357655936496,0,0.0013824807,0
DE_1305N082,DE,0,7.152314333207502e-07,0,0.00023504927656341725,0,2.03942e-05,0
DE_1305S082,DE,0,4.27601303806594e-08,0,0.0004210743038582857,0,2.196394e-05,0
DE_1306 409,DE,0,1.8671434282318252e-06,0,0.0009133621961881955,0,3.6227095e-05,0
DE_1307 378,DE,0,5.027874097078045e-07,0,0.007129288634038957,0,4.8639708e-05,0
DE_1308 378,DE,0,1.360310353702993e-07,0,0.006816216718086527,0,0.0002421668,0
DE_1310 067,DE,0,5.291894404173966e-07,0,0.00033817578210901397,0,5.1543175e-05,0
DE_1313 067,DE,0,2.9490606993434385e-06,0,0.01508983058920358,0,7.5282296e-05,0
DE_1315N067,DE,0,3.7850643770618925e-06,0,0.003976178803386957,0,7.546796e-05,0
DE_1315S067,DE,0,3.975704959653596e-06,0,0.0036797361156399207,0,6.416185e-05,0
DE_1317N067,DE,0,1.4150041694579304e-06,0,0.0016144899417183682,0,2.5226094e-05,0
DE_1317S067,DE,0,1.956866888611743e-06,0,0.00023504927656341725,0,3.1932927e-05,0
DE_1318 406,DE,0,1.4900621533231301e-06,0,0.004509521595778091,0,3.6904294e-05,0
DE_1319 407,DE,0,0.00013733754677456623,0,0.029603320443520573,0,0.0009693487,0
DE_1319N067,DE,0,2.5101027654644393e-06,0,0.00013300846023688666,0,2.7169079e-05,0
DE_1319S067,DE,0,1.250371128129333e-06,0,0.00013300846023688666,0,3.1024305e-05,0
DE_1320 397,DE,0,1.2807259241576046e-05,0,0.02703618122323973,0,0.00033004634,0
DE_1321B000,DE,0,3.290357143166914e-05,0,0.00011220218276857087,0,0.00015903666,0
DE_1322 011,DE,0,0.00017477198167145492,0,0.017288730861106827,0,0.00014672858,0
DE_1323 011,DE,0,5.788955095125731e-06,0,0.00460767759955332,0,0.0002469742,0
DE_1324 397,DE,0,4.088300105720733e-06,0,0.0017731429411545453,0,0.00013566793,0
DE_1325 397,DE,0,2.2576485222483812e-06,0,0.004056154389053518,0,0.00030123175,0
DE_1326 364,DE,0,0.008254170519851979,0,0.10595410702125553,0,0.0021825565,0
DE_1327 364,DE,0,6.243720573660367e-05,0,0.0007269648627748435,0,0.00014649623,0
DE_1328N067,DE,0,4.189905432451768e-06,0,0.0012420800415996669,0,6.816627e-05,0
DE_1328S067,DE,0,4.462041115878415e-06,0,0.0019705394083372454,0,5.461344e-05,0
DE_1329N067,DE,0,1.0566475482906639e-05,0,0.00027406415098429025,0,8.374714e-05,0
DE_1329S067,DE,0,2.6789842152301144e-06,0,0.00027406415098429025,0,5.9976745e-05,0
DE_1331A6332,DE,0,1.5810712691680092e-05,0,0.005777548696555336,0,9.03026e-05,0
DE_1331B6338,DE,0,2.0283307524851164e-05,0,0.007203378966208761,0,0.00014109281,0
DE_1331N067,DE,0,3.4243437547884574e-07,0,0.00012337414965986394,0,2.9588764e-05,0
DE_1331S067,DE,0,2.147703932554232e-07,0,2.1333333333333335e-05,0,3.6217425e-05,0
DE_1336 026,DE,0,0.007399098507094849,0,0.04321808973376513,0,0.0034682637,0
DE_1341 6014,DE,0,0.00020176143495093782,0,0.16320101753135893,0,0.0006847043,0
DE_1345 367,DE,0,0.037849977138129196,0,0.13433594880540672,0,0.0074139964,0
DE_1351 387A,DE,0,0.00016416613766245447,0,0.05007951254380274,0,0.001489223,0
DE_1353D 000,DE,0,5.888165398296101e-05,0,0.00038542622648441783,0,0.00024470923,0
DE_1354N387,DE,0,2.9135811340694595e-05,0,0.0012569853409239882,0,5.7947473e-05,0
DE_1354S387,DE,0,2.9241819828033463e-05,0,0.0012569853409239882,0,6.406562e-05,0
DE_1355 356,DE,0,0.0027562197376144026,0,0.037210335091450275,0,0.0002840618,0
DE_1356 048,DE,0,3.14408845569701e-07,0,0.005307425504258327,0,0.00017292569,0
DE_1357 048,DE,0,8.016431939569175e-05,0,0.004595029356568714,0,0.0002458193,0
DE_1361 356,DE,0,6.253390388095445e-06,0,0.017664479445836764,0,0.000111207875,0
DE_1366 399,DE,0,3.6769977757893896e-06,0,0.017629439319419408,0,0.00040603377,0
DE_1367 000,DE,0,3.0766650790186867e-05,0,0.0005516843866204708,0,0.00014955607,0
DE_1377 435,DE,0,0.0003200536634404349,0,0.007695918963323652,0,0.00058269006,0
DE_1386 002,DE,0,0.00024206728184957338,0,0.008264086566756776,0,0.000922988,0
DE_1390 424,DE,0,8.910040336631145e-07,0,0.015593997403373663,0,5.2940668e-05,0
DE_1391 424,DE,0,1.4757220391061252e-05,0,0.06797779228061389,0,0.00040010767,0
DE_1392 424,DE,0,0.0008334384401751027,0,0.04365503267829246,0,0.00059895014,0
DE_1393 441,DE,0,1.6374038376879385e-05,0,0.05497138009500054,0,0.00057505,0
DE_1393N001,DE,0,3.796990510923608e-05,0,0.02638790891954635,0,0.00016317473,0
DE_1393S001,DE,0,3.611435018404854e-05,0,0.03619020179970984,0,0.00023404634,0
DE_1394N022,DE,0,2.0254423700416484e-05,0,0.04765236578625893,0,0.00050940603,0
DE_1394S022,DE,0,3.464076489180848e-05,0,0.0467722755178253,0,0.00017565158,0
DE_1405 429,DE,0,0.00010221507611447873,0,0.024283053363330507,0,0.00023038522,0
DE_1406 430,DE,0,8.660835342803347e-06,0,0.00030994229576292116,0,0.0001669752,0
DE_1407 442,DE,0,0.00012754950600865023,0,0.07984238166995798,0,0.00037272347,0
DE_1410 000,DE,0,3.5375388087593216e-05,0,0.00011220218276857087,0,0.00028390528,0
DE_1413 432,DE,0,1.822427457956168e-05,0,0.00026122928883088106,0,0.00016474059,0
DE_1420 461,DE,0,1.737176257973866e-05,0,0.00030267837324476134,0,0.00015833518,0
DE_1420A420,DE,0,1.231962322348232e-08,0,0.0007947717249503465,0,1.927716e-05,0
DE_1423A423,DE,0,6.12793986159302e-07,0,0.0022945563032735665,0,3.106172e-05,0
DE_1424 446,DE,0,1.0129022693922566e-07,0,0.005568287875524936,0,3.824968e-05,0
DE_1427 459,DE,0,0.00303429069335779,0,0.05797914903505386,0,0.0018240216,0
DE_1432 084,DE,0,8.849237356771349e-07,0,0.00021371594323008392,0,4.960675e-05,0
DE_1433 084,DE,0,7.050862571021991e-09,0,0.003841985287489162,0,6.92462e-05,0
DE_1434 040,DE,0,0.0040171058838360295,0,0.029079870981391278,0,0.00041656097,0
DE_1436 084,DE,0,0.00016677647160100956,0,0.008151410658804889,0,0.00016405009,0
DE_1436A413,DE,0,1.5609298701966488e-06,0,0.006359730367743687,0,5.597933e-05,0
DE_1438 463,DE,0,9.409644652396181e-06,0,0.013111349105740194,0,0.00022557481,0
DE_1438A438,DE,0,1.620694437302438e-07,0,0.0003073985792918127,0,7.573904e-05,0
DE_1440 014,DE,0,0.00020803207531825993,0,0.0738328618450451,0,0.00066685484,0
DE_1443 038,DE,0,0.00012367226784667848,0,0.008826082955898776,0,0.00045268878,0
DE_1444 084,DE,0,7.807708682605162e-05,0,0.0009798744887504801,0,8.073965e-05,0
DE_1445 449,DE,0,0.0012020751821087668,0,0.023663823120966626,0,0.00040243173,0
DE_1447 449,DE,0,2.2014337478267208e-05,0,0.055852484410087645,0,0.00022564857,0
DE_1448 456,DE,0,0.009629877444558088,0,0.17154636843457607,0,0.0037993307,0
DE_1451 455,DE,0,0.0003591997233768564,0,0.09688286571088092,0,0.00022900592,0
DE_1452 449,DE,0,3.426961826139916e-06,0,0.031746200534409866,0,7.118457e-05,0
DE_1454 465,DE,0,1.755829825253993e-05,0,0.00030267837324476134,0,0.00015981239,0
DE_1455 466,DE,0,6.743006340839008e-07,0,0.00030267837324476134,0,0.00014386026,0
DE_1456 045,DE,0,1.3231856908992592e-07,0,0.0027028344150426906,0,4.911682e-05,0
DE_1457 030,DE,0,2.5985134604252203e-05,0,0.025973980563354492,0,0.00025613632,0
DE_1458 413,DE,0,1.7130095597217436e-13,0,0.00176082984534857,0,5.73236e-05,0
DE_1460A413,DE,0,4.677999723078873e-07,0,0.00036505080623472005,0,2.247977e-05,0
DE_1460N084,DE,0,2.276868336358148e-07,0,0.0006074937183843795,0,7.311505e-05,0
DE_1460S084,DE,0,6.939977519270661e-07,0,0.0021739845126044046,0,8.0811435e-05,0
DE_1461 468,DE,0,2.1320480153576798e-07,0,0.0061261508327569774,0,0.00010984419,0
DE_1464 030,DE,0,9.805670325566589e-07,0,0.0007964031318607101,0,4.7486297e-05,0
DE_1465 000,DE,0,0.0002126571348690264,0,0.012413786786397117,0,0.00033538722,0
DE_1466N084,DE,0,7.4309495748276384e-09,0,0.00021945350751313703,0,3.5792145e-05,0
DE_1466S084,DE,0,5.711074165820511e-07,0,0.00021945350751313703,0,3.5792145e-05,0
DE_1467N084,DE,0,1.456651155680756e-08,0,0.00021945350751313703,0,4.5484147e-05,0
DE_1467S084,DE,0,9.776328782766957e-09,0,0.00021945350751313703,0,4.3127042e-05,0
DE_1468N084,DE,0,5.916402098717716e-09,0,0.00040822627776211277,0,0.00011580864,0
DE_1468S084,DE,0,5.919296722260409e-09,0,0.00040822627776211277,0,0.00011580864,0
DE_1470N084,DE,0,3.1946244305598025e-07,0,0.0005102670940886434,0,0.00012923601,0
DE_1470S084,DE,0,2.810730627318146e-07,0,0.0008613644939877239,0,9.742019e-05,0
DE_1471 047,DE,0,7.41260339464591e-05,0,0.008743105380511675,0,0.00010608325,0
DE_1472N084,DE,0,7.253067192268438e-09,0,0.0008826978273210573,0,5.053352e-05,0
DE_1472S084,DE,0,5.468285315011766e-09,0,0.0014896517199892358,0,5.053352e-05,0
DE_1473 040,DE,0,7.961537106368995e-05,0,0.03901872712357006,0,0.00018827955,0
DE_1474 040,DE,0,0.0002482153227807983,0,0.11972268532822573,0,0.0013749073,0
DE_1475 437,DE,0,3.7171070611433166e-09,0,0.009365891137825436,0,9.340379e-05,0
DE_1476 483,DE,0,0.003958594606919936,0,0.06450580041311954,0,0.0022912235,0
DE_1477N084,DE,0,7.131925231076559e-09,0,0.0007046689655091483,0,0.000110492576,0
DE_1477S084,DE,0,8.908164851177377e-09,0,0.00030016099050633434,0,6.570787e-05,0
DE_1479 6617,DE,0,5.154412625275382e-09,0,0.0001981201741798037,0,3.2013544e-05,0
DE_1480N084,DE,0,6.8378343243712e-07,0,0.0001981201741798037,0,6.706346e-05,0
DE_1480S084,DE,0,9.195927333817051e-09,0,0.0001981201741798037,0,6.793875e-05,0
DE_1482 010,DE,0,8.676499501145881e-10,0,0.0004984033806095837,0,2.9290386e-05,0
DE_1486 445,DE,0,5.609642781234706e-07,0,0.0007518292175681076,0,3.2516087e-05,0
DE_1488N001,DE,0,0.0002541769658787044,0,0.06955831204115372,0,0.0005569665,0
DE_1488S001,DE,0,0.00617224205224758,0,0.06235581482407972,0,0.008008554,0
DE_1498 000,DE,0,0.00015326783997029548,0,0.00011220218276857087,0,0.00023961467,0
DE_1499 000,DE,0,0.00019530176601730427,0,0.00852487171262775,0,0.00013941775,0
DE_1501 006,DE,0,0.00012809131690891856,0,0.0029861381556388383,0,0.00016489586,0
DE_1501A6262,DE,0,3.937985815224712e-05,0,0.08799019065293151,0,0.0006814925,0
DE_1501B6263,DE,0,6.515163050599735e-05,0,0.10376703873980217,0,0.00041293664,0
DE_1503 447,DE,0,1.1918660497585508e-06,0,0.006365437369639749,0,2.3062217e-05,0
DE_1504 442,DE,0,1.9164436871321703e-06,0,0.0739972664083814,0,0.0006429563,0
DE_1505 000,DE,0,0.012255071322736403,0,0.03296051899870702,0,0.0002929762,0
DE_1506 399,DE,0,0.0329479816177109,0,0.12518978933989755,0,0.0048241145,0
DE_1507N084,DE,0,6.459394255780992e-07,0,0.001336825359671299,0,9.298247e-05,0
DE_1507S084,DE,0,5.207516489119679e-07,0,0.0012347845433447685,0,7.592873e-05,0
DE_1508B6611,DE,0,2.190657963569186e-05,0,0.00011098691616052296,0,9.946856e-05,0
DE_1509 000,DE,0,0.0202041305165987,0,0.09733179757178219,0,0.0012573897,0
DE_1527 334,DE,0,0.00012562130125396163,0,0.07393972431320979,0,0.0004653009,0
DE_1531 006,DE,0,0.0016710335923879618,0,0.00994003258930447,0,0.0023578608,0
DE_1536 231,DE,0,2.6609609650721232e-05,0,0.000359794963214184,0,0.0001287191,0
DE_1542 213,DE,0,0.0001516600648562246,0,0.00015529693065924948,0,0.00017329726,0
DE_1543 213,DE,0,1.7130506171490834e-05,0,0.01533730224639903,0,0.0005255748,0
DE_1545 203,DE,0,5.3957297845928536e-05,0,0.0011949211136657854,0,8.859289e-05,0
DE_1550 024,DE,0,0.07712704894766353,0,0.16393912445881498,0,0.0049651233,0
DE_1552 024,DE,0,3.00782460912353e-06,0,0.0005635910716574597,0,8.9530746e-05,0
DE_1555 356,DE,0,2.9384908190216867e-06,0,0.012234520467894422,0,8.426608e-05,0
DE_1558 050,DE,0,0.020751370397239136,0,0.03760572620579163,0,0.0012529161,0
DE_1559 050,DE,0,1.9034373531826976e-07,0,0.005425289831697446,0,0.00014970958,0
DE_1567 220,DE,0,9.384800051477163e-07,0,0.00014679325503045668,0,6.447208e-05,0
DE_1567A501,DE,0,2.2222814528735233e-10,0,0.0006032101558781232,0,3.189476e-05,0
DE_1570 004,DE,0,1.8220918951272457e-07,0,0.0054041001689561444,0,0.00023567406,0
DE_1572 211,DE,0,1.6892060423094107e-05,0,0.00014074338403125081,0,0.00014423841,0
DE_1575 024,DE,0,5.448476406327859e-06,0,0.01650724417951786,0,0.00032249553,0
DE_1576 043,DE,0,4.3083439306039944e-05,0,0.01845413759845806,0,0.00049930223,0
DE_1577 050,DE,0,4.012720246685015e-06,0,0.016234971976049728,0,0.00026451916,0
DE_1578 050,DE,0,5.702336978382205e-08,0,0.006297995434123741,0,0.0001446112,0
DE_1579 502,DE,0,1.858883013284478e-07,0,0.0032406716452176272,0,9.9749624e-05,0
DE_1585 049,DE,0,6.373711104571904e-05,0,0.037461315063908034,0,0.0012364449,0
DE_1587 267,DE,0,4.040711174841331e-06,0,0.043728144718939266,0,0.00023227808,0
DE_1589 009,DE,0,0.007193213349536051,0,0.025590771063596102,0,0.0010016799,0
DE_1600 006,DE,0,1.6662439613589454e-12,0,0.008232351905944292,0,0.00058903755,0
DE_1601 6003,DE,0,0.00012813173751111,0,0.1639322962723472,0,0.0010337608,0
DE_1603 294,DE,0,1.7973232287753084e-05,0,0.00043785519936069317,0,8.483725e-05,0
DE_1604 006,DE,0,0.0008672131094756543,0,0.010924678382172592,0,0.0008095889,0
DE_1606 006,DE,0,3.43772033408779e-05,0,0.018202433685218816,0,0.00075129955,0
DE_1608 009,DE,0,0.00010929715623450559,0,0.00849040124703405,0,0.0014804206,0
DE_1609 237,DE,0,0.000491357005023909,0,0.0009563007957243442,0,0.012018737,0
DE_1609A000,DE,0,1.1134685728091142e-07,0,0.03176840036576832,0,0.0006766788,0
DE_1609B000,DE,0,1.3681074842460568e-05,0,0.02761830569233794,0,0.0001651632,0
DE_1609D000,DE,0,5.934561489062067e-06,0,0.010479266384702507,0,4.4775556e-05,0
DE_1622 314,DE,0,3.277286516369853e-05,0,0.03797922405028589,0,0.00033347518,0
DE_1623 000,DE,0,4.62758621842652e-05,0,0.0021501321088373587,0,0.00018182871,0
DE_1629 027,DE,0,3.1802200646288538e-06,0,0.007704236637093246,0,9.471048e-05,0
DE_1631 011,DE,0,7.421992454596076e-05,0,0.02421160639298622,0,0.0005814496,0
DE_1632 011,DE,0,0.0007417108267681007,0,0.01880189101163355,0,0.0011206378,0
DE_1633 011,DE,0,0.00022875479931445207,0,0.0570799077803399,0,0.00030856158,0
DE_1634 027,DE,0,2.8568860863815827e-06,0,0.03569734036374914,0,0.00043304532,0
DE_1635E011,DE,0,3.2264298248412887e-06,0,0.0044973986868188254,0,0.0004015358,0
DE_1635W011,DE,0,3.047618308823292e-06,0,0.012251492174740058,0,0.0004309028,0
DE_1640 011,DE,0,7.039347124097623e-05,0,0.01364943530599244,0,0.00047116404,0
DE_1641 387,DE,0,3.938454109971874e-06,0,0.011257315677565957,0,0.00034606946,0
DE_1645 351,DE,0,9.796386717140903e-05,0,0.013042784221791394,0,0.00028164015,0
DE_1648E018,DE,0,2.483604055783842e-07,0,0.00023504927656341725,0,3.7931404e-05,0
DE_1648W018,DE,0,1.6787489028603687e-07,0,0.00039569184684454175,0,3.2676486e-05,0
DE_1649 387,DE,0,0.005621282242753792,0,0.049922626921094684,0,0.0011439066,0
DE_1649A387,DE,0,8.096102991835329e-05,0,0.07679069969565917,0,0.0010683713,0
DE_1651 332,DE,0,1.6690316458358332e-06,0,0.0010317641789165906,0,8.911644e-05,0
DE_1655 031,DE,0,0.17287773106012302,0,0.09795329520742263,0,0.009267515,0
DE_1658 000,DE,0,6.958479290508426e-05,0,0.00011220218276857087,0,0.00024791528,0
DE_1659 000,DE,0,1.3469293431587516e-05,0,0.0003014631066367134,0,0.00028288126,0
DE_1660 082,DE,0,0.00020590158105678012,0,0.015942940282063896,0,0.004044407,0
DE_1661 034G,DE,0,0.01027643341515889,0,0.04176106009918083,0,0.0019975568,0
DE_1662 032,DE,0,1.6674157508059894e-11,0,0.00023709005249339282,0,8.981721e-05,0
DE_1666 033,DE,0,6.1803511246700356e-06,0,0.00827785006233206,0,7.741952e-05,0
DE_1667S033,DE,0,1.223197361008013e-05,0,0.0036821072995851687,0,9.722679e-05,0
DE_1672 026,DE,0,0.0005353553962397536,0,0.014057029846680677,0,0.00017871654,0
DE_1675 006,DE,0,5.4838110840410427e-08,0,0.0005577694310758328,0,0.00010058223,0
DE_1676 006,DE,0,5.683583546683418e-09,0,0.00013300846023688666,0,3.7979655e-05,0
DE_1677 006,DE,0,8.49678324682794e-09,0,0.0008532885414704117,0,7.607055e-05,0
DE_1678 006,DE,0,3.4370618202187006e-06,0,0.011391249555815093,0,0.0002434837,0
DE_1680 006,DE,0,0.00027368068776615706,0,0.06523385106705289,0,0.0009788675,0
DE_1683 029,DE,0,3.250795599631351e-05,0,0.00023709005249339282,0,0.000114185954,0
DE_1684 028,DE,0,0.3312289594698025,0,0.1912326719330559,0,0.014706564,0
DE_1685 000,DE,0,1.5267231881771564e-05,0,0.031041848900901982,0,0.0027042108,0
DE_1686 029,DE,0,8.126445221163472e-08,0,0.013352246456273547,0,0.0001385439,0
DE_1687 029,DE,0,0.0008794132531506045,0,0.060585603766928585,0,0.00052639254,0
DE_1688 029,DE,1,0.8118585133840259,0,0.13472937605893742,0,0.038739722,0
DE_1691 029B,DE,0,8.632131401348664e-06,0,0.0035448777900002316,0,3.9654657e-05,0
DE_1691A029B,DE,0,5.683744647211781e-08,0,0.006471502061595208,0,3.7968286e-05,0
DE_1693 050,DE,0,0.0063182981993930775,0,0.03289911590469156,0,0.00060847885,0
DE_1696 360,DE,0,0.00012100887764381634,0,0.09569894936709858,0,0.00035517832,0
DE_1698 000,DE,0,1.9721652977581226e-05,0,0.05494044037103325,0,0.0019712416,0
DE_1698A000,DE,0,0.000283350522450657,0,0.18250383482473145,0,0.00093315734,0
DE_1698B000,DE,0,0.0023343604034228023,0,0.050249042219920256,0,0.001496669,0
DE_1701 397,DE,0,0.00018108002843703476,0,0.12621970786203035,0,0.00058039895,0
DE_1702 367,DE,0,0.00024156181244830617,0,0.12479867354856751,0,0.0009827071,0
DE_1703 387,DE,0,5.7317600302420844e-05,0,0.0822836817250747,0,0.0005666631,0
DE_1703A387,DE,0,7.216442782020347e-07,0,0.046375095140239256,0,0.0008354293,0
DE_1704 056,DE,0,0.0016312047855326173,0,0.015130580903130336,0,0.0003061415,0
DE_1705 056,DE,0,0.033114531131602426,0,0.0652766012377127,0,0.011077665,0
DE_1706 056,DE,0,1.959338632895333e-11,0,0.03792553049054647,0,0.0004104336,0
DE_1708 056,DE,0,0.002857759462190737,0,0.04213657795477175,0,0.0012586609,0
DE_1709 056,DE,0,0.19159339474394593,0,0.07644500319466258,0,0.023077974,0
DE_1711 348,DE,0,0.00039955833334081047,0,0.10261791559236455,0,0.0006589803,0
DE_1714 347,DE,0,1.8834578629772038e-08,0,0.006084043794716123,0,6.122788e-05,0
DE_1714A347,DE,0,1.920839768958143e-08,0,0.016293824444630626,0,7.241589e-05,0
DE_1715 018,DE,0,8.694956903566381e-05,0,0.017017513690520132,0,0.00074789964,0
DE_1715A6048,DE,0,0.013833536635756174,0,0.15393638792202374,0,0.00653306,0
DE_1715B6047,DE,0,0.007406502278536643,0,0.18048359852174073,0,0.020516666,0
DE_1715C6047,DE,0,0.00022693787416990993,0,0.014260645895879064,0,0.00050151977,0
DE_1715D6048,DE,0,0.0002164005738895408,0,0.08823661511407681,0,0.00065200013,0
DE_1716 056,DE,0,0.00019481814630190825,0,0.04721054052585789,0,0.0006027268,0
DE_1716A6059,DE,0,0.0373216043853218,0,0.05729082950969536,0,0.0013485894,0
DE_1716B6058,DE,0,2.9838565114560604e-07,0,0.0001720233346577596,0,5.240127e-05,0
DE_1716C6058,DE,0,1.4479541499924335e-06,0,0.0008518037764371041,0,8.548269e-05,0
DE_1716D6058,DE,0,1.5784192907461537e-06,0,0.00475816320746419,0,0.000106376516,0
DE_1717 056,DE,0,8.305488450546571e-06,0,0.010322241287734084,0,0.00012613674,0
DE_1717A6053,DE,0,1.141935413753812e-06,0,0.003221483736469589,0,0.00012176439,0
DE_1718 339,DE,0,7.407413783557945e-07,0,0.0004915339301503094,0,4.017541e-05,0
DE_1719 056,DE,0,0.12521671851956115,0,0.06339992930029456,0,0.016628664,0
DE_1720 056,DE,0,0.0023964996379164205,0,0.016146543117668045,0,0.00077212683,0
DE_1727 056,DE,0,0.012014513929274896,0,0.0517792340097417,0,0.0014285158,0
DE_1728 6116,DE,0,0.00037750149157754834,0,0.18109290191518246,0,0.0005899025,0
DE_1729 056,DE,0,0.00021103801185062758,0,0.03463381156715652,0,0.0010482196,0
DE_1733 019,DE,0,0.05269041842158697,0,0.17701763295987927,0,0.038372483,0
DE_1734 019,DE,0,0.06680187604557665,0,0.1397973895654659,0,0.021006513,0
DE_1735I6121,DE,0,8.65570636458481e-05,0,0.0,0,0.00015769919,0
DE_1736 056,DE,0,0.0015254559875341872,0,0.03599617336263017,0,0.0009295603,0
DE_1737 056,DE,0,2.6914134295960474e-05,0,0.015636546876682898,0,0.00020545853,0
DE_1737A056,DE,0,0.009098125454882158,0,0.03695618900006438,0,0.00285208,0
DE_1737B056,DE,0,0.006154161648784157,0,0.05719373347824687,0,0.0021309492,0
DE_1738 059,DE,0,0.00119860540292923,0,0.04826904254383448,0,0.0012482313,0
DE_1739 059,DE,0,0.0012484179479861912,0,0.038074844034474316,0,0.0009936431,0
DE_1740 060,DE,0,0.00018958396700372075,0,0.08065047296656067,0,0.0006842359,0
DE_1744 059,DE,0,0.03500913151671648,0,0.03819486290524816,0,0.0016657257,0
DE_1745 059,DE,0,0.00015236011290459468,0,0.04613960517577463,0,0.00046339072,0
DE_1746 059,DE,0,0.000135326485170106,0,0.021917147488252384,0,0.0005697409,0
DE_1748 059,DE,0,0.0004009196850120098,0,0.0585306613458631,0,0.0015949233,0
DE_1748N059,DE,0,3.652543793839911e-05,0,0.05511824492878865,0,0.0013947443,0
DE_1748S059,DE,0,3.9697520067942355e-05,0,0.07365366909826988,0,0.0014690832,0
DE_1749 6142,DE,0,5.190753984878284e-06,0,0.2077669378700391,0,0.0013539399,0
DE_1750 6148,DE,0,8.490519007706123e-07,0,0.03885724755315698,0,0.00032397718,0
DE_1751 000,DE,0,5.540419222272105e-06,0,0.02265046153116746,0,0.00020710795,0
DE_1752 000,DE,0,8.59623887342056e-06,0,0.018446156977851666,0,0.00013792688,0
DE_1753 000,DE,0,0.00029669768619129764,0,0.0734564103259771,0,0.00037846755,0
DE_1754 000,DE,0,0.0002994529252981016,0,0.11766049399595024,0,0.00032057718,0
DE_1755 000,DE,1,0.6827335185120921,0,0.25396550002909973,0,0.026360614,0
DE_1756 6167,DE,0,0.018510443606002923,0,0.1705962323015584,0,0.002695152,0
DE_1757 009,DE,0,0.010334606593051332,0,0.11039030280564392,0,0.0013905287,0
DE_1758E6141,DE,0,4.919090341764316e-06,0,0.029855872132809342,0,0.00042609574,0
DE_1758F6149,DE,0,7.319839438278049e-06,0,0.02412738958825392,0,0.0002713527,0
DE_1758G6149,DE,0,2.7640576235000917e-06,0,0.014746103460098511,0,0.00022868998,0
DE_1758H057,DE,0,6.281204050849037e-07,0,0.005766871613207136,0,9.4598465e-05,0
DE_1759 059,DE,0,0.09443600325012877,0,0.04635735101548252,0,0.0018220128,0
DE_1760 504,DE,0,0.00013530263071543597,0,0.08270189897094797,0,0.0003538133,0
DE_1762 6175,DE,0,1.2399247783323987e-06,0,0.0015398287402057325,0,9.600688e-05,0
DE_1763 6175,DE,0,1.4988683959556276e-08,0,0.003038682221688497,0,8.75393e-05,0
DE_1764 6175,DE,0,7.331959714178764e-07,0,0.0030125996634972657,0,0.00014289192,0
DE_1766 059,DE,0,0.00019705456405578342,0,0.11523769874286667,0,0.0004716941,0
DE_1767 059,DE,0,0.0001617042861985276,0,0.09199278174676068,0,0.00048344958,0
DE_1768 059,DE,0,0.018701602609703064,0,0.06165066938442372,0,0.0018906046,0
DE_1769 059,DE,0,0.019520452491686473,0,0.034075963084803484,0,0.003256872,0
DE_1771 059,DE,0,0.00013724038031354146,0,0.020494743135817402,0,0.00017723456,0
DE_1772 059,DE,0,0.01423731456833702,0,0.09576712461304861,0,0.00095103215,0
DE_1774 059,DE,0,3.979069421014291e-08,0,0.0014814814814814814,0,7.902349e-05,0
DE_1775 059,DE,0,0.00019106640438578144,0,0.058402559240641416,0,0.00065945496,0
DE_1776 059,DE,0,0.0001896186711976865,0,0.058402559240641416,0,0.000676291,0
DE_1781 059,DE,0,0.012726384849860072,0,0.024867788599148358,0,0.0004439193,0
DE_1782 059,DE,0,0.00016932246783306438,0,0.033511541898290635,0,0.0002788789,0
DE_1785 209,DE,0,0.00018849068093422668,0,0.09801573551959487,0,0.00058549753,0
DE_1786 059,DE,0,0.013617664524023024,0,0.03836730533692437,0,0.000770625,0
DE_1787 059,DE,0,0.014286821941340237,0,0.03848925655643656,0,0.000770625,0
DE_1788 059,DE,0,8.407805406849674e-06,0,0.0,0,8.314557e-05,0
DE_1790 059,DE,0,0.00013212356260611027,0,0.05226640517289787,0,0.00057179015,0
DE_1791 059,DE,0,0.00013212374462775274,0,0.05226640517289787,0,0.00057179015,0
DE_1792 060,DE,0,0.00016591954050863275,0,0.052066065953752204,0,0.0009089888,0
DE_1795 017,DE,0,0.00021428421936719403,0,0.09960079038547431,0,0.00074735394,0
DE_1796 017,DE,0,7.925009360512669e-05,0,0.0718441566554992,0,0.0008369711,0
DE_1797 6202,DE,0,0.00010423299794426557,0,0.16304657223417138,0,0.0010666435,0
DE_1799 060,DE,0,1.7725385846785695e-05,0,0.00020736132711249354,0,8.899772e-05,0
DE_1800 060,DE,0,0.0017004185957078567,0,0.06028539621294244,0,0.00054406363,0
DE_1802 060,DE,0,0.00014744093620250748,0,0.08635786245398595,0,0.0003830516,0
DE_1803 060,DE,0,0.0002322856779912444,0,0.08635786245398595,0,0.0003830516,0
DE_1804 060,DE,0,2.9553571776508628e-06,0,0.0024228910187731973,0,0.00016761805,0
DE_1805 060,DE,0,1.8384407784228551e-06,0,0.0014235918568861676,0,0.000109816545,0
DE_1806 060,DE,0,2.464054317472327e-06,0,0.0050072711069420435,0,0.00015432718,0
DE_1807 060,DE,0,1.4440485234679995e-06,0,0.008435571859260497,0,0.00015991696,0
DE_1808 6217,DE,0,0.0002288643621507284,0,0.12012135235123357,0,0.00063593994,0
DE_1809 369,DE,0,3.3260650142987864e-05,0,0.03104087132229413,0,0.00020942811,0
DE_1810 060,DE,0,6.864642138942222e-06,0,0.0018994460324267355,0,0.00017364809,0
DE_1811 060,DE,0,7.212411767103691e-05,0,0.013714121484164338,0,0.00037502506,0
DE_1812 060,DE,0,0.00024403076089642235,0,0.026616432196313284,0,0.0003782488,0
DE_1813 060,DE,0,0.04689903102854602,0,0.02742643571093288,0,0.0014449959,0
DE_1814 009,DE,0,4.478656891959408e-06,0,0.015002908114673925,0,0.00014165996,0
DE_1815 009,DE,0,6.4266024220798855e-06,0,0.025215218213901328,0,0.000104822684,0
DE_1816 6231,DE,0,0.008935565481093609,0,0.040301272003363205,0,0.0019369022,0
DE_1817N060,DE,0,8.383126030398227e-05,0,0.0053199707521533355,0,0.0001521463,0
DE_1817S060,DE,0,0.00011884767550346588,0,0.0053199707521533355,0,0.0001521463,0
DE_1818 6234,DE,0,0.009373748380313423,0,0.0474619025753854,0,0.0018073287,0
DE_1819N060,DE,0,0.00033215014207615886,0,0.0035639717550764974,0,0.00013068304,0
DE_1819S060,DE,0,0.00035425429042187055,0,0.0035639717550764974,0,0.00013068304,0
DE_1820N060,DE,0,0.004537014123892847,0,0.0042181366901786225,0,0.0009049873,0
DE_1820S060,DE,0,0.002477399182846995,0,0.005263168924128465,0,0.0005159793,0
DE_1821N060,DE,0,4.122147387871034e-05,0,0.0049513689358094085,0,0.00034621332,0
DE_1821S060,DE,0,0.003161480346576344,0,0.0049513689358094085,0,0.00087251596,0
DE_1822N060,DE,0,5.023277962757965e-06,0,0.0028869193670937863,0,0.00015970484,0
DE_1822S060,DE,0,4.618873109886067e-06,0,0.0035805612687431388,0,0.00015560014,0
DE_1826N060,DE,0,0.00017898624224402235,0,0.017653634938849236,0,0.00025029795,0
DE_1826S060,DE,0,9.66862792556888e-05,0,0.0030722845890149204,0,0.00023956876,0
DE_1828 060,DE,0,5.38262062279746e-07,0,0.00036297953737106207,0,6.083085e-05,0
DE_1829 000,DE,0,0.00018967314371138,0,0.10644373183967253,0,0.0004974396,0
DE_1830 024,DE,0,7.08538973861978e-05,0,0.010304972501480249,0,0.0012540545,0
DE_1831 060,DE,0,0.00020008006056821393,0,0.03250004737886219,0,0.0008225626,0
DE_1864 215B,DE,0,9.077680642938323e-09,0,0.02002090921658762,0,0.00010004292,0
DE_1893N082,DE,0,1.7422620607366834e-06,0,0.0004210743038582857,0,3.6016932e-05,0
DE_1893S082,DE,0,2.0549090355533195e-06,0,0.0011076145025936067,0,3.6016932e-05,0
DE_1900N082,DE,0,7.294693666322858e-07,0,0.00027406415098429025,0,4.6524554e-05,0
DE_1900S082,DE,0,7.671056535128545e-09,0,0.0001720233346577596,0,4.4025695e-05,0
DE_1901N082,DE,0,3.234751838010831e-06,0,0.0007185085954287346,0,6.3980515e-05,0
DE_1901S082,DE,0,3.234751838010831e-06,0,0.0007185085954287346,0,6.3980515e-05,0
DE_1903N082,DE,0,0.00029059089303780047,0,0.0006164677791022041,0,0.00010969671,0
DE_1903S082,DE,0,0.0001542543997850883,0,0.0001720233346577596,0,0.0001407209,0
DE_1904N083,DE,0,2.9328077621643615e-08,0,0.004972757969712393,0,6.8616275e-05,0
DE_1904S083,DE,0,2.254015820211979e-06,0,0.004972757969712393,0,6.8616275e-05,0
DE_1905N083,DE,0,1.070895786269546e-06,0,0.003253856723603501,0,7.493121e-05,0
DE_1905S083,DE,0,1.2630669874828188e-06,0,0.0033558975399300313,0,7.493121e-05,0
DE_1906N083,DE,0,7.377414925030869e-07,0,0.004042601694192857,0,4.127828e-05,0
DE_1906S083,DE,0,9.718893029348661e-07,0,0.0033271545397213116,0,5.999728e-05,0
DE_1907N080,DE,0,2.6213538423559902e-06,0,0.0014542493833714812,0,2.5332794e-05,0
DE_1907S080,DE,0,1.4908624186080835e-06,0,0.0008195486589722073,0,2.7681317e-05,0
DE_1908N080,DE,0,1.6914597604607772e-06,0,0.00256687089409932,0,3.1684038e-05,0
DE_1908S080,DE,0,1.4639485578184711e-06,0,0.00023504927656341725,0,3.3054435e-05,0
DE_1909N080,DE,0,7.973331418690612e-07,0,0.00752302023126232,0,0.000120640776,0
DE_1909S080,DE,0,2.152805713275065e-06,0,0.0019963661489914007,0,5.3521842e-05,0
DE_1910N080,DE,0,8.581730267613143e-07,0,0.0007478294553739741,0,3.4813133e-05,0
DE_1910S080,DE,0,2.4740001767080308e-06,0,0.0007478294553739741,0,5.516366e-05,0
DE_1911N080,DE,0,1.661002288369171e-06,0,0.00013300846023688666,0,2.6580808e-05,0
DE_1911S080,DE,0,1.5948223866048663e-06,0,0.00013300846023688666,0,2.6580808e-05,0
DE_1912N083,DE,0,4.671258850959632e-07,0,0.0006484510286379381,0,6.6577406e-05,0
DE_1912S083,DE,0,4.6873660753787103e-07,0,0.0006484510286379381,0,6.6577406e-05,0
DE_1914N080,DE,0,1.8416885860117462e-06,0,0.005110459818522884,0,5.913598e-05,0
DE_1914S080,DE,0,1.6309523608105933e-06,0,0.0019232907508243172,0,6.257824e-05,0
DE_1932N083,DE,0,5.455209511600083e-09,0,0.001159701693277774,0,5.797295e-05,0
DE_1932S083,DE,0,5.434051505583786e-07,0,0.00021652118891468761,0,5.4624998e-05,0
DE_2001A001,DE,0,0.00011433240571749286,0,0.03517066118039825,0,0.00023699652,0
DE_2001C001,DE,0,8.50756717410547e-09,0,0.0025688210784313727,0,3.8110124e-05,0
DE_2002C002,DE,0,1.0534033615272576e-05,0,0.021307403295795436,0,0.0004133279,0
DE_2002D002,DE,0,4.6237492822389015e-05,0,0.07842855723920227,0,0.00026667028,0
DE_2003A024,DE,0,1.8484680978725826e-06,0,0.0014045483956769203,0,0.00014666773,0
DE_2003B003,DE,0,3.628987408917925e-08,0,0.0006590459508907082,0,8.115455e-05,0
DE_2003C003,DE,0,0.0007991829312848173,0,0.005449999929028508,0,0.0002720695,0
DE_2004A004,DE,0,8.87899997094331e-08,0,0.0008585516976742084,0,4.475455e-05,0
DE_2005C005,DE,0,9.417989136758193e-07,0,0.011379020172204598,0,0.003785177,0
DE_2005D005,DE,0,2.3610015338374394e-07,0,0.0005779196042053185,0,6.678463e-05,0
DE_2007B008,DE,0,8.658706116707885e-05,0,0.006310310992021216,0,9.720889e-05,0
DE_2008A008,DE,0,2.1101825339789178e-05,0,0.024630963000661855,0,0.00034665788,0
DE_2008B008,DE,0,0.00011281517470742799,0,0.025622131799975953,0,0.0003748351,0
DE_2008C120,DE,0,9.152306607668092e-07,0,0.0017122532426753034,0,3.489826e-05,0
DE_2008D008,DE,0,7.772404640857587e-07,0,0.000960768224459003,0,8.492637e-05,0
DE_2008E010A,DE,0,8.1183287059481e-07,0,0.015288981507374844,0,3.093741e-05,0
DE_2008F010,DE,0,7.093493611597433e-10,0,0.002214743119083292,0,1.7524504e-05,0
DE_2008G010,DE,0,2.1097319624865992e-08,0,0.0006601284479950284,0,1.2699184e-05,0
DE_2008H008,DE,0,0.00014697088160964112,0,0.12426795148899529,0,0.0028623436,0
DE_2008I008,DE,0,0.011220259912080525,0,0.15265413718643442,0,0.009605092,0
DE_2008J008,DE,0,0.00013589155154745676,0,0.04837496282823274,0,0.00046347576,0
DE_2008K008,DE,0,5.430788319247009e-10,0,0.003010151286568451,0,6.18409e-05,0
DE_2008L008,DE,0,8.118363121796309e-09,0,0.0008532885414704117,0,5.6282835e-05,0
DE_2009A009,DE,0,1.543933199771776e-07,0,0.011281697142826376,0,3.914495e-05,0
DE_2009D009,DE,0,8.554166710727417e-07,0,0.0023966467578711258,0,6.7292414e-05,0
DE_2010A009,DE,0,1.4451824976269257e-05,0,0.041992291863669054,0,0.00091749086,0
DE_2012B012,DE,0,0.024482690759901202,0,0.31185157520647855,0,0.0031391482,0
DE_2012C012,DE,0,1.641334047072314e-08,0,0.0007964031318607101,0,3.0690077e-05,0
DE_2013 000,DE,0,3.4788549131592926e-05,0,0.004504434340332347,0,9.593925e-05,0
DE_2014B014,DE,0,1.7738506923694652e-08,0,0.000565946135742064,0,1.6645134e-05,0
DE_2014C014,DE,0,9.808260478492582e-07,0,0.009701752198204284,0,4.6112087e-05,0
DE_2016A016,DE,0,0.00023208598387273836,0,0.03170089350622361,0,0.0011417315,0
DE_2016B016,DE,0,4.888437167183207e-05,0,0.0003670588857323439,0,7.237191e-05,0
DE_2017A016,DE,0,1.8668533643621044e-07,0,0.011209143726816967,0,0.00012973124,0
DE_2017B017,DE,0,1.9629698847813562e-06,0,0.0019116260850770845,0,4.425844e-05,0
DE_2019A019,DE,0,1.6886713224546758e-09,0,0.0013722470790421928,0,6.4855754e-05,0
DE_2019B019,DE,0,2.0857556688465176e-07,0,0.002289633111184584,0,5.349067e-05,0
DE_2021A021,DE,0,0.0003382578336691408,0,0.21362366143914854,0,0.00069659535,0
DE_2023A023,DE,0,0.0016497399970744008,0,0.03680651948668529,0,0.0014393431,0
DE_2024A024,DE,0,3.214230025824066e-05,0,0.033849208471162025,0,0.0003423566,0
DE_2024B024,DE,0,7.925526646015814e-05,0,0.01687912940059767,0,0.0017304575,0
DE_2027A027,DE,0,0.0006810822527153204,0,0.015474761394969295,0,0.0012706715,0
DE_2027B027,DE,0,0.00046747084151790754,0,0.009941969592095454,0,0.0011444117,0
DE_2027D027,DE,0,7.451196605982666e-06,0,0.00030761093183089564,0,0.000109355606,0
DE_2029A029,DE,0,4.853271139544234e-05,0,0.004765367118269507,0,0.00021953518,0
DE_2031A031,DE,0,2.734975507653779e-10,0,0.0005361881045281169,0,4.636152e-05,0
DE_2033B033,DE,0,2.4518424923569936e-08,0,0.00028405528212580993,0,1.8329638e-05,0
DE_2035A035,DE,0,1.6491452824131482e-05,0,0.019401299023604882,0,0.00011807132,0
DE_2035B035,DE,0,1.5770105703259723e-05,0,0.0008162492088429578,0,4.8358786e-05,0
DE_2035C035,DE,0,7.025645751015641e-05,0,0.00011220218276857087,0,0.00017241712,0
DE_2036A036,DE,0,4.581447153423449e-06,0,0.025848352998592172,0,0.002170618,0
DE_2042A042,DE,0,9.321632510129328e-05,0,0.005167205394662964,0,0.0007431035,0
DE_2050A050,DE,0,5.278798357677587e-07,0,0.0046151414359416835,0,0.00011592918,0
DE_2053B053,DE,0,7.166968747687944e-05,0,0.0013001280764903065,0,0.00024729487,0
DE_2053D053,DE,0,7.120093405442869e-05,0,0.028601843595729984,0,0.00019066132,0
DE_2059E059,DE,0,0.024533936178565974,0,0.07011872850479559,0,0.0017344012,0
DE_2060B060,DE,0,0.04808699686973277,0,0.06710408482001727,0,0.0026348387,0
DE_2063A063,DE,0,0.00011867934729665248,0,0.08368515399691519,0,0.00027504485,0
DE_2064A076,DE,0,1.0789008681012254e-06,0,0.00870896654692671,0,0.00012681246,0
DE_2065A065,DE,0,0.0002671577494577258,0,0.006645607539028915,0,0.00066883396,0
DE_2065C065,DE,0,0.0011117308234349925,0,0.001066436253521774,0,0.000200644,0
DE_2066A066,DE,0,5.937457716887032e-05,0,0.00011220218276857087,0,0.00011628946,0
DE_2066B066,DE,0,2.809448370143851e-06,0,0.010076082812858331,0,3.1706375e-05,0
DE_2067A067,DE,0,0.00022821825152224008,0,0.0033436970515504346,0,8.100077e-05,0
DE_2067C067,DE,0,1.1085160870427448e-07,0,0.001174669835019637,0,3.9612027e-05,0
DE_2069A099,DE,0,0.0008359629990398417,0,0.009879048256488443,0,0.00045547305,0
DE_2084A084,DE,0,1.0569596396432468e-07,0,0.001740302612498363,0,4.528968e-05,0
DE_2084B084,DE,0,2.1241310580543007e-07,0,0.0017512056959696047,0,8.215668e-05,0
DE_2084C084,DE,0,1.5695736849643553e-06,0,0.00140934240645412,0,2.9922066e-05,0
DE_2086A086,DE,0,1.8605693851181478e-07,0,0.002858075125212756,0,3.3314627e-05,0
DE_2088A088,DE,0,3.6435928871981216e-05,0,0.00011220218276857087,0,7.2406845e-05,0
DE_2088B088,DE,0,8.79274001614137e-07,0,0.007926610191848404,0,4.9874754e-05,0
DE_2091A091,DE,0,2.6328791820347262e-05,0,8.97554936552151e-05,0,0.00018601422,0
DE_2094A094,DE,0,0.0001516366148423165,0,0.0032243321538329667,0,0.0003699728,0
DE_2095A095,DE,0,1.1115254090265244e-05,0,0.014177211943699837,0,0.00037774054,0
DE_2100A100,DE,0,3.2551902818448345e-05,0,0.0015935390187601063,0,0.000120259116,0
DE_2103A103,DE,0,2.210725780512377e-05,0,0.019017899353957937,0,0.00017037836,0
DE_2104A104,DE,0,0.00022984902947668874,0,0.061591835701414736,0,0.0009985717,0
DE_2104B104,DE,0,0.000205587835661738,0,0.004278005725635328,0,0.00040482037,0
DE_2104C104,DE,0,0.0001979130910935822,0,0.0871706759332664,0,0.0016558494,0
DE_2111A111,DE,0,7.771252524307756e-05,0,0.000359794963214184,0,0.00023939885,0
DE_2114A114,DE,0,5.756340684903348e-06,0,0.000359794963214184,0,0.00010314027,0
DE_2118A118,DE,0,8.684623986153568e-05,0,0.0012388136087633022,0,0.00022665167,0
DE_2124B124,DE,0,3.474571479739325e-06,0,0.037027367439967096,0,0.00020094897,0
DE_2133A133,DE,0,0.00020822152430651002,0,0.00015529693065924948,0,0.00035123428,0
DE_2137B137,DE,0,0.0013238813780447692,0,0.006689977994029701,0,0.00059149857,0
DE_2143A143,DE,0,0.00014837091650564478,0,0.007643974829731249,0,0.00022965293,0
DE_2156A156,DE,0,2.492437460051226e-06,0,0.0062411057760755895,0,0.00029059302,0
DE_2156C156,DE,0,8.982566383218727e-08,0,0.0004074294317856739,0,3.5829748e-05,0
DE_2156N151,DE,0,1.1174857233092584e-06,0,0.009213691308806322,0,0.00017356583,0
DE_2156S151,DE,0,1.689294036226668e-08,0,0.007004335731370798,0,0.00021746727,0
DE_2157N151,DE,0,1.0044621111840894e-08,0,0.027581452691973995,0,0.00013283582,0
DE_2157S151,DE,0,8.571001496286698e-09,0,0.011887271751767164,0,0.00014636958,0
DE_2158A158,DE,0,4.075055925778412e-05,0,0.00016931877273799355,0,5.6894616e-05,0
DE_2162A162,DE,0,1.6074624080887067e-07,0,0.0018355846497276073,0,4.3603646e-05,0
DE_2163A163,DE,0,0.00010260613512191767,0,0.00032390979575006924,0,0.00019639845,0
DE_2185A185,DE,0,0.0015515587016874236,0,0.04516272884737371,0,0.00052080833,0
DE_2186A186,DE,0,9.136032022820124e-08,0,0.004473798062838525,0,9.3696646e-05,0
DE_2190B190,DE,0,7.480797439347993e-05,0,0.002452693519968897,0,0.00012953569,0
DE_2191 000,DE,0,7.63923941874955e-06,0,0.00011220218276857087,0,0.000118267395,0
DE_2195A195,DE,0,2.202654332652729e-06,0,0.0007550052163640519,0,5.0302544e-05,0
DE_2203A203,DE,0,2.789688619589985e-07,0,0.014806571089080312,0,0.0004722315,0
DE_2207A207,DE,0,0.0030128496941902064,0,0.058823955432916304,0,0.0012652664,0
DE_2208A208,DE,0,1.7676989535793613e-09,0,0.0087394223594416,0,4.5750203e-05,0
DE_2208B208,DE,0,1.9514258507602244e-07,0,0.010188651768113788,0,6.988757e-05,0
DE_2208C208,DE,0,3.665933129777856e-07,0,0.006133358127530883,0,9.367271e-05,0
DE_2210A210,DE,0,7.71860328607424e-07,0,0.007301421467949846,0,8.146897e-05,0
DE_2211A211,DE,0,0.188690534847223,0,0.11804047229260138,0,0.004463021,0
DE_2212A212,DE,0,2.451294066450652e-07,0,0.010902742996070705,0,0.00010973301,0
DE_2213A213,DE,0,1.5817380832689889e-06,0,0.008213473530965092,0,0.000102291946,0
DE_2214A214,DE,0,4.058876766305759e-05,0,0.022961705087646608,0,9.8807184e-05,0
DE_2220A220,DE,0,1.5191067952058459e-05,0,0.000359794963214184,0,0.00014582892,0
DE_2221A221,DE,0,6.574453310166027e-05,0,0.000359794963214184,0,0.00020970425,0
DE_2222A222,DE,0,3.843099851558343e-07,0,0.011354665065262391,0,0.00013783037,0
DE_2223A223,DE,0,1.4896501849105798e-07,0,0.0007323577245649708,0,7.281267e-05,0
DE_2225A225,DE,0,8.051382360733619e-05,0,0.002097851300654468,0,0.00018086263,0
DE_2227B227,DE,0,6.346003870518751e-05,0,0.00011220218276857087,0,0.00027238307,0
DE_2249A249,DE,0,0.003122784642255089,0,0.014079640549286048,0,0.00083890854,0
DE_2254A254,DE,0,4.170536701773419e-06,0,0.00045170547930707157,0,0.00012171888,0
DE_2266A266,DE,0,3.160490054576237e-06,0,0.000353666263620797,0,0.00011396894,0
DE_2268A268,DE,0,2.12153307440569e-05,0,0.006311686104783668,0,0.00021491355,0
DE_2284A284,DE,0,0.0015096193890281797,0,0.009668347055292143,0,0.00030873402,0
DE_2285A285,DE,0,0.011629453490261895,0,0.10047691547103323,0,0.0010563823,0
DE_2286A286,DE,0,1.6670360139206324e-05,0,0.00030267837324476134,0,0.00012437743,0
DE_2291A291,DE,0,2.924711777536838e-05,0,0.00030267837324476134,0,0.00022274382,0
DE_2294A294,DE,0,3.899579269082191e-06,0,0.008034266766679303,0,0.00013081582,0
DE_2294B294,DE,0,9.562518326410136e-06,0,0.012567015139794064,0,6.7012894e-05,0
DE_2299B299,DE,0,0.00012545053536225115,0,0.10546720621771435,0,0.0005995359,0
DE_2304C304,DE,0,0.0010454391461550755,0,0.06707760381683425,0,0.00071989273,0
DE_2305A305,DE,0,4.0766729031877075e-06,0,0.02331736200806227,0,0.00031395062,0
DE_2307A307,DE,0,6.39208559644983e-08,0,0.005804489800356444,0,0.00025096128,0
DE_2308B308,DE,0,2.8039273814446062e-05,0,0.0002062848210352852,0,0.00032215996,0
DE_2345 345,DE,0,1.9447428755823383e-08,0,0.004557368485730243,0,3.0706586e-05,0
DE_2356A356A,DE,0,3.4491021051651207e-07,0,0.002357138839092257,0,9.0684625e-05,0
DE_2356B356,DE,0,7.1297357355370445e-06,0,0.0651738089691823,0,0.0012783909,0
DE_2356C356,DE,0,0.00011425776042808597,0,0.059061423750356494,0,0.00065137906,0
DE_2357B357,DE,0,2.421017754622444e-07,0,0.003534579254193352,0,6.317718e-05,0
DE_2363A363,DE,0,0.0003162526835659695,0,0.015874815448817033,0,0.0006009564,0
DE_2364B364,DE,0,7.755020327056691e-07,0,0.0045150303612249134,0,6.284328e-05,0
DE_2371A371,DE,0,7.77717995865773e-05,0,0.00033121957450744124,0,0.00015457254,0
DE_2371C371,DE,0,1.272992934198233e-05,0,0.00014074338403125081,0,0.000205107,0
DE_2378B378,DE,0,0.00011766649476753598,0,0.0006739066088426931,0,0.0001623912,0
DE_2380A380,DE,0,3.110738311022031e-08,0,0.030988693430328413,0,0.000383561,0
DE_2381A381,DE,0,8.780570970689388e-05,0,0.0019252967276513911,0,0.00014220143,0
DE_2384A384,DE,0,0.00012248901285852857,0,0.05750103700851494,0,0.0003676246,0
DE_2384C384,DE,0,1.4937018062662668e-05,0,0.00030267837324476134,0,0.000105155465,0
DE_2388A388,DE,0,1.8544715055808533e-06,0,0.002916992408999666,0,2.5050182e-05,0
DE_2388B388,DE,0,3.8253229529271435e-06,0,0.002779528103541096,0,3.0975523e-05,0
DE_2389A389,DE,0,6.896132031533945e-08,0,0.005677010929995166,0,5.6006244e-05,0
DE_2390C390,DE,0,0.0013124526138858675,0,0.054441611777701064,0,0.0012055316,0
DE_2398B398,DE,0,0.00019303577716408567,0,0.12022849112663174,0,0.00038994907,0
DE_2409A409,DE,0,2.7638897476076432e-05,0,0.021443652365992428,0,0.00012026588,0
DE_2409B409,DE,0,5.422989545757347e-09,0,0.004599397648628687,0,4.8858623e-05,0
DE_2418A418,DE,0,0.00038091664023150125,0,0.06783687374921069,0,0.0014858023,0
DE_2429A429,DE,0,1.0216922862911316e-05,0,0.000359794963214184,0,8.497189e-05,0
DE_2430A430,DE,0,6.007180289897516e-05,0,0.0043380524983782495,0,0.00011701259,0
DE_2443B443,DE,0,2.8188843528585975e-05,0,0.00016319007314460657,0,0.00015815925,0
DE_2501 000,DE,0,5.461256368452854e-06,0,0.051060090077869213,0,0.0005135209,0
DE_2502 020,DE,0,1.612438113439854e-07,0,0.0009305932091046756,0,9.3442e-05,0
DE_2503 000,DE,0,0.00029060376224559554,0,0.008693036011364239,0,0.00061604346,0
DE_2504 000,DE,0,0.01485298709375213,0,0.10482385118203336,0,0.003165928,0
DE_2505 000,DE,0,2.6973592570925676e-07,0,0.003198010921541975,0,7.5594726e-05,0
DE_2915N150,DE,0,6.1535539819807994e-06,0,0.0008206320522188581,0,7.533092e-05,0
DE_2915S150,DE,0,6.1535539819807994e-06,0,0.0008206320522188581,0,7.533092e-05,0
DE_2916N150,DE,0,6.010562622470213e-06,0,0.0020353810234122736,0,6.53247e-05,0
DE_2916S150,DE,0,5.22903811939291e-06,0,0.0020353810234122736,0,6.53247e-05,0
DE_2917N150,DE,0,8.64688015570745e-09,0,0.0001720233346577596,0,3.5320594e-05,0
DE_2917S150,DE,0,1.499210741851703e-08,0,0.00013300846023688666,0,2.7727101e-05,0
DE_2918N150,DE,0,9.021792695026974e-07,0,0.00013300846023688666,0,2.7058592e-05,0
DE_2918S150,DE,0,1.6970974262698567e-06,0,0.0019559122953358436,0,2.9431085e-05,0
DE_2919N150,DE,0,9.576082118372995e-07,0,0.002457354139249232,0,4.8986032e-05,0
DE_2919S150,DE,0,5.555577016823954e-06,0,0.0017556282729293644,0,5.2827298e-05,0
DE_2920N150,DE,0,9.486782869930742e-07,0,0.0012693720966005229,0,2.9726585e-05,0
DE_2920S150,DE,0,5.228550586704035e-07,0,0.0012693720966005229,0,2.8644248e-05,0
DE_2921E7046,DE,0,3.920441946579792e-08,0,0.006492812849701379,0,0.00015663994,0
DE_2921W7045,DE,0,6.432676722274865e-08,0,0.004200945889624492,0,6.070655e-05,0
DE_2922N150,DE,0,2.0414419167574762e-06,0,0.00013300846023688666,0,2.4881094e-05,0
DE_2922S150,DE,0,2.0417360002445177e-06,0,0.00013300846023688666,0,2.4881094e-05,0
DE_2923N150,DE,0,1.0212813657597927e-06,0,0.002577937048956325,0,2.7776246e-05,0
DE_2923S150,DE,0,1.681674717068522e-06,0,0.0008195486589722073,0,2.6669117e-05,0
DE_2924N150,DE,0,1.5882959736015982e-06,0,0.0018083869710213958,0,4.3736287e-05,0
DE_2924S150,DE,0,2.5899375032796803e-06,0,0.0019253460353488812,0,7.165444e-05,0
DE_2925 150,DE,0,2.6855188234127263e-06,0,0.0059773860779139595,0,0.00010231244,0
DE_2926 150A,DE,0,4.0040825232624935e-06,0,0.0027058342222956704,0,8.495512e-05,0
DE_2927N150,DE,0,7.384557852630698e-06,0,0.0007185085954287346,0,5.749112e-05,0
DE_2927S150,DE,0,7.5245514504710255e-06,0,0.0007185085954287346,0,5.749112e-05,0
DE_2929E150A,DE,0,2.410199036663387e-06,0,0.01338350633402755,0,9.041773e-05,0
DE_2929W150A,DE,0,5.1091626341422405e-06,0,0.010449273944608288,0,0.000116792755,0
DE_2930E150A,DE,0,4.224791933855833e-07,0,0.00021945350751313703,0,7.185211e-05,0
DE_2930W150A,DE,0,5.445767267346997e-07,0,0.00032149432383966767,0,7.185211e-05,0
DE_2931 150A,DE,0,4.936476150400839e-06,0,0.009852072730346663,0,8.006708e-05,0
DE_3001 014,DE,0,0.00023643743699539054,0,0.1061939020779417,0,0.00042895504,0
DE_3002 036,DE,0,0.0003641591122134742,0,0.10598003555987874,0,0.00020387766,0
DE_3003N007,DE,0,0.00024062998259035008,0,0.07949245740834411,0,0.00039942306,0
DE_3003S007,DE,0,0.000216134884753227,0,0.14911894339467807,0,0.0004995098,0
DE_3004 206,DE,0,2.2583489318743195e-09,0,0.00020190581155734135,0,3.9941126e-05,0
DE_3102 612,DE,0,9.706003739582443e-05,0,0.00035401819340633874,0,0.00031953366,0
DE_3108 016,DE,0,0.00025671045233484954,0,0.0984479599511243,0,0.0008725076,0
DE_3112 404,DE,0,1.285800178701684e-05,0,0.012518310656030198,0,0.00013991103,0
DE_3121 602,DE,0,4.908494903461117e-05,0,0.00015529693065924948,0,0.00035330755,0
DE_3122 567A,DE,0,9.260634630532615e-05,0,0.0007238552778477752,0,0.00012899887,0
DE_3128 545,DE,0,0.0015219687564671912,0,0.15573664149595576,0,0.001494268,0
DE_3129 040,DE,0,1.7811109593790734e-05,0,0.010690597007391387,0,8.645347e-05,0
DE_3130 040,DE,0,1.0547832834152278e-05,0,0.009295949390660687,0,0.000112182846,0
DE_3131 600,DE,0,3.634625483536044e-06,0,0.18680930644835433,0,0.00051035103,0
DE_3132 565,DE,0,4.204756351844123e-05,0,0.000359794963214184,0,0.00018724476,0
DE_3139 597,DE,0,4.211093539152781e-05,0,0.00030267837324476134,0,0.00026278268,0
DE_3140 597,DE,0,3.585518874765385e-10,0,6.705105498359352e-05,0,3.5444024e-05,0
DE_3143 583A,DE,0,1.275855831621814e-05,0,0.000353666263620797,0,0.00031664543,0
DE_3146A004,DE,0,0.014163689138716474,0,0.014784639435395052,0,0.00056196726,0
DE_3150N014,DE,0,3.508973395772209e-06,0,0.011765903214767304,0,0.00010852372,0
DE_3150S014,DE,0,7.532029553047581e-05,0,0.025155254943634412,0,0.00031384017,0
DE_3151 013,DE,0,0.04771846526421256,0,0.1656666841293908,0,0.018340645,0
DE_3152 013,DE,0,1.2387825012169243e-07,0,0.02146029172508567,0,0.0007359988,0
DE_3153 015,DE,0,0.0003022900717421406,0,0.015836155016060012,0,0.00021483446,0
DE_3154 018,DE,0,0.030402754140300588,0,0.10812814307806325,0,0.0035463956,0
DE_3154A023,DE,0,0.010629285421788823,0,0.1552730420562329,0,0.0021740713,0
DE_3154B019A,DE,0,6.315845637953402e-06,0,0.12895911566834672,0,0.0018887385,0
DE_3154C019A,DE,0,2.649560376342521e-06,0,0.0959894783317843,0,0.0023761257,0
DE_3155N014,DE,0,4.988197231561778e-07,0,0.011142832494901245,0,0.00028961833,0
DE_3155S014,DE,0,0.00044700411239751716,0,0.07308583460328467,0,0.0009845537,0
DE_3156 050,DE,0,9.92801049060639e-06,0,0.006969479675377174,0,0.00015982671,0
DE_3161 028A,DE,0,0.014828235926837704,0,0.13142797167282608,0,0.0016213353,0
DE_3162 466,DE,0,2.5432109244273566e-07,0,0.021417268458264974,0,0.00019386533,0
DE_3163 493,DE,0,0.00048167135455241605,0,0.18127523693775624,0,0.00080403424,0
DE_3164 036,DE,0,0.00046018094390756916,0,0.20362001195222817,0,0.0011680028,0
DE_3202 013,DE,0,0.0010150709412034395,0,0.012539133712745704,0,0.0019364791,0
DE_3215 536,DE,0,2.1486614717919393e-06,0,0.0030255426924577517,0,8.0266305e-05,0
DE_3216 536,DE,0,0.0006614134886973055,0,0.022154760329661606,0,0.0007707918,0
DE_3217 542A,DE,0,8.386585652237569e-05,0,0.0004661428422413529,0,0.0003037517,0
DE_3224 546,DE,0,8.95440343284483e-06,0,0.00030267837324476134,0,0.00011877155,0
DE_3231 018,DE,0,0.00015525466016734434,0,0.05453315910415345,0,0.00039412323,0
DE_3232 018,DE,0,1.8567205686192508e-05,0,0.0630112178944456,0,0.00046354227,0
DE_3235 525,DE,0,1.1775274856609522e-07,0,0.03425179697884551,0,6.879403e-05,0
DE_3236 046,DE,0,8.945318756487116e-06,0,0.00030267837324476134,0,0.000105155465,0
DE_3237 046,DE,0,0.0006571004023289517,0,0.049096538309328856,0,0.0009802468,0
DE_3238 046,DE,0,0.0017620588783872925,0,0.007926391442038608,0,0.00026005498,0
DE_3239 046,DE,0,0.000249450601314331,0,0.08370378962623945,0,0.00070690596,0
DE_3240 046,DE,0,7.382290676134735e-08,0,0.0010153845838281864,0,7.799254e-05,0
DE_3241 534,DE,0,9.556036422149476e-07,0,0.007558966301263512,0,8.628751e-05,0
DE_3242 535,DE,0,0.01029543293876605,0,0.276651416671714,0,0.0073142466,0
DE_3247 483,DE,0,4.934180282209578e-06,0,0.011907371068683385,0,0.0002743843,0
DE_3249 484,DE,0,0.0027524234599936217,0,0.04648570805429489,0,0.00035137497,0
DE_3251 524,DE,0,4.34641091350142e-07,0,0.019228446625701584,0,0.0002055818,0
DE_3253N003,DE,0,0.00046606936492440433,0,0.14054262869178605,0,0.0019575795,0
DE_3253S003,DE,0,0.0004649224700109815,0,0.14831367215790897,0,0.0020396467,0
DE_3254N003,DE,0,0.0002412393246255194,0,0.0833261307517371,0,0.0012744009,0
DE_3254S003,DE,0,0.00028451722329720524,0,0.0840126709504724,0,0.0012744009,0
DE_3255 003,DE,0,2.0629195206603003e-05,0,0.000960768224459003,0,0.00021363237,0
DE_3256 535B,DE,0,0.0006247123685200754,0,0.14545370626525425,0,0.0008805123,0
DE_3257E021,DE,0,0.0026621451092376045,0,0.11482848381880591,0,0.0022428404,0
DE_3257W021,DE,0,4.063913864693168e-06,0,0.021549252541029504,0,0.00013314182,0
DE_3258 536,DE,0,0.0033364792652313536,0,0.06301969899947797,0,0.00088452327,0
DE_3305 492,DE,0,8.489475971738543e-07,0,0.0015750064648506305,0,4.9894687e-05,0
DE_3306 493,DE,0,1.1627655692573634e-07,0,0.002600331399125948,0,6.459294e-05,0
DE_3308 494,DE,0,9.481423372948024e-06,0,0.04413986410197846,0,0.00033975558,0
DE_3314 024,DE,0,0.008874089297465314,0,0.08921195210455518,0,0.0031955254,0
DE_3323 447,DE,0,3.542155699763428e-05,0,0.00030267837324476134,0,0.00021284127,0
DE_3329 000,DE,0,0.010321883184104881,0,0.0548869837897935,0,0.003349293,0
DE_3347 449,DE,0,4.822918812020015e-07,0,0.032304529787665924,0,0.00023881273,0
DE_3348 463,DE,0,8.870447444375174e-06,0,0.021005368354097748,0,0.00014217527,0
DE_3349 072,DE,0,0.005061825246292677,0,0.05081742504239142,0,0.0006163827,0
DE_3350 072,DE,0,8.779101482266576e-09,0,0.0033731875351228,0,8.1207654e-05,0
DE_3352 434,DE,0,6.7283186425209304e-06,0,0.000353666263620797,0,0.00020908196,0
DE_3357 451,DE,0,0.0074917554438182704,0,0.029605949347069737,0,0.0011284583,0
DE_3365N002,DE,0,0.00034184887617470203,0,0.08356401351779852,0,0.0011733382,0
DE_3365S002,DE,0,0.0002620625142490549,0,0.08141682740583601,0,0.00077355414,0
DE_3366 493,DE,0,2.4498203646542614e-06,0,0.021593682874184478,0,0.00020266516,0
DE_3368 466,DE,0,6.747061725051725e-05,0,0.0006330190069300311,0,0.00015615633,0
DE_3377 501,DE,0,6.122874835983996e-05,0,0.00015529693065924948,0,0.00018038884,0
DE_3410 113,DE,0,4.32574763848434e-06,0,0.000960768224459003,0,0.00011383382,0
DE_3420 058,DE,0,6.524539388085746e-08,0,0.005393225972676211,0,7.541954e-05,0
DE_3421 058,DE,0,6.281755408272818e-08,0,0.005393225972676211,0,6.786383e-05,0
DE_3424 026,DE,0,6.250030560388453e-05,0,0.005188512402403741,0,0.000106533145,0
DE_3425 026,DE,0,1.311494638483337e-07,0,0.0009709883969716921,0,3.9076655e-05,0
DE_3429 026,DE,0,6.394266579509874e-06,0,0.016771925704711373,0,4.9262893e-05,0
DE_3437 058,DE,0,3.443754023618056e-07,0,0.05058252848945538,0,0.00044151713,0
DE_3438 382A,DE,0,1.8935649949633095e-07,0,0.008884148441760055,0,0.0001657547,0
DE_3440 382,DE,0,2.447919218601255e-06,0,0.0036846944905657045,0,2.9306006e-05,0
DE_3442 092,DE,0,2.6781421870076378e-06,0,0.00970731849785662,0,0.00024004088,0
DE_3443 376,DE,0,4.1741306550005035e-06,0,0.00016319007314460657,0,9.8553115e-05,0
DE_3445 054,DE,0,5.5323644435692816e-08,0,0.0012036545869347065,0,3.944819e-05,0
DE_3450 382,DE,0,6.894141724086701e-05,0,0.006714739555870675,0,0.0003088703,0
DE_3453 361,DE,0,2.1073061749316027e-06,0,0.010494773632056566,0,8.365998e-05,0
DE_3454 357,DE,0,4.4473904695880925e-06,0,0.04620646184154666,0,0.00018761487,0
DE_3456 363,DE,0,0.0004494725431201496,0,0.0475816118442016,0,0.0010912223,0
DE_3460 381,DE,0,2.380395031415582e-07,0,0.007861703748418198,0,0.00022758693,0
DE_3462 390A,DE,0,0.00011849623388154641,0,0.0021896987779468145,0,0.00022970287,0
DE_3463 396,DE,0,0.00011376431874289577,0,0.0023656778775508597,0,0.00021534882,0
DE_3490 394A,DE,0,6.986728415668665e-05,0,0.0028084588169413286,0,0.00055264536,0
DE_3504 113,DE,0,0.0003371834561927995,0,0.00872874396375251,0,0.0014302043,0
DE_3508 113,DE,0,4.6527507355371366e-11,0,0.02193361508315856,0,0.0007312518,0
DE_3514 024,DE,0,2.6582193493650204e-06,0,0.0004915339301503094,0,1.8616845e-05,0
DE_3523 334,DE,0,0.00020420670469776161,0,0.05404374917673007,0,0.00034881601,0
DE_3524 083,DE,0,2.458027580642301e-05,0,0.00011220218276857087,0,0.00012743044,0
DE_3525 331,DE,0,0.0011515958897348295,0,0.03510062382798067,0,0.0008731671,0
DE_3527 326,DE,0,0.00015093719220994354,0,0.006354178688925078,0,0.00016241474,0
DE_3530 410,DE,0,0.013054546152138838,0,0.0493139061041257,0,0.00071566267,0
DE_3537 402,DE,0,5.454205772736549e-06,0,0.000353666263620797,0,0.00013587106,0
DE_3553 060,DE,0,3.004829537956442e-05,0,0.00173888597954801,0,0.00015982549,0
DE_3555 060,DE,0,2.0874170129308245e-05,0,0.00173888597954801,0,0.00023849303,0
DE_3558 417,DE,0,4.765090911511188e-08,0,0.0012036545869347065,0,2.7238786e-05,0
DE_3564 413,DE,0,2.7775988418649436e-05,0,0.00030267837324476134,0,0.00015399365,0
DE_3569 419,DE,0,1.935369762441648e-05,0,0.0002062848210352852,0,0.00024603034,0
DE_3583 026,DE,0,1.2759797124530772e-05,0,0.0005485546796637127,0,7.43726e-05,0
DE_3592 412,DE,0,4.115587371357675e-05,0,0.00015529693065924948,0,0.0003055033,0
DE_3593 412,DE,0,4.445957373323599e-06,0,0.000353666263620797,0,0.00016574663,0
DE_3617 113,DE,0,6.603369790104061e-05,0,0.0017447823988136506,0,4.849585e-05,0
DE_3630 593,DE,0,7.388829701977737e-06,0,0.00030267837324476134,0,0.00014519165,0
DE_3631 579,DE,0,1.3270398921426025e-05,0,0.000359794963214184,0,8.685597e-05,0
DE_3634 040,DE,0,0.02080996461655435,0,0.12840537096669694,0,0.0030493597,0
DE_3636 565,DE,0,6.006891834605253e-06,0,0.03346734340837583,0,0.00029782215,0
DE_3642 018,DE,0,0.00024353241179843595,0,0.00929105775911106,0,0.00090855674,0
DE_3644 018,DE,0,0.00025811154988780185,0,0.05205928477813729,0,0.0012457969,0
DE_3653 484,DE,0,0.00016353548209394555,0,0.000359794963214184,0,0.00031351572,0
DE_3659 028,DE,0,0.009582101609636176,0,0.016981102410981573,0,0.0034175436,0
DE_3670 432,DE,0,2.1565688541951117e-05,0,0.00040071758893103586,0,0.00012247998,0
DE_3673 048,DE,0,7.902137480668396e-08,0,0.028159182196811974,0,0.00029053955,0
DE_3706 000,DE,0,0.0004979786551009458,0,0.004437435489349771,0,0.0002733026,0
DE_3707 050,DE,0,1.9364180320735275e-05,0,0.10651714190047468,0,0.0011693453,0
DE_3708 024,DE,0,8.707003850032413e-07,0,0.0016785475404900536,0,7.125887e-05,0
DE_3709 024,DE,0,0.00018135007708581523,0,0.005337757997058568,0,0.0002906365,0
DE_3713 277,DE,0,8.551036343197256e-06,0,0.0007780457445607761,0,9.3727576e-05,0
DE_3714 266,DE,0,0.00015991042867404825,0,0.028048856487933614,0,0.0004652696,0
DE_3715 267,DE,0,1.2256152575685543e-05,0,0.0020094432056315358,0,0.000213972,0
DE_3717 257,DE,0,0.0006153680667782114,0,0.04084213925609378,0,0.00069092953,0
DE_3725N014,DE,0,9.610032342414553e-05,0,0.07540394655718297,0,0.0007864547,0
DE_3725S014,DE,0,0.00011326342323463738,0,0.08793726941767986,0,0.0007864547,0
DE_3808 197,DE,0,3.5422209399936395e-06,0,0.012506922837853231,0,7.630937e-05,0
DE_3809 022,DE,0,8.4783597963219e-08,0,0.0008207710182761529,0,5.0862804e-05,0
DE_3811 016,DE,0,8.983571017715386e-08,0,0.0017826784060655724,0,3.6506204e-05,0
DE_3812 016,DE,0,0.0020701572457058324,0,0.040027401108691914,0,0.0012824868,0
DE_3815N014,DE,0,1.5992714798561001e-09,0,0.0002850992170453087,0,8.079156e-05,0
DE_3815S014,DE,0,2.2381669698783887e-07,0,0.004806117117500067,0,0.00013109979,0
DE_3818 038,DE,0,0.0002649222532121753,0,0.3554406050749603,0,0.0014640703,0
DE_3822 039,DE,0,1.1375455250972228e-08,0,0.00216100819104814,0,8.6878834e-05,0
DE_3908 633,DE,0,4.059904124151072e-06,0,0.01368185962502745,0,7.7567616e-05,0
DE_3911 036,DE,0,1.7884316577977423e-06,0,0.042214775701125716,0,0.00024528644,0
DE_3920 212,DE,0,2.4722719931213404e-05,0,0.0026295013821491446,0,4.717005e-05,0
DE_3924 224,DE,0,1.6456016482295007e-05,0,0.0015655477764790005,0,0.00018410536,0
DE_3930 225,DE,0,4.445892375293399e-05,0,0.0004425428164538405,0,6.536483e-05,0
DE_3933N014,DE,0,9.618745592570264e-07,0,0.0028290957194870656,0,0.000102358106,0
DE_3933S014,DE,0,0.0016003432354025182,0,0.002936389644145819,0,0.00017628381,0
DE_3940 038,DE,0,0.018850062240354255,0,0.13573274766400673,0,0.0010414945,0
DE_000000001494016,DE,0,0.1344098286423075,0,0.08045697212587097,0,0.0039222348,0
DE_000000001495034,DE,0,0.08180402336998388,0,0.22476548442295585,0,0.025604647,0
DE_000000001496002,DE,0,0.007943384449268988,0,0.3013990798836785,0,0.017990936,1
DE_1902 082,DE,1,0.8027490213491625,0,0.010887541717127235,0,0.0005671232,0
